id,ra,dec,otype
SDSS J220233.06+171823.6,330.637751,17.306576,G
2dFGRS TGS426Z100,352.8716666666666,-32.43194444444444,G
WiggleZ R01J005820116-01122461,14.5838545,-1.206863,G
WiggleZ R01J005927050-00000768,14.8627434,-0.0021600000000000005,G
[RTG2015] 1699,53.169587,-27.808736,G
GAMA J092436.22+001521.7,141.15094,0.25603,G
WINGS J222710.06-303134.5,336.79196,-30.526239999999994,G
COSMOS2015 1057406,149.82704166666667,2.9055833333333334,G
[RTG2015] 1826,53.166457,-27.808128,G
SDSS J151826.59+414022.3,229.61082956509208,41.67288098322472,G
SDSS J094605.66+030941.6,146.523588,3.1615570000000006,G
WiggleZ R01J010026121+00155628,15.1088724,0.26560500000000004,G
WiggleZ R01J005937844-02255115,14.907719500000004,-2.430904,G
SDSS J155548.50+440922.8,238.95212537614955,44.15633429315583,G
WiggleZ S15J150302904+03373058,225.76209789999996,3.6251599999999993,G
LCRS B234329.9-391321,356.53029166666664,-38.94488888888888,G
SDSS J094452.38+214330.7,146.218283,21.725200000000005,G
2MASX J01091916-2151506,17.32994916669208,-21.86397611898556,G
WiggleZ S15J150418359+04015351,226.07649589999997,4.031532,G
WISE J182813.59+615308.4,277.05664537174005,61.88564792312833,G
GAMA 3032976,174.64014,0.32383,G
WiggleZ R01J005828457+01310218,14.618609500000002,1.517245,G
2dFGRS TGS140Z342,9.037999999999998,-26.486833333333333,G
WISE J070331.55-713743.6,105.88141694380832,-71.62872683975526,G
LCRS B005442.6-394408,14.262833333333333,-39.465361111111115,G
2dFGRS TGS204Z073,6.1729166666666675,-28.086388888888887,G
SDSS J151216.01+442632.0,228.06675634261126,44.442207009452495,G
WiggleZ S15J150444179+04453463,226.1840791,4.759618000000001,G
SDSS J000944.61+140656.7,2.4359070000000003,14.11575,G
2dFGRS TGS858Z267,5.663333333333332,-11.891666666666666,G
NGP9 F268-0754370,191.50979166666667,36.03122222222222,G
2MASX J04374941-2544099,69.4558857493871,-25.736230509097496,G
SDSS J090137.66+201220.3,135.406947,20.205647,G
SDSS J154419.31+421744.2,236.08048831221458,42.29562435575639,G
COSMOS2015 1021930,149.825875,2.8533055555555555,G
WiggleZ S15J150236183+00005179,225.6507621,0.014384999999999998,G
VIPERS 114149786,34.781881,-5.002543,G
[FBC2017] J134709.7-113413.9,206.79041666666666,-11.570527777777777,G
LCRS B001301.3-412409,3.8809583333333335,-41.124694444444444,G
2MASX J18523110+5711430,283.1299658806779,57.19544311745834,G
WiggleZ R01J005944823+04434086,14.936801600000003,4.727989000000001,G
LEDA  407441,300.08625000000006,-55.634166666666665,G
COSMOS2015 1019217,149.75849999999997,2.8526944444444444,G
GAMA 797218,140.88323,-0.67311,G
GAMA 83779,173.93508,0.45507,G
LEDA  381989,35.90083333333333,-58.11694444444444,G
WiggleZ S15J150326112+06060456,225.85880179999998,6.101267,G
WISE J190411.43+523409.5,286.0476159260162,52.56932025577556,G
2MASS J13355299+5444221,203.97091532249996,54.73949569995,G
WiggleZ S15J150212613+06315605,225.55255329999997,6.532235000000001,G
COSMOS2015 260182,150.19579166666668,1.6795555555555555,G
COSMOS2015 1020501,149.72775000000001,2.854333333333334,G
WiggleZ R01J005931867+01270061,14.882818,1.4501410000000001,G
2MASX J18262050+6125188,276.58569156095086,61.42196408587362,G
WiggleZ S15J150229497+02570569,225.62290379999996,2.95158,G
COSMOS2015 1027815,149.74983333333333,2.864638888888889,G
WiggleZ S15J150229647+04380049,225.62353109999998,4.633469999999999,G
LCRS B222516.9-411702,337.0577916666667,-41.02833333333333,G
COSMOS2015 784406,149.44079166666666,2.4877777777777776,G
SDSS J143038.23+031157.2,217.65930299999997,3.199244,G
LEDA 2049997,229.35875,34.489444444444445,G
WiggleZ S15J150437390+05043187,226.1557931,5.07552,G
WiggleZ R01J005954328+01341185,14.976404500000001,1.569931,G
2dFGRS TGS457Z082,28.512916666666662,-32.29555555555555,G
SDSS J001325.88-011029.3,3.357833,-1.1748219999999998,G
SDSS J150442.00+013633.1,226.17503,1.6091950000000002,G
2MASX J19355425+4702588,293.9762934807387,47.0497512955025,G
LEDA 1928616,186.15140699781998,31.03275994039,G
COSMOS2015 1046967,149.7829583333333,2.8914999999999997,G
WISE J192349.54+480606.7,290.9563762807554,48.10173547473527,G
WiggleZ S15J150339745+04390634,225.9156056,4.651762,G
2MFGC 13963,264.81726249999997,-62.619947222222216,G
WISE J193318.66+504821.6,293.3277275702558,50.80600092014194,G
WISE J192707.37+481858.7,291.7807779684658,48.316364051312206,G
WiggleZ R01J005838584+04180164,14.660804500000001,4.300427,G
WiggleZ S15J150441702+02382710,226.17375959999998,2.6408609999999997,G
SDSSCGB 9830.1,121.30292727403001,36.82831414257,G
WiggleZ S15J150409769+06125317,226.04070569999996,6.21477,G
COSMOS2015 1015390,149.86745833333333,2.8472500000000003,G
SDSSCGB 3933.3,226.34157116590998,13.12171171533,G
SDSSCGB 46147.1,13.3256018696,-9.665354395039998,G
GAMA J092451.11-000542.4,141.21296,-0.09513999999999999,G
WiggleZ R01J005940056-02254488,14.916938500000004,-2.429162,G
SDSS J082051.82+234324.3,125.215946,23.723427,G
COSMOS2015 1050555,149.82783333333333,2.896027777777778,G
LEDA 1782252,253.7572482609,26.606051754069995,G
WiggleZ S15J150235435+02043204,225.6476453,2.0755649999999997,G
SDSSCGB 18414.1,150.71982379462,22.92094711404,G
SDSS J151728.09+030919.6,229.367042,3.155444,G
COSMOS2015 1030729,149.753,2.868916666666667,G
COSMOS2015 1035866,149.78004166666665,2.8761111111111113,G
WISE J043802.66-241353.4,69.51112606508374,-24.231523391098055,G
LEDA 3787581,185.59808939133998,27.724917419729998,G
LEDA 1487057,226.73110887544996,15.529782584710002,G
COSMOS2015 258151,149.72879166666667,1.6761388888888886,G
WiggleZ R01J005859013-00013310,14.7459249,-0.025889,G
[RTG2015] 4762,53.155898,-27.787948,G
COSMOS2015 1030421,149.83612499999998,2.8675833333333336,G
COSMOS2015 1033593,149.74295833333335,2.872611111111111,G
COSMOS2015 1037663,149.72887500000002,2.8784444444444444,G
COSMOS2015 932705,150.50465,2.71517,G
LCRS B000842.0-411806,2.8052083333333333,-41.023472222222225,G
2dFGRS TGS313Z216,40.16908333333333,-29.14313888888889,G
2MASX J16073848-3304125,241.91023071152995,-33.070198366949995,G
SDSS J010112.50+001739.7,15.302111,0.294389,G
GAMA J092145.55-003539.1,140.43979,-0.5942,G
2MASX J18134301+5004343,273.42929860792,50.07628885860612,G
WiggleZ R01J010033315+01415310,15.138848500000002,1.6980550000000003,G
SDSS J151812.40+030503.9,229.55167,3.084423,G
SDSSCGB 59915.3,155.94020416666666,42.09640555555556,G
WiggleZ S15J150344343+05255232,225.9347616,5.431200000000001,G
2MASX J18480354+5716280,282.01472780406294,57.274527402697494,G
SDSS J092125.23+175530.3,140.355165,17.925090000000004,G
WiggleZ R01J005806655+00535050,14.527767899999999,0.897333,G
SDSS J100002.63+062857.0,150.01098,6.482503999999999,G
WiggleZ R01J005905811-01520274,14.774251,-1.8674570000000001,G
WiggleZ S15J150430945+04432397,226.128938,4.723325,G
SDSS J140224.85+212856.5,210.603559,21.482387,G
SDSS J095353.72+024949.7,148.473871,2.8304859999999996,G
WiggleZ R01J005906942+03510837,14.778960999999997,3.8522980000000002,G
2MASX J18562564+6012151,284.1065063452112,60.20416286130805,G
2MASX J23262834-2458069,351.6181862866,-24.968559664700003,G
WiggleZ S15J150436236+06452867,226.1509833,6.757963999999999,G
WISE J181926.88+563739.5,274.86213981301626,56.62769593105889,G
WiggleZ R01J005848523+00391431,14.7022149,0.653946,G
WISE J183917.98+504425.7,279.82487061437,50.740554484258055,G
SDSS J092344.33+074621.2,140.934717,7.772582,G
2dFGRS TGS216Z035,20.351708333333335,-28.258555555555557,G
SDSS J141209.31+031055.0,213.038824,3.181969,G
WiggleZ R01J005809794+01514150,14.5408465,1.8614990000000005,G
COSMOS2015 1046364,149.76695833333332,2.8907777777777777,G
SDSS J030009.75+044544.3,45.040632,4.762323999999999,G
LEDA  977725,51.92958333333334,-10.47638888888889,G
WiggleZ R01J005949929-00481690,14.958074399999997,-0.8047229999999999,G
GAMA 3945313,173.55049,-0.40446,G
2MASX J00524848-2146550,13.201929764101248,-21.78202919678472,G
COSMOS2015 246613,150.63925,1.6571666666666665,G
GAMA 4295799,141.26536,0.88111,G
SDSS J000236.65-003906.2,0.6527329999999999,-0.6517480000000001,G
SDSS J104002.93+113624.7,160.012209,11.606879,G
GAMA 3454144,139.83549,3.14942,G
WiggleZ R01J010032928-00340862,15.137235900000002,-0.5690899999999999,G
WiggleZ R01J010004522-00115067,15.018878400000002,-0.197437,G
KOI-3172,290.0334623718,38.42732993539,G
COSMOS2015 1028815,149.77012499999998,2.866722222222222,G
APMGS 221555.8-260530,334.68208333333337,-25.840555555555554,G
VIPERS 405196345,334.033659,1.728463,G
WiggleZ R01J005805248-01112632,14.521904499999996,-1.1906729999999999,G
WiggleZ R01J005812186-01234748,14.550814000000004,-1.396549,G
LEDA 2259128,197.5595833333333,45.11527777777778,G
SDSS J154151.69+425744.2,235.465395,42.962294,G
COSMOS2015 1048840,149.8625833333333,2.8944166666666664,G
[RTG2015] 3824,53.132325,-27.797302,G
SDSS J111202.71+053234.5,168.01131,5.542919,G
COSMOS2015 1056974,149.73816666666667,2.9055833333333334,G
LEDA 1293002,0.56711718573,6.010643325110001,G
WiggleZ S15J150339653+05433338,225.9152216,5.725938,G
LEDA  359843,80.70041666666665,-60.867222222222225,G
LEDA 3861897,243.47672709492,16.540717244759996,G
WISE J044600.84-250636.1,71.50353837558208,-25.11013384147639,G
WISE J042936.79-271449.6,67.40330901226709,-27.247086627469724,G
2dFGRS TGS496Z291,4.601333333333334,-33.91983333333333,G
SDSS J022445.86+010647.4,36.1911,1.11317,G
WiggleZ R01J005759346-00540764,14.497311899999998,-0.9021489999999998,G
SDSS J100158.45-014015.4,150.493576,-1.670966,G
LEDA 1028026,357.3925,-6.839166666666666,G
2dFGRS TGS362Z021,6.059583333333333,-30.48777777777778,G
[RGD2013] J133522.995+404910.269,203.84583196261,40.819518660549996,G
WiggleZ S15J150438571+02121941,226.16071099999996,2.2053910000000005,G
GAMA 804251,140.49185,0.08997000000000001,G
WISE J180608.71+443148.1,271.53629694423375,44.529992611001944,G
MCG+10-19-097,204.1778125,62.06148888888889,G
SDSS J003327.90-001718.2,8.366263000000002,-0.2884,G
COSMOS2015 1042671,149.80104166666666,2.8852499999999996,G
LEDA 1082860,14.630624868526251,-2.7875927009611106,G
WISE J181342.64+393223.4,273.42774998504916,39.539800455223606,G
GOODS J123605.39+621202.5,189.02245,62.20068416666667,G
WISE J003626.33-255717.2,9.109764327134169,-25.95486209971945,G
LEDA 1195590,197.54541666666665,1.458888888888889,G
COSMOS2015 1050286,149.82504166666666,2.8954444444444447,G
COSMOS2015 1020722,149.88,2.8534444444444444,G
COSMOS2015 258261,149.88791666666665,1.6762777777777775,G
2MASX J18140213+5444406,273.50895712128454,54.74462996834418,G
SDSS J152115.76+451402.3,230.31568784030205,45.23398496392611,G
LCRS B011241.1-391515,18.740625,-38.99025,G
COSMOS2015 1030872,149.89137499999998,2.867,G
LEDA  832858,9.084999999999999,-21.086944444444445,G
VIPERS 118124729,38.136405,-4.996312,G
WISE J192150.70+452921.0,290.4612722248437,45.489155246555555,G
WiggleZ R01J005759060-01300061,14.4961195,-1.500197,G
COSMOS2015 1018450,149.8784583333333,2.8515,G
SDSSCGB 8223.4,235.02019207465,8.60288201047,G
WiggleZ S15J150312969+06563633,225.80403919999998,6.9434249999999995,G
WiggleZ R01J005838204+03320726,14.6592205,3.5353230000000004,G
[CWB2011] WLTV J160402.32+430022.9,241.009649,43.006381,G
SDSS J095711.96+192949.2,149.29986,19.497003,G
WiggleZ R01J005810739-00175652,14.544782399999999,-0.29906099999999997,G
WiggleZ S15J150232179+06032912,225.6340779,6.05809,G
WiggleZ R01J005802664+01170274,14.5111375,1.2840670000000003,G
LEDA 2264837,118.21160690940998,45.430506975899995,G
SDSS J092729.44+135737.8,141.872677,13.960518,G
GAMA 271318,173.58695,1.34909,G
WiggleZ R01J005752903-01421690,14.470465,-1.7047219999999996,G
COSMOS2015 261228,149.58279166666665,1.6805555555555554,G
WISE J062042.68-722207.5,95.17787262230542,-72.36875478128805,G
WINGS J125330.72-150043.8,193.37803999999997,-15.012180000000003,G
COSMOS2015 1028844,149.78566666666666,2.866138888888889,G
WiggleZ S15J150136865+01221178,225.40360459999997,1.36994,G
WiggleZ R01J010039366-00093098,15.164060400000004,-0.158634,G
LEDA  585308,50.818749999999994,-40.53472222222222,G
SDSS J083554.00+580403.3,128.975026,58.06760799999999,G
COSMOS J095933.80+025157.6,149.89083333333332,2.866,G
2MASX J18415444+6058209,280.4766197121671,60.97245224940611,G
WISE J010839.07-500705.4,17.162899093943327,-50.11824617402223,G
LCRS B011055.0-384620,18.301125000000003,-38.50741666666667,G
SDSS J095052.77+063319.1,147.719905,6.555318000000001,G
WiggleZ S15J150404171+02081291,226.01737949999998,2.1369189999999993,G
SDSS J233335.47+144256.9,353.3978,14.715806,G
COSMOS2015 1031592,149.82895833333333,2.8688055555555554,G
GAMA J092041.69-004505.9,140.17373,-0.75165,G
LEDA 3850588,234.63830077011,10.784689190420002,G
WISE J180657.67+574215.3,271.74024990711587,57.70420569902333,G
COSMOS2015 1022259,149.80916666666667,2.857333333333333,G
GAMA J092411.60-002850.9,141.04841,-0.4808200000000001,G
SDSS J145538.16-011400.4,223.90900499999998,-1.233467,G
WiggleZ R01J005912257-01132954,14.801107,-1.224901,G
GAMA 143045,173.64841,-1.3826800000000001,G
LEDA  501012,36.3575,-47.46138888888889,G
WISE J190819.18+522948.5,287.0799359440462,52.49678993083056,G
COSMOS2015 1058648,149.84629166666667,2.907361111111111,G
2MASX J18141994+4532109,273.58323123869917,45.53642287577722,G
WISE J042354.18-265211.1,65.9758117091104,-26.86979034560417,G
WiggleZ R01J005948900-02021009,14.9537875,-2.036164,G
COSMOS2015 1042335,149.73116666666667,2.8848333333333334,G
SDSS J152515.05+454420.9,231.31274838148914,45.73915026401889,G
LCRS B013535.4-394139,24.44395833333333,-39.44025,G
LEDA 3402787,196.55441392974,51.96465608257,G
WISE J191641.71+475106.8,289.1738118867745,47.851911513881944,G
LEDA 1002479,197.69291666666666,-8.535833333333333,G
SDSS J142339.92+370003.5,215.91635599748705,37.00098088420778,G
LEDA 1078653,334.4141666666667,-2.9811111111111113,G
SDSS J151831.91+440149.2,229.63298964640006,44.03033560207305,G
2MFGC 17164,342.30186718384,53.021406302459994,G
SDSS J094224.69+105221.2,145.602901,10.872562,G
[RTG2015] 3601,53.131049,-27.79832,G
2MASX J00024142-3520331,0.67266855162,-35.34245383922,G
WiggleZ S15J150402773+01593332,226.01155339999997,1.9925890000000002,G
LEDA   37701,179.67718333333332,38.46830833333333,G
SDSS J114253.14+363745.1,175.721423,36.62920700000001,G
WiggleZ R01J005928642-03121409,14.869378000000003,-3.2039420000000005,G
2dFGRS TGN323Z084,191.6038333333333,0.118,G
WiggleZ S15J150130819+05584766,225.37841279999998,5.979905000000001,G
GMP 6440,193.63291666666666,26.717499999999998,G
LCRS B000812.3-383411,2.682958333333333,-38.291555555555554,G
WiggleZ R01J005919293+01101345,14.8304245,1.170376,G
COSMOS2015 1032365,149.79383333333334,2.8705000000000003,G
WiggleZ R01J005859848-01250348,14.749405,-1.4176619999999998,G
2dFGRS TGS282Z076,6.074166666666668,-28.394444444444446,G
LEDA  619190,34.5625,-37.69083333333333,G
SDSSCGB 44672.4,150.51343749999998,2.9674777777777783,G
WiggleZ R01J005927099-01333521,14.862949000000002,-1.559809,G
WiggleZ S15J150421859+01281283,226.091079,1.4702290000000002,G
2dFGRS TGS282Z091,5.8625,-28.10611111111111,G
2MASX J19200447+4403526,290.01842810015916,44.064615037420275,G
SDSS J150150.18-001906.2,225.459083,-0.318401,G
COSMOS2015 1052066,149.746375,2.898527777777778,G
COSMOS2015 1024663,149.74283333333335,2.859916666666667,G
VIPERS 112186357,32.184219,-4.750304,G
WISE J192723.59+515718.7,291.84824727641126,51.95516529501417,G
LEDA 2600621,147.17418516372584,60.31385327030027,G
COSMOS J095950.82+024636.7,149.96175,2.776861111111111,G
2dFGRS TGS204Z127,5.799583333333332,-27.847777777777775,G
2MASS J21332052-0516595,323.33542966487124,-5.283238291750833,G
SDSS J094826.70+054437.1,147.111258,5.743651,G
SDSS J151434.08+415914.7,228.64203693821705,41.98744018555971,G
COSMOS2015 1050701,149.734375,2.8963055555555557,G
COSMOS2015 1032851,149.88554166666665,2.871472222222222,G
WISE J182509.04+475853.1,276.2876598099713,47.98141018278167,G
SDSS J154927.89+464908.1,237.3661949116775,46.818926346670274,G
GAMA 827906,140.89971,1.03678,G
COSMOS2015 1013098,150.22349999999997,2.8441388888888888,G
LEDA 1891068,6.98921210059,30.120688029350006,G
[OID2018] DRC-1,10.597999999999999,-33.723166666666664,G
2dFGRS TGS556Z293,6.090000000000001,-34.536944444444444,G
WiggleZ S15J151854827+05560270,229.7284473,5.934082000000001,G
GAMA 952419,179.57071,-0.71165,G
SDSS J151930.53+442313.6,229.87720835213042,44.387133756581115,G
SDSSCGB 55669.4,122.47940416666671,6.100183333333333,G
COSMOS2015 257615,150.10554166666665,1.6747499999999997,G
WiggleZ S15J150315931+05471788,225.8163795,5.7883000000000004,G
COSMOS2015 1052022,149.74470833333334,2.8985833333333333,G
[ECD2009] 52.27421-28.46261,52.27441666666667,-28.462666666666664,G
WISE J043054.61-244822.9,67.727604005015,-24.806470423612218,G
WISE J044155.42-255116.5,70.48096815032709,-25.854670931636115,G
2MASS J10282714+7949106,157.11221355572042,79.8197263339625,G
2MASX J18513511+5704360,282.89653341703337,57.076645636032225,G
COSMOS2015 1034318,149.81841666666668,2.8741666666666665,G
WiggleZ R01J005956720+00073480,14.986368900000002,0.12630399999999997,G
LEDA 1705375,199.1157916666667,24.352027777777778,G
COSMOS2015 1033080,149.73441666666668,2.870027777777778,G
SDSS J155125.42+464011.6,237.85593661624833,46.66990279233001,G
WISE J184557.81+481653.4,281.49082703573504,48.281430607990835,G
LEDA 3347237,166.46020818881,2.93566806164,G
WISE J190623.91+510737.2,286.59965172369584,51.127012568190835,G
SDSS J082724.17+243636.5,126.85074899999998,24.610147,G
COSMOS2015 1052399,149.879125,2.8988055555555556,G
WiggleZ R01J010040565-02371221,15.169057000000004,-2.620087,G
WiggleZ R01J010007138+00532756,15.0297774,0.890961,G
LEDA 3792217,189.05595749659997,29.17273035352,G
WiggleZ R01J005944988-01372250,14.937487000000003,-1.6229449999999999,G
COSMOS2015 299674,149.65625000000003,1.7428333333333332,G
COSMOS2015 1023067,149.8447083333333,2.858111111111111,G
LEDA 1556041,16.691250000000004,18.31222222222222,G
LEDA 1375542,196.38433675210996,10.1644399252,G
WiggleZ S15J150138373+03305883,225.409888,3.5163410000000006,G
SDSS J154234.47+455157.6,235.6436704801883,45.866007148504174,G
WISE J183549.65+522631.2,278.9568895317104,52.441991334949435,G
COSMOS2015 1044438,149.8457083333333,2.88425,G
COSMOS2015 1033944,149.868125,2.872527777777778,G
COSMOS2015 1050689,149.87379166666668,2.8969444444444443,G
COSMOS2015 1035595,149.73545833333333,2.8757222222222225,G
2dFGRS TGS408Z117,331.1134166666667,-32.168055555555554,G
WiggleZ R01J005951677+04163034,14.965358500000002,4.275066,G
COSMOS2015 1016693,149.8105,2.8488611111111113,G
LCRS B005110.6-382639,13.385333333333332,-38.17308333333333,G
SDSS J154347.22+452637.1,235.94678304586665,45.443642876310555,G
WISE J192831.46+544650.3,292.13116669383373,54.78059364959055,G
COSMOS2015 1030804,149.83591666666666,2.868777777777778,G
WiggleZ S15J150432969+05352404,226.13737259999996,5.590011,G
SDSS J152218.61+465325.3,230.57755925700755,46.89037293329167,G
WISE J043907.61-262903.9,69.78170547015459,-26.484445253903893,G
SDSS J151800.19+451051.4,229.50082795758374,45.18093516999278,G
WiggleZ R01J005817205+03333934,14.571724000000001,3.560899,G
WiggleZ R01J005826162+05091872,14.609044100000004,5.155172000000001,G
WiggleZ R01J010041072+01045469,15.171170499999999,1.0818309999999998,G
WISE J184735.02+503829.0,281.8960116995413,50.641352230869444,G
SDSS J082137.34+231128.7,125.405591,23.191317999999992,G
WiggleZ R01J010023534-00234353,15.0980964,-0.3954540000000001,G
SDSS J155222.07+452624.5,238.09194674782458,45.440149940831105,G
WISE J185107.09+523345.3,282.77966276828585,52.56259982038973,G
WiggleZ S15J150334437+05274070,225.89348599999997,5.461305000000001,G
WiggleZ R01J010038619-00375774,15.160949400000002,-0.632734,G
WiggleZ R01J005926841-02404909,14.861875000000001,-2.6803309999999994,G
WiggleZ R01J010027624-02171740,15.115138,-2.2881950000000004,G
2MASX J18263208+6130518,276.6337340441046,61.51437906083529,G
WiggleZ R01J005816602-00342789,14.569212899999998,-0.574441,G
[RTG2015] 1723,53.177134,-27.808709,G
WiggleZ S15J150440055+06482494,226.16689749999998,6.806927000000001,G
[RTG2015] 1874,53.152767,-27.807815,G
COSMOS2015 1051993,149.89220833333331,2.893583333333333,G
COSMOS2015 1031356,149.88324999999998,2.8695,G
SDSS J110531.69+552326.8,166.382071,55.390793,G
NGP9 F268-1102065,192.94445833333333,35.07944444444445,G
COSMOS2015 252994,149.4803333333333,1.6672777777777776,G
WISE J005008.91-250033.1,12.537184340958751,-25.009260850770833,G
WiggleZ S15J150329637+02244010,225.87348659999998,2.4111390000000004,G
LCRS B011226.4-391145,18.67966666666667,-38.931583333333336,G
SDSS J151923.76+451845.8,229.84902019357042,45.31272690242417,G
[RGD2013] J120032.118+032357.948,180.13382643288998,3.39942735354,G
NGVS J122616.52+051747.7,186.56881679999998,5.2965786,G
LEDA 2167356,172.06791666666666,40.54194444444444,G
LCRS B011246.1-383221,18.763125,-38.275166666666664,G
WISE J045049.48-244706.6,72.70619581453292,-24.78515430463111,G
KOS 025241.0-105715,43.77458333333333,-10.752222222222223,G
WiggleZ R01J005941198-00210778,14.9216964,-0.352188,G
WiggleZ S15J150424299+01234558,226.1012474,1.395993,G
COSMOS2015 1036867,149.75316666666666,2.8768333333333334,G
WiggleZ S15J151808755+06222834,229.5364777,6.374539,G
2dFGRS TGN095Z193,151.805875,-5.7177500000000006,G
SDSSCGB 44646.2,22.66154166666667,1.166136111111111,G
GAMA 205106,140.55741,-0.23689,G
SDSS J154643.08+471202.4,236.67950590978705,47.20066825199528,G
GAMA 205064,140.36825,-0.39702,G
2MASX J18360192+4352416,279.00793493335334,43.87830780317916,G
SDSS J153105.34+441618.9,232.77226442439,44.27190462308751,G
WiggleZ R01J010035874+00185243,15.149510399999997,0.314536,G
WiggleZ S15J150424270+05302648,226.1011264,5.507356,G
LEDA 1809803,199.30629166666665,27.49355555555556,G
WISE J042953.68-264408.5,67.47369340368375,-26.73574435594,G
COSMOS2015 253815,149.47379166666667,1.666861111111111,G
WiggleZ S15J150355671+05032068,225.98196289999998,5.055744999999999,G
WiggleZ S15J150358582+04100584,225.9940896,4.168288999999999,G
2MFGC 15544,307.2800583333334,24.72182222222222,G
[RTG2015] 3767,53.129939,-27.797629,G
WISE J183256.03+453540.1,278.2333553306654,45.59452880722722,G
COSMOS2015 1041014,149.7325,2.8835555555555556,G
[RGD2013] J102216.902+500318.180,155.5704482392,50.055033093119995,G
WiggleZ S15J150254602+03130694,225.72750739999998,3.218594,G
SDSS J152627.54+455739.3,231.61477950440582,45.96092277177722,G
WiggleZ R00J232333693-12200730,350.8903875,-12.3353527778,G
2MASX J18521634+5708470,283.0679128862521,57.146340714551386,G
COSMOS2015 1019184,149.75391666666667,2.851722222222222,G
2dFGRS TGS222Z231,27.715000000000003,-26.67,G
WiggleZ R01J005846655-01175934,14.694432999999997,-1.299845,G
WiggleZ S15J150341231+04061094,225.92179789999997,4.103037999999999,G
WISE J182944.83+561626.5,277.4367755840196,56.274051015848336,G
WiggleZ R01J005951493+01365061,14.964592000000003,1.61403,G
WiggleZ R01J005826254-01172186,14.609427999999998,-1.289433,G
2MASX J18194496+4718072,274.9375291221579,47.30208666207528,G
LEDA  472377,76.78625,-49.86944444444445,G
GOODS J123644.40+621037.3,189.18500791666668,62.17702861111111,G
COSMOS2015 1039539,149.87816666666666,2.8811944444444446,G
ShaSS 423037693,199.019299,-31.3701554,G
SDSSCGB 12677.1,244.60296666666673,14.010902777777776,G
2dFGRS TGS510Z168,25.390375,-32.612,G
COSMOS2015 998039,150.09479166666665,2.821972222222222,G
[RTG2015] 1735,53.177913,-27.808626,G
COSMOS2015 1038541,149.75991666666664,2.8797777777777775,G
SDSSCGB 8454.4,118.203025,41.190866666666665,G
SDSS J093158.49+205224.0,142.993709,20.873361,G
COSMOS2015 1037769,149.85008333333332,2.8792500000000003,G
WISE J191748.50+573433.9,289.4520604658479,57.57607201499279,G
LEDA  975141,6.1937500000000005,-10.682222222222222,G
2dFGRS TGS310Z069,36.31999999999999,-28.51361111111111,G
SDSS J031635.01+411520.7,49.14591599999999,41.255757,G
LCRS B001902.4-392646,5.380708333333334,-39.16872222222222,G
[RTG2015] 3503,53.158657,-27.798556,G
2dFGRS TGN101Z196,159.53154166666664,-5.948888888888889,G
SDSSCGB 12775.1,138.9151,60.08330277777778,G
COSMOS2015 1017517,149.83566666666667,2.8503333333333334,G
2dFGRS TGN202Z032,207.75189612492997,-2.79021874528,G
WISE J183538.62+493234.1,278.9108811405879,49.54282086873222,G
2MASX J19400283-0450063,295.01191790371,-4.835074989509999,G
COSMOS2015 1035322,149.7633333333333,2.874722222222222,G
2dFGRS TGS497Z025,6.052083333333334,-33.473888888888894,G
COSMOS2015 1020352,149.754,2.8545277777777778,G
SDSS J113759.83-000757.8,174.4993032295,-0.13272385388000002,G
SDSS J151957.99+415927.0,229.99166671426707,41.99083971033861,G
WISE J002809.39-233715.7,7.0391685071625,-23.62114152963389,G
NGP9 F322-0526578,192.47683333333333,30.432277777777777,G
NGVS J123359.46+074225.8,188.49775559999998,7.707155399999999,G
WISE J184301.76+521308.7,280.7573796396996,52.21909383498333,G
WiggleZ R01J005845081+00465109,14.687876399999999,0.780829,G
WiggleZ R01J005906168-00024193,14.775735900000003,-0.045008,G
2MASX J07112719-3206394,107.8632719902,-32.11083649567,G
SDSS J152027.39+460727.0,230.11412099867127,46.124177069351944,G
WiggleZ R01J005953561-02153162,14.973206499999998,-2.25881,G
WiggleZ R01J005832896-03135087,14.637103,-3.2308239999999997,G
[RTG2015] 3534,53.168878,-27.798618,G
DEEP2-GRS 14033669,215.87092,53.59888,G
2MASX J07295390+5611371,112.47459387500001,56.19365694444444,G
2MASX J19233828-0503583,290.90956944975,-5.06629403203,G
WISE J004332.83-205651.0,10.886874662634582,-20.947488236933058,G
WiggleZ S15J150159032+05461024,225.49596739999998,5.76951,G
NGP9 F378-0074696,192.39174999999997,25.391416666666665,G
SDSS J090102.99+143344.3,135.262488,14.562325,G
SDSS J150348.02-003431.7,225.950113,-0.575492,G
WISE J045146.18-243054.6,72.94249306947042,-24.515187795466115,G
GMP 6420,193.64916666666667,26.845277777777778,G
VIDEO J022718.48-042657.19,36.82703333333333,-4.4491861111111115,G
WINGS J214450.84-435829.1,326.21182,-43.97475,G
SDSS J102514.81+110715.6,156.311726,11.121006,G
2dFGRS TGS302Z066,27.895833333333336,-28.928333333333335,G
COSMOS2015 1028583,149.85199999999998,2.865027777777778,G
COSMOS2015 252041,149.62275,1.665722222222222,G
SDSS J095859.35+410754.5,149.747295,41.13181,G
[BIO2015] XDFI-2382747512,53.159505,-27.797585,G
WiggleZ S15J150421678+06003048,226.09032679999999,6.008465999999999,G
LEDA  544831,81.00666666666667,-43.771388888888886,G
LEDA 2639626,235.21708333333333,62.59583333333334,G
WiggleZ R01J010009972-03305052,15.0415855,-3.5140620000000005,G
WISE J010544.21-504953.8,16.434257059564164,-50.83165693192084,G
LEDA 1405464,201.14875,12.202777777777778,G
WISE J182818.70+605653.7,277.0779777143812,60.94823734031416,G
SDSS J171537.67+592417.9,258.9069708333333,59.404980555555554,G
2dFGRS TGS281Z175,5.724583333333333,-29.743333333333336,G
COSMOS2015 1018246,149.72816666666668,2.851388888888889,G
WISE J181110.89+482952.4,272.7953690800716,48.497863227935554,G
WiggleZ S15J150240306+04562354,225.6679396,4.939872,G
SDSS J095140.52+171031.0,147.918854,17.175293,G
2MASX J19441151-0544376,296.04801758852,-5.743887717259999,G
WiggleZ S15J150133615+03053079,225.39006279999998,3.091885,G
WiggleZ R01J005943571-03154329,14.9315845,-3.2620529999999994,G
COSMOS2015 1018599,149.7745833333333,2.8516111111111115,G
2MASX J18264631+4817272,276.69309266102414,48.29081617511389,G
WiggleZ R01J005933429-02070250,14.889326500000001,-2.117388,G
COSMOS2015 1042975,149.85416666666666,2.8840833333333333,G
ShaSS 405078422,203.7490452,-29.910817200000004,G
WiggleZ R01J005930223-00304241,14.875964399999999,-0.511808,G
WiggleZ R01J005959843-01032934,14.999384500000001,-1.058177,G
[RTG2015] 3688,53.177606,-27.798000000000002,G
WiggleZ S15J150129606+05542700,225.3733586,5.907499,G
COSMOS2015 255178,149.47004166666667,1.6704999999999997,G
[CWF2012] 222.596649+09.021311,222.596649,9.021311,G
2dFGRS TGS302Z099,27.58125,-28.970277777777778,G
WiggleZ R01J010014634+04395385,15.0610121,4.664929999999999,G
COSMOS2015 1050749,149.83679166666667,2.89575,G
SDSS J151438.42+413825.6,228.6600425151908,41.64045171921862,G
WiggleZ S15J150133100+03523811,225.38791629999997,3.8772530000000005,G
SDSS J115249.28+322647.6,178.205345,32.446577,G
LEDA 1052834,160.67999999999998,-4.835277777777778,G
WiggleZ S15J151706093+05563427,229.2753875,5.9428527778,G
COSMOS2015 1021056,149.80849999999998,2.8554166666666667,G
GAMA 943770,174.08553,1.1598800000000002,G
WISE J181545.15+481558.2,273.93820062750535,48.26621125155666,G
COSMOS2015 1057323,149.88512499999996,2.9058888888888887,G
COSMOS2015 1040878,149.83079166666664,2.87775,G
GOODS J123557.14+621343.1,188.98804541666667,62.22871861111111,G
GOODS J123706.22+622239.9,189.27604166666666,62.37775,G
[RGD2013] J090738.161+111124.036,136.908998,11.189998,G
SDSS J154307.35+441958.2,235.78064668462378,44.332841565329716,G
WiggleZ S15J150356246+02363125,225.9843592,2.6086820000000004,G
WiggleZ R01J010016587+00265553,15.069150900000002,0.4487290000000001,G
EGSIRAC J141837.18+523610.3,214.65492404166665,52.60287730555556,G
2MASX J18430806+4339388,280.78342621333456,43.66062793358583,G
LEDA 2496306,184.81166666666667,55.27027777777778,G
LEDA  613701,351.63100000000003,-38.0566111111111,G
LCRS B011454.1-414839,19.2855,-41.54761111111111,G
SDSS J151302.79+405736.8,228.2616667559796,40.96022720340084,G
WiggleZ R01J005821241-01312494,14.588542,-1.523622,G
2MASX J19034442+5151095,285.9353296754067,51.85264046657639,G
6dFGS gJ235722.7-323721,359.34470689627,-32.62258004251,G
WiggleZ R01J010039083+01421507,15.162881500000003,1.7041570000000001,G
SDSS J222322.06+035019.1,335.84193799999997,3.8386390000000006,G
SDSS J154853.69+450232.3,237.22373373487665,45.04230236538194,G
VIPERS 120024362,31.173997,-4.5976420000000005,G
COSMOS2015 1058608,149.83133333333333,2.9068333333333336,G
SDSS J110713.31+393350.8,166.805464,39.564115,G
WiggleZ S15J150305726+03531546,225.77385789999997,3.8876290000000004,G
SDSS J150415.23+001722.2,226.063498,0.289511,G
WISE J183341.03+575112.2,278.4209576956333,57.85340687758166,G
SDSS J154300.49+424403.0,235.75208364964,42.734164750087224,G
2MFGC 13600,255.00448828807998,-15.224893003130001,G
WISE J183749.64+524444.4,279.4569681140892,52.74565996042666,G
LEDA  124487,356.30308333333335,-41.358222222222224,G
WiggleZ R01J005907592-02131993,14.78167,-2.222231,G
COSMOS2015 258416,150.32837500000002,1.676583333333333,G
COSMOS2015 1039221,149.83304166666665,2.8803888888888887,G
LEDA  945368,33.23583333333334,-12.944166666666668,G
SDSS J094357.33+282609.6,145.988906,28.436026,G
SDSS J153228.76-002926.4,233.11983299999997,-0.49068300000000015,G
SDSS J013622.64-103233.9,24.094351999999997,-10.542773,G
WiggleZ R01J005816474-00254391,14.568680400000002,-0.42889200000000005,G
WISE J010905.80-492612.6,17.274330243192914,-49.43683311247944,G
WiggleZ R00J232334133-12522144,350.8921916667,-12.872625,G
SDSSCGB 67205.1,233.329068,39.098673,G
SDSS J155928.74+462147.4,239.86980071736286,46.36316198774001,G
GMP 6712,193.41583333333332,28.374166666666667,G
SDSS J074047.94+215938.2,115.199778,21.993959,G
2MASX J00303215-2408414,7.634084688445832,-24.14494960100611,G
[RTG2015] 1979,53.135299,-27.80695,G
SDSS J085648.65+150425.0,134.202734,15.073624000000002,G
WISE J063401.32-721958.9,98.50552271542041,-72.3330148137375,G
LCRS B002541.0-411606,7.033416666666667,-40.99186111111111,G
COSMOS2015 1029949,149.893,2.867027777777778,G
6dFGS gJ020028.4-034236,30.118125,-3.71,G
SDSS J152041.71+455623.6,230.17381729111545,45.9398820678161,G
WiggleZ S15J151646720+06152029,229.19466509999998,6.255635,G
LEDA 2096491,36.605000000000004,37.26027777777778,G
2dFGRS TGS435Z098,3.4445833333333336,-31.735555555555557,G
GOODS J123624.94+621252.6,189.10392291666665,62.21460583333334,G
COSMOS2015 1019721,149.81354166666665,2.852888888888889,G
SDSS J152107.58+425552.1,230.28156823648413,42.93115636954805,G
LEDA  934332,14.370833333333334,-13.708333333333332,G
WISE J061756.69-732210.0,94.48629704780082,-73.36942819087221,G
WiggleZ R01J010017320+00583459,15.072204900000004,0.976247,G
GAMA 854625,140.83841,1.2770999999999997,G
WISE J060303.18-741549.0,90.76355440306125,-74.26358394500889,G
LEDA  124013,353.4504166666666,-38.865750000000006,G
2dFGRS TGS922Z278,62.432416666666676,-32.989888888888885,G
2dFGRS TGS438Z219,6.1925,-31.633055555555558,G
[GEC95] 22.346,331.3077916666667,-18.640916666666666,G
GAMA 4066284,140.42256,-0.47414000000000006,G
WISE J010525.62-224223.1,16.35681792180583,-22.706461805900833,G
WISE J010927.48-494128.8,17.364609338999998,-49.69133698591916,G
SDSS J102342.79+153632.2,155.92833,15.608954,G
WiggleZ R01J005915167-02373530,14.813233000000006,-2.626499,G
SWIRE J033100.91-273137.8,52.753791666666665,-27.527194444444444,G
WiggleZ R01J005827348+01355264,14.613985000000005,1.597927,G
LEDA 1036651,190.89487499999998,-6.108583333333334,G
WiggleZ R01J005931223-00040125,14.8801329,-0.06704200000000002,G
LEDA  514402,36.46375,-46.489444444444445,G
COSMOS2015 298954,150.42054166666668,1.7408055555555557,G
WISE J183125.37+520426.8,277.8556926339012,52.07410882952362,G
SDSS J100905.20+082431.2,152.271691,8.408686,G
WiggleZ R01J010032443+01034143,15.135217000000003,1.061479,G
SDSS J031626.53+415247.0,49.110582,41.879729999999995,G
WiggleZ S15J151828222+06192053,229.61759160000003,6.322368000000001,G
WISE J182726.74+575156.8,276.86134205206247,57.86572457905418,G
2dFGRS TGS555Z010,5.96,-34.518055555555556,G
COSMOS J095907.46+025320.0,149.7810833333333,2.888888888888889,G
2MASX J21104820-4411109,317.70080415321,-44.186321352449994,G
SDSS J155059.16+472136.1,237.74651362959918,47.36002997852028,G
WiggleZ R01J005841964-01420114,14.674885,-1.7003460000000001,G
WISE J044306.66-264605.9,70.77784292746043,-26.76829939042972,G
WiggleZ R01J005921136+00414367,14.8381029,0.6954360000000003,G
SDSS J091149.33+135340.3,137.955562,13.894542,G
WiggleZ R01J005937522-03125611,14.906378499999997,-3.215613,G
[RTG2015] 1698,53.167497,-27.808896,G
LEDA 2625687,186.10375,61.843611111111116,G
SDSS J150200.24-004932.6,225.501039,-0.825724,G
WiggleZ R01J010007380-03202777,15.030786999999998,-3.3410749999999996,G
SDSS J014931.66-081233.2,27.381957,-8.209225,G
Anon J220215-6139,330.5642740926796,-61.65970353873944,G
SDSS J101708.79+323440.5,154.286635,32.577934,G
NGP9 F322-0406152,193.32520833333334,30.681277777777776,G
WiggleZ R01J005933848+04531503,14.891071099999998,4.887478999999999,G
WiggleZ R01J005749421-01010018,14.4559585,-1.016745,G
WiggleZ S15J150201988+01553704,225.5082842,1.9269539999999996,G
WISE J180603.92+413537.8,271.51637660548545,41.59383582809667,G
LEDA 2780067,188.63333333333333,79.535,G
COSMOS2015 1040922,149.81845833333333,2.8826666666666667,G
SDSS J140359.06+351556.1,210.99610624135417,35.26559992979945,G
SDSS J094353.14+030120.3,145.971437,3.0223130000000005,G
SDSSCGB 48230.3,175.0224208333333,63.278061111111114,G
UVISTADR1 J095934.14+013940.6,149.89220833333331,1.661361111111111,G
SDSS J152933.40+444553.4,232.38918127946374,44.76483670168667,G
COSMOS2015 1038199,149.79720833333332,2.8795,G
2dFGRS TGS498Z148,5.99625,-32.48083333333334,G
[RTG2015] 1960,53.165719,-27.807063,G
WiggleZ S15J150407676+06491410,226.03198469999998,6.820582,G
GAMA 804257,140.55543,0.008729999999999998,G
WiggleZ R01J005751619-00165712,14.465117399999999,-0.282562,G
GAMA 827727,140.30998,1.09362,G
WISE J184122.77+472054.8,280.3450678014604,47.34853270073861,G
COSMOS2015 1048278,149.77254166666663,2.891861111111111,G
VIPERS 111190087,31.662758,-4.712884,G
[RTG2015] 1716,53.17125,-27.808669,G
WiggleZ S15J150344470+01081968,225.93529169999996,1.1387990000000001,G
WiggleZ R01J005813405-01552130,14.555891500000001,-1.922611,G
GAMA J092154.08+000542.2,140.47533,0.09506999999999999,G
SDSS J142210.64+432853.5,215.544335,43.481543,G
COSMOS2015 1024256,149.808375,2.8595833333333336,G
LEDA  820060,197.525,-22.04416666666667,G
WiggleZ R01J005757278-01424877,14.4886945,-1.713576,G
WiggleZ S15J151610049+03142341,229.0418711,3.239835,G
WiggleZ R01J005844288-02522945,14.684572,-2.8748739999999997,G
COSMOS2015 258006,150.60391666666666,1.6760277777777777,G
WiggleZ R01J005901015+00100309,14.7542649,0.167497,G
COSMOS2015 1052023,149.8273333333333,2.897333333333333,G
SDSS J092658.93+045152.7,141.745548,4.864647,G
2MFGC 8083,156.5208458333333,88.24482777777777,G
WiggleZ S15J150723774+06383986,226.8490597,6.644406,G
[RTG2015] 3742,53.171654,-27.797666,G
WiggleZ S15J151830606+06523671,229.6275256,6.876864,G
[RTG2015] 4756,53.132073,-27.787932,G
WiggleZ S15J150222263+06025124,225.59276229999998,6.047566,G
SDSS J083623.96+294319.0,129.099838,29.721967999999997,G
WISE J180309.14+563743.9,270.78805552742585,56.628892812999446,G
GAMA 663462,140.70898,-0.9927599999999999,G
NGP9 F268-1095740,192.26129166666666,35.03261111111111,G
COSMOS2015 1057560,149.733,2.9065833333333333,G
WiggleZ R01J010038634-03132944,15.161014,-3.224872,G
[RTG2015] 3847,53.167508,-27.797165,G
GMP 5870,193.91333333333333,28.939444444444444,G
2MASX J18574041+6023131,284.4184457874992,60.38681316745333,G
COSMOS2015 1017450,149.775625,2.8505555555555557,G
WISE J185947.73+473711.3,284.9488816818221,47.61980318677055,G
WiggleZ R01J005916246+04564398,14.817728600000006,4.945521000000001,G
2dFGRS TGS902Z512,18.594833333333337,-61.299166666666665,G
2dFGRS TGS456Z034,28.534999999999997,-32.76305555555555,G
COSMOS2015 1024912,149.77841666666666,2.8598611111111114,G
COSMOS2015 254883,150.63908333333333,1.6691111111111108,G
2dFGRS TGS223Z180,27.79416666666667,-27.314444444444444,G
LCRS B020131.4-392409,30.90570833333333,-39.16308333333333,G
SDSS J140126.90+343445.9,210.3620660476104,34.579439708437775,G
WiggleZ S15J150149006+06273485,225.45419179999996,6.459679000000001,G
COSMOS2015 1019747,149.82783333333333,2.8525833333333335,G
DEEP2-GRS 31024818,352.00623,0.13363,G
WiggleZ R01J005824407+01321317,14.601733000000003,1.5369650000000001,G
LCRS B123847.3-054413,190.342875,-6.011111111111111,G
COSMOS2015 1051640,149.760875,2.8974166666666665,G
[RTG2015] 3612,53.167589,-27.798188,G
WiggleZ R01J005817903+00123737,14.574632399999999,0.21035199999999998,G
LCRS B011029.3-384141,18.194833333333335,-38.42994444444444,G
2MASX J18435035+4407079,280.9596957023125,44.118897149629454,G
KOSS 222950.9-194642,338.1404166666667,-19.52027777777778,G
SDSS J015529.38+123916.6,28.872447999999988,12.65462,G
2MASX J18421761+4258521,280.5734383411183,42.98128705727528,G
WiggleZ S15J150354400+01365914,225.9766661,1.6164269999999998,G
WiggleZ S15J151602092+06180537,229.00871519999998,6.3014909999999995,G
COSMOS2015 1020382,149.73645833333333,2.8530277777777777,G
COSMOS2015 1030394,149.85641666666666,2.867916666666667,G
SDSS J215054.21+272250.6,327.725908,27.380743000000002,G
WiggleZ S15J151624264+07041500,229.10110079999998,7.070833999999999,G
GAMA 3065370,173.50637,0.6948,G
2dFGRS TGS068Z135,343.49168873951,-23.997007310169998,G
WISE J183039.58+513224.4,277.66485852668626,51.54011187894111,G
SDSSCGB 43904.2,17.004046772919995,-10.16893945561,G
SDSSCGB 64082.2,187.42345833333331,29.14406944444444,G
WiggleZ S15J150158840+01573417,225.49516859999997,1.9594900000000002,G
2MFGC 15735,311.6408708333333,-14.081730555555556,G
LEDA 1294405,195.36255136666,6.090462304660001,G
LCRS B235838.1-392308,0.2998333333333333,-39.10722222222223,G
WiggleZ R01J005909213-02400595,14.7884245,-2.6683469999999994,G
GSA  91,14.27625,-28.499166666666667,G
COSMOS2015 1049009,149.7994583333333,2.894083333333333,G
WINGS J214413.05-433429.3,326.05438,-43.57481,G
SDSS J095120.05+085349.5,147.833552,8.897097999999998,G
[RTG2015] 3650,53.1546,-27.798157,G
SDSS J095603.49+052834.2,149.014583,5.476176999999999,G
SDSS J085019.89+174239.6,132.582915,17.711008,G
WiggleZ R01J005816537-02585782,14.568943,-2.982755,G
WiggleZ S15J150435946+02504585,226.1497735,2.846069,G
SDSS J140014.59+340342.9,210.06081068094372,34.0619471233075,G
WISE J193419.01+491521.1,293.5793205499158,49.25587149326667,G
WiggleZ S15J150342423+01033249,225.92676369999998,1.0590260000000002,G
2MASX J19413037+5122011,295.37648284804,51.366978230649444,G
SDSS J151606.42+050316.1,229.026784,5.054488,G
SDSS J151047.53+414134.4,227.69805375206164,41.692920704763054,G
WISE J184908.25+565042.4,282.28438528846954,56.84514531578611,G
SDSS J151804.74+054030.7,229.519752,5.675211,G
COSMOS2015 1032607,149.81966666666665,2.8709722222222225,G
COSMOS2015 1021345,149.78954166666665,2.855472222222222,G
SDSS J094650.67+141227.5,146.711128,14.207663000000002,G
WISE J002502.64-242656.6,6.2610569454895835,-24.449101860520003,G
SDSS J020652.27+011552.5,31.717826000000002,1.2646060000000001,G
COSMOS2015 1050391,149.87541666666664,2.8968333333333334,G
2MASX J18384792+4511473,279.6996124550421,45.19639337796222,G
COSMOS2015 1038253,149.83712500000001,2.8744722222222223,G
SDSS J161100.65+472725.1,242.7527487313983,47.45697104222945,G
WiggleZ S15J150145259+06304421,225.4385805,6.512280999999999,G
WiggleZ S15J150425932+06361549,226.1080502,6.604301999999999,G
LEDA  968644,34.70041666666666,-11.208333333333332,G
SDSS J003751.01+230759.5,9.462556000000001,23.13321,G
WiggleZ R01J010029959+01121827,15.1248655,1.2050460000000003,G
SDSS J095738.55+171845.3,149.410642,17.312602999999996,G
COSMOS2015 1047843,149.73116666666667,2.892611111111111,G
COSMOS2015 1031121,149.81154166666664,2.8693333333333335,G
GAMA 918117,179.92772,-0.10125,G
COSMOS2015 1023470,149.84074999999999,2.858722222222222,G
[AVG96] ua-0-13,15.605833333333335,-27.189166666666665,G
COSMOS2015 1051816,149.837,2.8977222222222223,G
LEDA  192481,337.3623011428899,-30.217589844039995,G
SDSS J031629.00+412052.0,49.120839,41.347802,G
WiggleZ S15J150306509+06142469,225.7771211,6.240192,G
WISE J043802.66-251602.2,69.5111144157525,-25.267267726233058,G
2MASX J19325148+5538417,293.2143951759555,55.6449939192825,G
[RTG2015] 3748,53.195525,-27.797685,G
WISE J183046.48+540453.4,277.69363623962914,54.081535168903336,G
COSMOS2015 303608,150.489875,1.7470277777777778,G
VIPERS 115134781,35.465476,-4.974043,G
2MASX J18242431+4844250,276.10116438687623,48.74022498198277,G
WISE J002836.16-233804.5,7.150744541442916,-23.634547938136663,G
LEDA 2276867,197.5725,46.18611111111111,G
WISE J192918.14+450904.9,292.3256612366671,45.15134817187944,G
LEDA 2020821,33.63666666666667,33.01916666666666,G
2dFGRS TGS061Z068,333.08563333333336,-24.954830555555553,G
SDSS J085642.72+174948.5,134.178005,17.830142,G
COSMOS J095857.09+025118.2,149.737875,2.8550555555555555,G
SDSS J143125.74+435204.4,217.857265,43.86789699999999,G
LEDA  305863,14.633582946333748,-66.30213070326806,G
LEDA 1512394,9.46625,16.591388888888886,G
COSMOS2015 256366,149.81958333333333,1.6730277777777778,G
WiggleZ R01J005824993-03123596,14.6041735,-3.2100180000000007,G
SDSS J122305.24+351633.4,185.77184599999998,35.275960999999995,G
GAMA 936796,140.67319,0.7648,G
SDSSCGB 40018.3,150.53525,6.381802777777777,G
SDSSCGB 18314.3,198.14251666666664,46.77661388888889,G
SDSS J095955.42+070753.0,149.980937,7.131415999999999,G
WiggleZ S15J151823341+06412801,229.59725209999996,6.691113,G
[RTG2015] 3597,53.17274,-27.798333,G
SDSS J155842.00+444639.5,239.67502487743252,44.777631335739166,G
NGP9 F322-0117770,193.26829166666667,31.859222222222222,G
[RTG2015] 3760,53.13031,-27.797653,G
COSMOS2015 1047684,149.76279166666663,2.8917777777777776,G
GOODS J123711.74+622124.5,189.2989225,62.356796111111116,G
WiggleZ R01J005952516+04591750,14.968852099999998,4.988166,G
WISE J184237.12+450236.2,280.6546867525175,45.04338689876528,G
LEDA 2456663,260.42877796385,53.99182662340001,G
WISE J190158.82+490810.9,285.495096722065,49.13634212185417,G
WiggleZ R01J005839546+01130185,14.664811,1.2171520000000002,G
LEDA 2014506,151.29166666666669,32.84527777777778,G
COSMOS2015 1041496,149.78804166666666,2.8816111111111113,G
GAMA 575751,141.15383,-0.16289,G
WiggleZ R01J010042620-00562727,15.177621900000002,-0.940935,G
GAMA J092445.64-011335.6,141.19016,-1.22666,G
VIPERS 115137501,35.54356,-4.9610140000000005,G
SDSS J153034.98+460248.1,232.64578801827705,46.0467071760325,G
WiggleZ S15J150328407+02072986,225.8683644,2.124961,G
GAMA 3032549,173.91953,0.28745,G
SDSS J152320.28+464142.6,230.83452105232917,46.69518041776166,G
WiggleZ S15J151552555+06383708,228.96897899999996,6.643633,G
SDSSCGB 943.3,256.45278298081,22.62908536086,G
2dFGRS TGS827Z238,19.964625,-56.383250000000004,G
[RTG2015] 1803,53.140331,-27.808272,G
TKRS  3996,189.05650791666665,62.206096388888895,G
WiggleZ S15J150218859+04353544,225.5785792,4.593177,G
[MGW96] 233319.65+203259.0,353.96091666666666,20.82638888888889,G
VIPERS 112167561,32.738959,-4.836779,G
SDSS J151625.06+434646.4,229.1044167515071,43.77955791482945,G
WISE J190235.92+611842.1,285.64965214101545,61.31172564084861,G
COSMOS2015 388911,149.37752,1.88289,G
SDSS J154738.53+445434.0,236.91056570989502,44.90946305160028,G
SDSS J140958.99+343004.1,212.49583487597292,34.50114894536333,G
LCRS B014039.8-383249,25.71170833333333,-38.29561111111111,G
COSMOS2015 1016497,149.81249999999997,2.8485000000000005,G
WISE J184025.19+581237.3,280.1050018423967,58.2103609943439,G
2MASX J18235591+4504182,275.9832196294029,45.07187354636417,G
COSMOS2015 1058021,149.80499999999998,2.9068055555555556,G
WiggleZ R01J010029656-02442591,15.123602499999999,-2.740558,G
WiggleZ S15J151803473+06411279,229.5144708,6.686885,G
WISE J043323.50-245043.8,68.34793298232833,-24.84551981657889,G
LEDA 1487301,120.14997112500002,15.538873055555557,G
[BML2002]  159,3.5991000000000004,-30.42817777777778,G
WiggleZ R01J005853383+02032974,14.722466499999998,2.058232,G
LEDA 1613719,217.892951,20.02225,G
WiggleZ S15J151721997+06572019,229.3416558,6.955608000000001,G
GMP 6102,193.82291666666666,26.76833333333333,G
WISE J042507.99-265940.7,66.28326419712542,-26.99466890986751,G
WiggleZ S15J150408247+06002112,226.03436459999998,6.005867,G
LCRS B122740.6-061729,187.56383333333335,-6.56775,G
COSMOS2015 1034931,149.808875,2.874694444444444,G
2MFGC 17905,357.8414,-19.12303888888889,G
WiggleZ R01J005929486-00170186,14.872895400000004,-0.283878,G
SDSSCGB 53535.4,127.39348333333332,26.12486111111111,G
WISE J194746.58+555749.6,296.9439768618246,55.963735755229166,G
2MASX J18553966+6046025,283.91524725466707,60.76722589111639,G
LEDA 3777551,177.35634390697,6.61871334075,G
WiggleZ R01J005750045+03313838,14.458556499999998,3.5273010000000005,G
SDSSCGB 38580.4,207.48682083333333,17.20596388888888,G
2MFGC 14390,276.08474583333333,-47.153388888888884,G
GOODS J123620.30+621729.5,189.08460083333333,62.291649166666666,G
WiggleZ S15J151754096+06435180,229.47539849999998,6.731055999999999,G
2dFGRS TGS893Z338,5.917083333333333,-40.513888888888886,G
WiggleZ R01J005754106+00471395,14.4754779,0.78718,G
LEDA  620559,14.392916666666666,-37.60472222222222,G
COSMOS2015 1054004,149.83166666666665,2.9002777777777777,G
WISE J011054.84-503045.4,17.728568118098753,-50.512520693091666,G
2MASX J18170293+4745164,274.2622083546429,47.75449910550917,G
2MFGC 13964,264.83029166666665,-6.884930555555554,G
COSMOS2015 1049131,149.87520833333332,2.8948055555555556,G
ShaSS 412042332,201.1165507,-32.4912527,G
WiggleZ R01J005919693-00062605,14.8320909,-0.10726400000000001,G
WiggleZ S15J150344938+06024303,225.9372435,6.045287,G
COSMOS2015 303149,149.510625,1.7444166666666667,G
LEDA  895763,197.64333333333332,-16.62638888888889,G
WiggleZ S15J150356433+01392212,225.98513879999996,1.6561460000000001,G
GOODS J123802.24+621720.1,189.50934291666667,62.28901083333333,G
SDSS J141255.07+351653.7,213.2295056156629,35.281593260420834,G
2MASX J18451094+6214103,281.29530127320993,62.23616720457361,G
LEDA 2062509,187.71982012286998,35.30618161429,G
COSMOS2015 1048394,149.89016666666666,2.893277777777778,G
SDSS J080718.36+155609.3,121.82650400000003,15.935929000000002,G
SDSSCGB 63658.2,154.487691,37.335718,G
SDSS J151838.80+451106.1,229.66166545436414,45.18502975273444,G
LEDA 2441332,260.59445,53.446669444444446,G
LCRS B011504.6-384338,19.337541666666667,-38.46411111111111,G
COSMOS2015 1019093,149.87862499999997,2.852361111111111,G
GAMA 373421,141.01515,1.2759699999999998,G
ShaSS 405063973,203.834715,-29.3475352,G
WiggleZ S15J150432104+04461323,226.13376499999998,4.770343,G
COSMOS2015 1049767,149.8528333333333,2.8950555555555555,G
COSMOS2015 254703,149.62375,1.6668055555555554,G
[RGD2013] J084315.513+361210.769,130.81466688576,36.202986684479995,G
WiggleZ S15J150444048+01131645,226.1835324,1.221235,G
LEDA   72866,358.8229166666667,63.755833333333335,G
SDSS J140934.08+352344.4,212.39202958343083,35.395690531009166,G
LCRS B111606.3-053924,169.66166666666666,-5.930416666666667,G
[RTG2015] 1851,53.140152,-27.807964,G
WiggleZ R01J005836338+01313768,14.651446,1.5271040000000002,G
LEDA 2319356,251.50189630013,48.521521278,G
GOODS J123718.56+622028.0,189.32732833333336,62.34111388888889,G
WISE J193337.69+451104.4,293.4070794124938,45.18454173446972,G
[DFV2017] 351,73.79839216016,2.8090588946100006,G
[RTG2015] 3520,53.197051,-27.798671,G
SDSS J132610.73+471715.3,201.54471699999996,47.28759000000001,G
WISE J180532.88+570416.3,271.3870081016854,57.07119553435389,G
GAMA 4277757,140.51128,0.014880000000000003,G
SDSS J155004.62+460239.4,237.5192797736117,46.04432036116083,G
GAMA 3086800,173.81025,1.0994100000000002,G
SDSSCGB 51716.3,242.87839999999997,58.407247222222225,G
WiggleZ R01J010035384-00384413,15.147471899999996,-0.645621,G
WiggleZ R01J005949998-01440352,14.958361,-1.7343380000000002,G
LEDA  904692,34.665,-15.92361111111111,G
WISE J185814.32+492902.2,284.55971160599415,49.48395983066556,G
2MASX J01324414-3341343,23.183947327579997,-33.69302333393,G
SDSS J150738.34+430502.9,226.9097836845029,43.08413293262084,G
WiggleZ R01J005831353-03002023,14.630673999999999,-3.005647,G
WISE J195159.95+523058.6,297.9997001837492,52.5162918684475,G
WiggleZ S15J150444814+02310118,226.1867266,2.516996,G
LEDA 1404469,162.11958333333334,12.142222222222221,G
GAMA 804329,140.74968,0.003760000000000001,G
SDSS J000053.84+135014.3,0.22436000000000003,13.837314,G
COSMOS2015 1020558,149.88079166666665,2.855027777777778,G
WiggleZ R01J010022334-01344610,15.093094000000004,-1.579499,G
SDSSCGB 58344.1,247.7949458333333,-0.35421111111111114,G
WISE J044512.39-240202.2,71.3016729728725,-24.03394911450389,G
WiggleZ R01J010039491+00394252,15.1645839,0.661782,G
SDSSCGB 35174.3,158.563138,41.035622,G
SDSS J090131.79+194108.9,135.382495,19.685824999999998,G
COSMOS2015 1048171,149.87954166666668,2.8931666666666667,G
WISE J042625.32-263143.4,66.60559802836167,-26.528773736279998,G
COSMOS2015 247255,149.6745,1.6588333333333332,G
WiggleZ R01J005926194+01122255,14.859179500000002,1.206237,G
SDSS J013422.92+024630.3,23.595512,2.775084,G
COSMOS2015 1047721,149.86137718271,2.88940725123,G
WiggleZ S15J150131698-01365119,225.38207429999997,-1.6142189999999998,G
SDSS J073730.55+283947.9,114.37732200000002,28.663332,G
LCRS B001601.9-414124,4.630249999999999,-41.41252777777778,G
SDSS J220023.73+033838.0,330.098897,3.6439110000000015,G
WISE J191629.46+493201.3,289.12276117837115,49.53368611234916,G
LEDA 2156528,143.93594970044543,39.842571891054725,G
NGP9 F268-0027535,191.355375,38.07586111111112,G
WiggleZ R01J010009446-00355690,15.0393954,-0.599167,G
SDSS J031551.88+410834.5,48.966185,41.142921,G
GAMA 3030190,140.4064,0.35199,G
SDSS J151812.89+404225.2,229.55370337141423,40.706998234821114,G
2MASX J04204794-2657274,65.19969048153875,-26.95768453451083,G
WiggleZ S15J150149380+05364062,225.45574899999997,5.611285,G
LCRS B002914.2-393356,7.919541666666666,-39.28966666666666,G
LEDA  117777,199.13000000000002,-12.550305555555555,G
LEDA  923201,198.9320833333333,-14.548055555555555,G
WiggleZ S15J150201744+03243279,225.50726549999996,3.409108,G
WISE J043901.06-242249.6,69.75446281914418,-24.380482790480833,G
SDSS J094155.96+323933.8,145.483168,32.659392,G
LCRS B003323.2-390603,8.953833333333334,-38.82577777777778,G
SDSS J084922.64+182801.3,132.344334,18.467033,G
WISE J042835.70-263416.5,67.1487750958325,-26.57129317921778,G
[RTG2015] 3572,53.175405,-27.798409,G
2dFGRS TGS362Z051,5.6691666666666665,-30.446666666666665,G
COSMOS2015 1050173,149.72795833333336,2.896166666666667,G
WiggleZ S15J150346945+06040561,225.94560409999997,6.068226,G
2MASX J18325176+6135546,278.21530191368004,61.59859646809584,G
WiggleZ R01J005826994+00413670,14.612511900000003,0.6935010000000001,G
LEDA 2155581,142.29838880873,39.783126855599996,G
FRL  761,59.0858910649,-54.0107158546,G
WiggleZ R01J010006506+00522566,15.027146400000001,0.873766,G
WISE J044258.27-264714.1,70.742799713265,-26.787269944701666,G
WiggleZ R01J010016246+04151021,15.0677305,4.252808,G
LEDA 1023619,22.94083333333333,-7.156388888888889,G
WISE J181408.64+471209.5,273.5359922411983,47.20263822451334,G
SDSS J230304.63+241951.0,345.769297,24.330853,G
COSMOS2015 1018563,149.86112499999996,2.8518333333333334,G
COSMOS2015 1039426,149.77012499999998,2.8799166666666665,G
2MASX J19225125+5845533,290.7139890212688,58.764721245525834,G
GOODS J123755.53+621547.2,189.48138833333334,62.26311944444444,G
SDSSCGB 20661.4,170.11804999999998,29.055388888888892,G
[RTG2015] 1765,53.176017,-27.808435,G
LEDA  362559,34.44708333333333,-60.538333333333334,G
SDSS J150442.17+005150.4,226.175707,0.863999,G
LCRS B011120.0-391025,18.403958333333335,-38.909194444444445,G
LCRS B010341.4-422100,16.492666666666665,-42.082750000000004,G
SDSS J092617.33+315719.6,141.572242,31.955458999999994,G
SDSS J080940.96+085521.1,122.420692,8.922533999999999,G
ShaSS 416071488,199.4572026,-33.447044,G
SDSS J160720.34+463101.4,241.83477526119918,46.517087616542504,G
SDSS J105612.77+181237.9,164.05321146584,18.210547176139997,G
GAMA 623985,141.22742,0.65368,G
WiggleZ R01J005926050+02041516,14.858577999999998,2.0708489999999995,G
SDSS J090103.71+132615.6,135.265481,13.437675,G
LEDA  164848,356.80121513914,-33.84212430325001,G
SDSS J020400.28+131356.3,31.001177,13.232325000000001,G
WiggleZ S15J150139201+02252054,225.41333639999996,2.422371,G
WiggleZ S15J150309767+05582232,225.79069439999998,5.972865999999999,G
WiggleZ S15J150316644+01333414,225.8193491,1.559483,G
2MASX J04242363-2637477,66.0983808969725,-26.630072172009722,G
LEDA 2023539,176.4658333333333,33.10777777777778,G
COSMOS2015 1034141,149.87920833333334,2.8737500000000002,G
VIPERS 120037861,31.17213,-4.54111,G
LEDA 1407610,197.51105693009998,12.32950849854,G
WISE J042440.65-270306.8,66.16943692247709,-27.051905246981946,G
WISE J043003.06-251327.1,67.51273872963668,-25.22421291623389,G
SDSS J090403.34+205558.2,136.01393,20.932859999999994,G
WISE J184540.86+474608.2,281.42022630595255,47.76892482420944,G
WISE J185221.61+571103.1,283.09001337497415,57.184187831544165,G
WISE J182955.98+492338.7,277.48325763693543,49.394087509165274,G
COSMOS2015 1045483,149.817375,2.8895,G
SDSS J152034.31+414203.1,230.14299577249002,41.70088268904556,G
SDSS J151805.91+413817.7,229.52464393741292,41.63826602052611,G
WISE J043954.27-262644.7,69.97618562621625,-26.445795456591668,G
WISE J191522.71+474956.4,288.84464088295294,47.83232068414084,G
WISE J181745.45+480940.0,274.4393852654058,48.16110698931305,G
SDSS J152654.01+424646.9,231.72507699999997,42.779721,G
WiggleZ R01J010041333+01253604,15.172259499999997,1.4266499999999998,G
COSMOS2015 1052286,149.84875,2.895638888888889,G
WISE J183900.85+563630.5,279.7534942286025,56.60842202001777,G
COSMOS2015 1038739,149.824875,2.8799444444444444,G
GAMA 4010123,173.61786,1.04489,G
WiggleZ R01J010026260+01242544,15.109454500000004,1.4070390000000002,G
COSMOS2015 301015,149.65558333333334,1.7446666666666666,G
SDSS J140531.95+333956.9,211.38310566321456,33.66584025795722,G
WiggleZ R01J005818752+00131410,14.5781694,0.22055499999999997,G
WISE J043853.46-262823.5,69.72279711888373,-26.473217242409994,G
COSMOS2015 1017269,149.88275,2.85,G
[RTG2015] 3504,53.132322,-27.798757,G
[RTG2015] 3677,53.131468,-27.797945,G
SDSS J081612.73+130511.9,124.05305,13.086646,G
WISE J182947.67+515943.5,277.44871936747666,51.99542771918639,G
2MFGC 14682,285.06103333333334,-16.97404722222222,G
WiggleZ S15J150428119+05194708,226.11716119999997,5.329744000000001,G
SDSS J085758.29+074959.5,134.492885,7.83322,G
WiggleZ R01J010035862-02182591,15.149464000000002,-2.3072249999999994,G
ShaSS 414052072,200.80073959999996,-30.356693399999994,G
LEDA 1151340,46.72383927511,-0.12477354539000002,G
WiggleZ R01J005830254-01070273,14.626096000000004,-1.117454,G
SDSS J151625.32+053100.7,229.105506,5.516876,G
WiggleZ R01J005828073-02344556,14.617009,-2.579351,G
WISE J194129.88+530847.8,295.37464164195455,53.14658453565583,G
WISE J004500.43-203320.5,11.251866087832084,-20.555693126445835,G
LCRS B015412.6-394303,29.082458333333335,-39.47352777777778,G
WISE J010043.26-224918.7,15.180316128658749,-22.82194526461972,G
WISE J185827.41+611735.2,284.61432675766616,61.29312384545889,G
SDSS J020423.83+030012.3,31.099333,3.003423,G
WiggleZ R01J005842895-01505910,14.678767000000004,-1.8497789999999998,G
WiggleZ R01J005901831+05005932,14.7576671,5.016449999999999,G
COSMOS2015 473509,150.36536,2.02076,G
WiggleZ R01J005845924+01484491,14.691385000000006,1.8124479999999994,G
SDSSCGB 41805.2,229.71127083333337,33.71405277777778,G
WISE J043349.58-251855.0,68.456623347565,-25.315250963749726,G
GAMA 827809,140.62717,0.9966999999999998,G
LCRS B002920.6-394112,7.946291666666666,-39.41086111111111,G
SDSS J151102.00+422931.8,227.75836894463248,42.4921840948214,G
2dFGRS TGS222Z239,27.677500000000002,-26.540833333333335,G
SDSS J094948.37+010442.0,147.451566,1.078337,G
WISE J010813.48-502212.4,17.056324158589163,-50.37020566464083,G
2MASS J06423363-6459294,100.64011846564416,-64.99152475274362,G
SDSS J160601.78+465617.7,241.50746037007042,46.93825279547805,G
SDSS J153017.09+444824.9,232.57123030285126,44.806933900314164,G
COSMOS2015 1042045,149.83483333333334,2.884666666666667,G
LEDA 1061608,183.9066666666667,-4.1913888888888895,G
WiggleZ R01J005901929-01580277,14.7580765,-1.967465,G
WiggleZ S15J150229330+06023869,225.62220919999996,6.044079999999999,G
[RTG2015] 3563,53.190433,-27.798465,G
LEDA 1950846,197.58654166666668,31.512277777777776,G
WiggleZ S15J151941428+06313539,229.92261579999996,6.526495999999999,G
WISE J182033.19+450657.9,275.1382843950712,45.11608351990722,G
2dFGRS TGN075Z175,197.5545833333333,-5.881111111111111,G
WiggleZ R01J005939362-01354445,14.914045,-1.595709,G
WiggleZ R01J005805299-00084858,14.522115900000001,-0.146857,G
GAMA J092512.00+004115.5,141.29997,0.6876599999999999,G
WiggleZ S15J151850881+06061664,229.71200570000002,6.104622,G
SDSS J150158.52+021222.5,225.493862,2.206252,G
LEDA 2183698,269.2757875,41.602774999999994,G
LCRS B234547.1-443411,357.10237500000005,-44.29194444444444,G
2MASX J00560355-2404234,14.01470201276625,-24.07306716949611,G
COSMOS2015 1050824,149.830875,2.897333333333333,G
COSMOS2015 1046324,149.84862499999997,2.890861111111111,G
WiggleZ R01J005831175-03291249,14.629933,-3.48683,G
GAMA 936882,140.93143,0.7080899999999999,G
SDSS J152135.18+453612.9,230.3966118780983,45.60359519239611,G
WISE J044146.55-255446.0,70.44401336309001,-25.912780791972498,G
WiggleZ R01J005942463-01140838,14.926966,-1.23569,G
COSMOS2015 1057870,149.85704166666665,2.902083333333333,G
WiggleZ S15J151725921+03142047,229.35800610000004,3.239018,G
WiggleZ R01J005904891+05022541,14.7704156,5.040363000000001,G
WiggleZ R01J005852405-01203094,14.718389500000002,-1.341957,G
WiggleZ R01J005830862-00084228,14.6286279,-0.14510699999999999,G
SDSS J101900.25+080504.8,154.751073,8.084668999999998,G
SDSS J100239.92+002344.3,150.666349,0.39566499999999993,G
[RTG2015] 3600,53.181468,-27.798279,G
COSMOS2015 1042858,149.86879166666662,2.8852777777777776,G
SDSS J155301.90+473006.2,238.2579374316183,47.50173091094166,G
WISE J010251.57-222300.1,15.714905438357919,-22.383356534277777,G
WiggleZ R01J005823310+00412586,14.597160899999999,0.690488,G
2dFGRS TGS545Z255,356.6255833333333,-34.25763888888889,G
SDSS J095916.52+231008.2,149.818849,23.168965,G
WiggleZ S15J150435263+05035768,226.146931,5.066023000000001,G
WiggleZ R01J005821304+01382022,14.588804500000002,1.638922,G
GAMA 3635711,140.26011,-1.12093,G
WiggleZ S15J150356834+06271070,225.98680639999998,6.452971,G
WISE J183921.82+550355.8,279.84096900568244,55.065464693337496,G
WISE J044405.57-253244.9,71.02323265466208,-25.54581340141278,G
LEDA 1467800,33.860416666666666,14.813055555555556,G
FRL  128,333.8332304353,-75.88704719056,G
GAMA 4307043,141.0586,-1.35895,G
2dFGRS TGN101Z181,159.57541666666665,-6.019388888888889,G
[RTG2015] 1768,53.157615,-27.808525,G
COSMOS2015 1013212,150.0655833333333,2.844055555555556,G
COSMOS2015 1023358,149.78716666666668,2.856666666666667,G
COSMOS2015 782295,149.69975,2.487638888888889,G
[WLH2009] J218.04388+05.44126,218.04386491734996,5.441250925100001,G
2MASX J19082046+4627503,287.08520790615626,46.46402420705222,G
WiggleZ S15J151847092+03235485,229.6962166667,3.3985694444,G
LEDA 2752607,106.36999999999999,72.9475,G
WISE J044816.24-245002.3,72.06770549102582,-24.83399396911694,G
LEDA  735441,168.26791666666665,-28.946944444444444,G
WiggleZ R01J010029188+04405372,15.121654099999999,4.681561,G
WISE J190627.72+561108.9,286.61553397495163,56.18583485924027,G
2MASX J18131742+5616230,273.3229067561779,56.273169012574165,G
LEDA 1833679,349.87000000000006,28.363611111111112,G
SDSS J085937.30+062742.3,134.905439,6.46175,G
WISE J004141.03-251611.4,10.421038963665001,-25.27001831617472,G
SDSSCGB 70118.2,219.15796719391,52.64807982706,G
SDSS J082930.83+323025.9,127.378459,32.507204,G
LEDA 1183172,198.94169035635252,1.0566908311047223,G
2dFGRS TGS613Z046,5.870833333333333,-35.64861111111111,G
2MASX J00582599-3552487,14.608134180049996,-35.88023238024,G
SDSS J141240.96+425816.7,213.17068699999996,42.971332,G
2dFGRS TGN145Z212,214.0766666666667,-4.255638888888889,G
WiggleZ S15J150325361+03564548,225.8556728,3.945966,G
2dFGRS TGS131Z151,356.176875,-25.518305555555557,G
SDSS J091938.35+145205.4,139.909813,14.868177,G
LEDA 3807901,201.54857236657998,7.753772562229999,G
2MASX J18462564+6037308,281.6071109918928,60.62522937113583,G
COSMOS2015 1053440,149.74616666666668,2.9000833333333333,G
WiggleZ R01J005837969+00524604,14.658242400000004,0.879428,G
WISE J180503.10+595246.4,271.26288545100243,59.87958721826555,G
2MASX J19241640+4656566,291.0681650642896,46.94896561715278,G
COSMOS2015 253020,149.62975000000003,1.6670555555555555,G
COSMOS2015 1042934,149.76299999999998,2.8834444444444443,G
LEDA  143000,232.65833333333333,28.355,G
GAMA J092229.91-000040.1,140.62465,-0.01115,G
COSMOS2015 301981,149.48616666666666,1.7460277777777777,G
LCRS B225743.5-422251,345.13837499999994,-42.11219444444445,G
GOODS J123628.46+620855.5,189.1186033333333,62.14874388888889,G
LCRS B113355.3-054031,174.1182083333333,-5.952083333333333,G
SDSSCGB 47386.2,178.03343750000002,10.878616666666668,G
GAMA 807981,140.57546,0.51499,G
2dFGRS TGS839Z433,3.4854166666666666,-49.433055555555555,G
2MASX J14102256-4211035,212.59421097836997,-42.18424069503,G
WiggleZ S15J150255431+05130891,225.73096319999996,5.219141999999999,G
SDSS J155838.04+454718.4,239.65855420895625,45.78843866039527,G
WiggleZ R01J010030111+04561895,15.125500100000004,4.938568,G
2dFGRS TGS873Z044,341.92895833333336,-70.47097222222222,G
2MFGC 16124,319.28885,62.72612777777778,G
SDSS J085304.32+041825.3,133.268037,4.307041000000001,G
SDSS J101755.18+085925.5,154.479945,8.990434,G
COSMOS2015 1038198,149.75304166666666,2.877361111111111,G
SDSS J155506.73+452726.7,238.77804816931416,45.457432379961126,G
2dFGRS TGN231Z024,166.97737500000002,-3.435277777777778,G
VIPERS 112169483,32.516731,-4.827769,G
SDSSCGB 21901.4,147.08372765591,20.56604455833,G
SDSS J085202.20+164206.8,133.009186,16.701913,G
SDSS J001522.85+145837.6,3.8452409999999997,14.977135999999998,G
SDSSCGB 30928.1,181.10625,27.726861111111113,G
COSMOS2015 1021371,149.7748333333333,2.855611111111111,G
SDSS J094649.92+210332.4,146.708035,21.059025,G
SDSS J031632.88+420600.7,49.13703000000001,42.100213,G
SDSS J150222.14+014218.9,225.592287,1.705271,G
LCRS B000745.8-393641,2.572666666666666,-39.333222222222226,G
WiggleZ S15J150303632+05440941,225.76513509999998,5.735946000000001,G
2MASX J18093916+5527490,272.41314806057915,55.46378702357695,G
[RTG2015] 3714,53.174758,-27.797756,G
WISE J180349.64+555131.5,270.95684981530417,55.8587113858861,G
LEDA 1300403,179.55833333333334,6.421944444444445,G
WiggleZ S15J150404486+06563296,226.01869149999996,6.942488,G
NGP9 F378-0479470,191.80095833333334,22.247888888888887,G
SDSSCGB 54967.1,260.22969910870995,38.27735309334,G
SDSS J005331.08+000653.4,13.379526999999996,0.11485200000000001,G
SDSSCGB 62700.3,227.89806999999996,10.826003,G
SDSS J232145.64-030128.1,350.440168,-3.024477,G
COSMOS2015 1052370,149.786125,2.895638888888889,G
SDSSCGB 12450.5,138.16624921381,14.785768651849999,G
SDSSCGB 66995.1,349.48313300923,13.657685076760002,G
WiggleZ R01J005839710-00393844,14.6654949,-0.660706,G
2dFGRS TGS477Z278,328.7270833333333,-33.9925,G
SDSS J082408.90+164046.6,126.037107,16.679615,G
SDSS J080414.78+010023.1,121.06160500000001,1.0064380000000002,G
COSMOS2015 1047365,149.74233333333336,2.8915555555555557,G
WiggleZ S15J151551244+06542797,228.9635182,6.907768,G
WiggleZ S15J150334291-00302695,225.8928794,-0.5074859999999999,G
SDSS J160115.55+462129.2,240.3148409012287,46.35811420490389,G
SDSS J155022.63+445109.4,237.5943088539246,44.85261411746472,G
WISE J191606.88+551814.7,289.0287558281637,55.304034758354156,G
2dFGRS TGS405Z005,328.09633333333335,-32.44536111111111,G
LEDA 2201282,33.63125,42.555277777777775,G
COSMOS2015 388802,149.37892,1.8824,G
WiggleZ S15J151816925+06592720,229.57051890000002,6.990889000000001,G
WiggleZ R01J010018279+01102073,15.076197999999998,1.1723960000000002,G
SDSS J031523.66-002834.8,48.84861,-0.4763370000000001,G
WISE J184024.62+611803.5,280.1026828471754,61.3009071660861,G
COSMOS2015 249398,150.65616666666668,1.661861111111111,G
SDSSCGB 8630.2,192.15484923471996,6.06342830674,G
2MASX J18200013+6239314,275.0007790791121,62.65871165353055,G
WiggleZ R01J005754207-00142499,14.4758994,-0.24030399999999993,G
2dFGRS TGS005Z017,333.3677916666666,-22.844805555555553,G
SDSS J031537.24+413943.4,48.905189,41.662064,G
WISE J044901.30-240517.6,72.25544045433833,-24.088216253645832,G
COSMOS2015 1054746,149.79675,2.902472222222222,G
SDSS J083819.18+575631.2,129.57993,57.942018,G
WiggleZ R01J005818565+00410975,14.577390900000001,0.6860140000000001,G
2MASX J06511021-7215238,102.79289218665919,-72.25668450848194,G
WiggleZ R01J005933858-02055453,14.891113,-2.098509,G
SDSS J151127.94+421951.0,227.86641650268794,42.330836372831385,G
COSMOS2015 1021675,149.80241666666666,2.853527777777778,G
SDSS J152532.90+441135.4,231.38711427736786,44.193192543714716,G
WiggleZ S15J150157394+05342230,225.48913979999998,5.57286,G
Shk 312-3,16.539166666666667,-3.2591666666666668,G
2MFGC 14989,293.14764768451,-16.84508969687,G
WiggleZ R01J005934255+02060263,14.892766000000002,2.1007020000000005,G
WiggleZ S15J150355153+01533631,225.97980469999996,1.8934189999999995,G
COSMOS2015 1021758,149.74941666666666,2.8555,G
[RTG2015] 3850,53.14674,-27.797108,G
GAMA J092208.26+000923.4,140.53443,0.15651,G
LCRS B002939.9-413531,8.024166666666666,-41.31616666666666,G
SDSS J155848.06+271748.8,239.700267,27.29689,G
WISE J010356.77-232726.0,15.986591374489997,-23.45728538490222,G
COSMOS2015 1022714,149.8575833333333,2.8555833333333336,G
WiggleZ S15J150239514+02033668,225.66464119999998,2.060189,G
WiggleZ R01J005839069+01140921,14.662823499999998,1.2358649999999998,G
2MFGC 15584,308.00865104047,-26.114830616189998,G
WISE J010451.38-250437.1,16.21428680407541,-25.077013783125828,G
2MASX J04472478-2439502,71.85325794297292,-24.66407930395139,G
GOODS J123634.41+620719.0,189.1433695833333,62.12195638888889,G
GOODS J123722.37+621145.4,189.3431425,62.19603194444444,G
SDSS J085858.91+322147.4,134.7455,32.363173999999994,G
2MASX J23550218+7011238,358.75896048631,70.18998127059,G
SDSS J091525.17+134812.0,138.854878,13.803345,G
GAMA 4030808,173.7079,-0.8874200000000001,G
COSMOS2015 1040763,149.85962499999997,2.8830277777777775,G
LCRS B002351.9-393316,6.582000000000001,-39.277861111111115,G
SDSS J031550.13+410941.6,48.95891,41.161576999999994,G
WiggleZ R01J005759886-03115422,14.499561999999997,-3.198423,G
COSMOS2015 1035086,149.87666666666667,2.874861111111111,G
WiggleZ R01J005828485-01211939,14.618725,-1.3554140000000001,G
WISE J181621.16+510503.9,274.0881646908137,51.084380754352225,G
WISE J044313.17-263336.0,70.80492138822375,-26.559999542269168,G
WISE J180653.19+605932.5,271.72167996792456,60.992310429921105,G
WiggleZ R01J010024135-02430355,15.100598499999997,-2.717681,G
SDSS J100930.72+140456.5,152.37804,14.082375999999996,G
GAMA J092409.97-010109.9,141.04163,-1.0193900000000002,G
LEDA  466092,33.86458333333333,-50.473333333333336,G
WiggleZ R01J005948224+00512242,14.9509704,0.8562010000000001,G
SMH J034655.8-543958.6,56.7327995,-54.6663017,G
WISE J044841.31-235341.6,72.17214603063792,-23.894920746480555,G
COSMOS2015 1023330,149.76120833333331,2.8570555555555557,G
SDSS J121743.89+053320.6,184.43290199999998,5.5557370000000015,G
SDSS J015405.30+220057.7,28.522107,22.016036,G
WISE J182553.20+474735.1,276.4716940636338,47.79310894864194,G
ShaSS 413039667,200.5920831,-31.444273,G
WiggleZ S15J150411532+02001392,226.0480486,2.0038679999999998,G
SDSS J153746.30+450008.4,234.4429393080171,45.00235367506278,G
LEDA  819600,45.09583333333333,-22.076944444444443,G
WiggleZ R01J005833729-02313086,14.640575500000004,-2.5252660000000002,G
SDSS J100238.24+123935.3,150.659335,12.659812999999998,G
COSMOS2015 1048061,149.79629166666666,2.8920555555555554,G
SDSS J115656.53+043829.7,179.235568,4.641583,G
SDSS J000908.23+051128.7,2.2843040000000006,5.191317000000001,G
LCRS B014616.4-390522,27.107708333333335,-38.841,G
WISE J011338.99-211412.5,18.41258171428625,-21.23683930135139,G
WISE J004009.83-244457.6,10.04103759102125,-24.74937330488889,G
UVISTADR1 J100007.63+013954.5,150.03175,1.6651944444444442,G
WISE J042037.08-270641.5,65.15449613603208,-27.111520130523335,G
SDSSCGB 31743.1,199.23318841587997,-2.81289611299,G
GMP 6229,193.7427,28.111506,G
NGP9 F268-0486887,187.77441666666664,36.67541666666666,G
SDSS J160124.84+452506.8,240.3535162798679,45.41857240355278,G
WiggleZ S15J150319317+05251690,225.8304858,5.421361,G
VIPERS 110128879,30.682297,-5.03179,G
[RTG2015] 3764,53.161289,-27.797601,G
VIPERS 121089760,32.372706,-4.283305,G
GAMA 927274,174.00611,0.3489299999999999,G
WiggleZ R01J005814829-03103036,14.5618255,-3.1751269999999994,G
ShaSS 411044930,200.38950259999996,-33.38967679999999,G
SDSS J091504.53+153850.6,138.768892,15.647411000000004,G
Anon J010445+0003,16.190291666666663,0.05563888888888889,G
COSMOS2015 1026469,149.75224999999998,2.861888888888889,G
SDSS J222200.25+141727.9,335.50106199999993,14.291098999999996,G
SDSS J002336.88+054704.3,5.9037,5.784542,G
SDSS J151729.25+404423.7,229.371893278935,40.739921581915546,G
LEDA  763002,27.821741430431675,-26.859679510367776,G
GAMA 936995,174.3437,0.6908999999999998,G
2MASX J19025594+6025417,285.7333144790079,60.42829162258277,G
WISE J183229.13+593000.2,278.1213887995733,59.50008047637445,G
WISE J043954.16-250953.6,69.97566894724292,-25.164852438216943,G
COSMOS2015 1045616,149.81208333333333,2.8885,G
WiggleZ S15J150319073+02291062,225.8294718,2.4862830000000002,G
NGP9 F378-0057109,191.39304166666665,25.59058333333333,G
WiggleZ S15J150155053+04581484,225.47938909999996,4.970788,G
WiggleZ R01J005804070-02545374,14.516993500000002,-2.9149570000000002,G
WiggleZ R01J005842496+00390551,14.677101899999997,0.6515029999999999,G
WiggleZ S15J150355683+01211105,225.98201109999997,1.353069,G
COSMOS2015 1059725,149.79258333333334,2.9077499999999996,G
WiggleZ S15J150450942+06144297,226.21225889999997,6.245269,G
SDSS J013926.29+052543.0,24.859544,5.428633,G
COSMOS2015 1049110,149.80875,2.8935,G
COSMOS2015 301041,149.65762500000002,1.7444722222222222,G
COSMOS2015 1057101,149.82245833333332,2.9056666666666664,G
2dFGRS TGN388Z198,188.63599999999997,1.465472222222222,G
2dFGRS TGS441Z187,10.363041666666666,-31.659611111111108,G
SDSS J001346.62+114749.0,3.444283,11.79695,G
SWIRE J032759.34-272842.2,51.99729166666667,-27.478388888888887,G
SDSS J152227.00+445357.0,230.61251416917833,44.899182097943886,G
WiggleZ R01J005841584-01162370,14.673303999999998,-1.273277,G
WiggleZ R01J005837686-02513140,14.6570635,-2.858749,G
SDSS J023032.21-004727.1,37.634225,-0.790889,G
COSMOS2015 1026505,149.80975,2.8631666666666664,G
NGP9 F378-0518552,187.58208333333334,21.832583333333332,G
NGP9 F322-1721558,191.36749999999998,27.076999999999998,G
LEDA  657831,197.52249999999998,-34.766666666666666,G
LEDA 1067683,202.90208333333334,-3.7233333333333336,G
2dFGRS TGS456Z210,27.94291666666667,-31.851111111111113,G
2MASX J16551396-5157298,253.80796216109997,-51.95820389052,G
COSMOS2015 1018013,149.87637499999997,2.850416666666667,G
COSMOS2015 697707,149.54829,2.35819,G
WiggleZ S15J150252287+05542162,225.7178623,5.906005,G
WiggleZ R01J005910339+00572388,14.793116399999999,0.956606,G
WiggleZ S15J150213384+05533350,225.5557677,5.89264,G
WiggleZ R01J010004321-00231701,15.0180429,-0.388086,G
WISE J182813.18+491452.2,277.0550082072141,49.24784880519805,G
LEDA  553301,52.26708333333334,-43.096944444444446,G
WiggleZ R01J005954684+05062817,14.977886599999996,5.107798,G
LCRS B234706.9-384114,357.4310416666667,-38.40922222222222,G
COSMOS2015 1051549,149.73333333333335,2.898138888888889,G
2MFGC 17629,352.45870833333333,47.62744166666667,G
WiggleZ R01J005821353-00355884,14.589008400000003,-0.599707,G
DEEP2-GRS 12009039,214.12258,52.49643,G
NGVS J122327.96+053326.7,185.8664995,5.5574151,G
WISE J185200.40+503601.1,283.0016422496238,50.600202266508056,G
2MFGC 16136,319.56625810265,60.77770135995001,G
[RGD2013] J112447.854+212924.899,171.19939166666668,21.490249722222224,G
WiggleZ R01J005851644-01124748,14.715218500000002,-1.213218,G
COSMOS2015 699987,149.48725000000002,2.3608611111111113,G
LEDA 1087166,48.31583333333334,-2.613611111111111,G
WISE J191224.70+463726.1,288.1029078552575,46.623862831151385,G
GAMA 958075,174.41464,-0.40127,G
IRAS 21478-7516,328.1490169583333,-75.041695,G
COSMOS2015 1054524,149.78233333333333,2.900888888888889,G
WiggleZ S15J150435041-01094365,226.1460043,-1.162124,G
LEDA 3088381,34.67583333333333,37.12722222222222,G
COSMOS2015 1058703,149.74754166666665,2.906083333333333,G
WiggleZ S15J151931426+06365841,229.8809401,6.616226000000001,G
2MASX J19435833+5552207,295.993034278195,55.872389372525,G
LEDA 1615179,14.40125,20.065833333333334,G
LEDA 1427048,33.90958333333333,13.278611111111111,G
SDSSCGB 19489.2,122.19197831824998,5.476366171180001,G
WiggleZ R01J005753846+00515703,14.474394900000005,0.865815,G
SDSS J152925.16+073322.7,232.35483966495,7.556293846560001,G
2MASX J22502461-1917034,342.60255747812,-19.2843561568,G
SDSS J102921.70+154926.7,157.34043,15.824105,G
SDSS J000331.50+032007.0,0.88129,3.3352800000000005,G
WiggleZ R01J005957371-02142886,14.989081,-2.241377,G
GAMA 808264,140.19964,-0.8964099999999998,G
2MASX J18315534+4737112,277.9808285092883,47.619861779646946,G
COSMOS2015 1051889,149.88341666666665,2.89825,G
SDSS J031612.64+405334.1,49.052693999999995,40.892806,G
WiggleZ R01J005839922+01141195,14.66638,1.236625,G
2MASX J18172428+5825066,274.3509477272767,58.418354041955546,G
WiggleZ S15J150215325+06191414,225.56385239999997,6.320595,G
LEDA  663556,199.20916666666668,-34.35,G
WISE J181214.68+533324.2,273.0611420053633,53.55662517954166,G
WISE J042958.11-265557.3,67.49219705051541,-26.93255255027028,G
WiggleZ S15J150403952+01315373,226.0164672,1.5315919999999998,G
WiggleZ S15J150157752+01175539,225.490633,1.298719,G
WiggleZ S15J150150808+03002211,225.4616988,3.0061399999999994,G
WiggleZ S15J151601817+06585154,229.00757039999996,6.980984000000001,G
WiggleZ R01J005957609-00335440,14.990073899999999,-0.565138,G
LEDA 3840767,227.30945463805998,14.036188542870002,G
WiggleZ S15J151849685+06424860,229.70702290000003,6.7134990000000005,G
[WLH2009] J256.75662+23.57385,256.75660974602,23.573846134089997,G
COSMOS2015 262074,149.62058333333334,1.681611111111111,G
GAMA 827747,140.42356,1.04341,G
NGP9 F322-1409501,191.70441666666665,27.820638888888887,G
SDSS J152040.56+421357.4,230.1690260715275,42.23261128706584,G
SDSSCGB 14068.1,199.806925,-0.6037777777777779,G
WiggleZ S15J150428452+02174018,226.1185498,2.294495,G
WISE J044457.54-245353.2,71.2398860222254,-24.89814007981111,G
[FCB2017] J022643.5-413951.8,36.681250000000006,-41.66438888888889,G
SDSS J155422.12+465048.6,238.59217824531916,46.84681951355027,G
WISE J190757.17+602940.0,286.9881963789567,60.49442777780306,G
GAMA 217112,141.38666,0.5140400000000002,G
COSMOS2015 1042316,149.8803333333333,2.8842222222222222,G
WiggleZ R01J005856090-01440482,14.733745000000003,-1.7346989999999998,G
SDSS J083120.42+090823.5,127.83509199999999,9.139881,G
WISE J183856.59+582839.2,279.7358476053212,58.47764914971056,G
WiggleZ S15J150314725+02421912,225.81135329999998,2.70531,G
LEDA 1310655,26.028333333333332,6.946666666666667,G
WISE J185626.62+544858.5,284.1110572693821,54.81620223709333,G
WISE J060420.43-730102.6,91.08519678655041,-73.0173765341686,G
LEDA 1321760,177.00416666666666,7.4366666666666665,G
GAMA 3086878,173.84752,1.12525,G
LEDA  610400,33.337875000000004,-38.314499999999995,G
SDSS J101217.19+084436.8,153.071627,8.743556,G
WISE J183358.20+453504.1,278.49246765499083,45.584531925676934,G
SDSS J031623.07+414630.7,49.096142,41.775195,G
COSMOS2015 1041749,149.76966666666664,2.8831666666666664,G
WISE J183833.50+540614.7,279.6395271243329,54.10417497192806,G
SDSS J151547.03+420801.2,228.94595625161494,42.13367092633722,G
WiggleZ S15J150240174+05112416,225.6673908,5.190043999999999,G
GAMA 807985,140.63781,0.44175,G
WISE J062233.72-704431.3,95.64053758082915,-70.74205335812749,G
2dFGRS TGS497Z085,5.650833333333333,-33.41277777777778,G
COSMOS2015 1016853,149.80320833333332,2.84825,G
WiggleZ R01J010031827-01472666,15.1326505,-1.790766,G
WiggleZ R01J005752369+01574140,14.468242000000002,1.9614709999999997,G
LCRS B003625.5-422647,9.705874999999999,-42.17177777777778,G
LEDA 3378547,116.55530374881,32.22218626448,G
WiggleZ R01J005803971-01411798,14.516582500000002,-1.688355,G
WiggleZ S15J150133340+05381489,225.3889165,5.637468,G
SWIRE J033213.92-281128.9,53.05804166666667,-28.191361111111114,G
WiggleZ R01J005952116-02044925,14.967188499999997,-2.080374,G
SDSSCGB 31825.4,150.06428749999998,48.36752777777778,G
WiggleZ S15J150133567+04145146,225.38986289999997,4.247627,G
COSMOS2015 1020114,149.82287499999998,2.8543611111111113,G
SDSSCGB 55785.1,137.34301666666667,39.14405277777778,G
2dFGRS TGN001Z034,181.51621936157412,-6.525626526918056,G
WiggleZ S15J150410346+02495795,226.0431085,2.832764,G
WiggleZ S15J150132360+06214779,225.3848346,6.3632740000000005,G
SDSS J161916.80+265723.8,244.82002900000003,26.956616999999998,G
WiggleZ R01J005948893-00270634,14.953757400000004,-0.451789,G
COSMOS2015 1030778,149.80658333333332,2.8649722222222223,G
SDSS J102333.17+072821.9,155.88823,7.472749999999997,G
SDSSCGB 44997.4,206.14339583333333,2.6606249999999996,G
WiggleZ S15J150427053-00083528,226.1127204,-0.143132,G
WiggleZ S15J150351680-00244611,225.9653343,-0.4128089999999999,G
LCRS B001537.2-394034,4.5289166666666665,-39.39838888888889,G
COSMOS2015 1024625,149.85241666666664,2.8602499999999997,G
WISE J183221.87+481306.3,278.09115528871666,48.21836039626334,G
WiggleZ R01J005847560-03123615,14.698203999999999,-3.21007,G
WISE J192421.70+503826.7,291.0903998041995,50.640715760906396,G
WISE J004920.96-220348.5,12.337347926182497,-22.063551435936667,G
WiggleZ S15J150140674+01330828,225.4194752,1.5523000000000002,G
WiggleZ S15J150413460+02345987,226.0560853,2.5832960000000003,G
SDSS J151640.53+415943.2,229.16890058427458,41.995338903121116,G
WISE J060832.66-735721.6,92.13608107191666,-73.95601427288221,G
2MASX J22355297-4454556,338.97077093449,-44.91544806381,G
[RTG2015] 1726,53.165694,-27.808741,G
WiggleZ R01J005901122-02530734,14.754713500000001,-2.885401,G
COSMOS2015 697653,149.624375,2.3571944444444446,G
WISE J003219.55-230929.2,8.081544246329166,-23.158138387237223,G
COSMOS2015 1040532,149.77066666666667,2.8788333333333336,G
WiggleZ R01J005809720+01173049,14.540536000000003,1.291774,G
SDSS J150409.79+424737.7,226.04083928586707,42.793832636773615,G
WiggleZ R01J005845445-01283883,14.689389999999994,-1.47748,G
SDSSCGB 51862.3,240.6603166666667,45.97377222222222,G
LEDA  984525,6.784488894930001,-9.9357602268,G
SDSS J155308.02+034817.2,238.283453,3.804799,G
GOODS J123746.84+621743.4,189.44527333333332,62.295453888888886,G
SDSS J155515.98+453045.4,238.81658171716748,45.51263120887251,G
VIPERS 112197747,32.745277,-4.695763,G
WiggleZ R01J010007335+00542459,15.030600899999996,0.906802,G
EGSIRAC J141655.91+522659.0,214.23296720833332,52.44972677777777,G
SDSSCGB 6027.1,145.86532985459,10.00854680551,G
LEDA  541234,14.384541666666665,-44.06919444444445,G
SDSS J031614.32+420253.1,49.059687,42.048085,G
COSMOS2015 1019002,149.7361666666667,2.8525555555555555,G
[RTG2015] 1705,53.179113,-27.808761,G
SDSS J031702.07+000125.1,49.258642,0.023648,G
SDSS J143216.20+425821.3,218.067508,42.972604,G
LEDA 1523133,204.30083333333334,17.039444444444445,G
COSMOS2015 1029838,149.74270833333333,2.8681666666666668,G
WiggleZ R01J005936486+00155414,14.902061400000001,0.26501099999999994,G
WiggleZ R01J005846101+00500836,14.692122900000003,0.8356280000000001,G
GAMA 369264,141.2944,0.9153199999999999,G
WISE J180429.89+525714.6,271.1245291047796,52.95406518909,G
COSMOS2015 252852,150.11241666666666,1.66675,G
VIPERS 120046034,31.659046,-4.506638,G
COSMOS2015 1034909,149.82454166666665,2.8746666666666667,G
COSMOS2015 1028797,149.81866666666667,2.8666666666666667,G
SDSS J154020.66+451407.1,235.08610796152544,45.235321314087784,G
WiggleZ R01J010041819+04404270,15.1742846,4.6785,G
LEDA 1308544,191.41458333333335,6.841666666666667,G
SDSS J154914.33+455300.2,237.30972834033838,45.88338748237583,G
COSMOS2015 1021211,149.873125,2.8554444444444447,G
COSMOS2015 1015560,149.865625,2.847888888888889,G
WiggleZ S15J150239063+06441884,225.66276259999998,6.738568,G
2MASX J18121423+5811010,273.0594445895483,58.183722142274995,G
WiggleZ S15J150242912+02012161,225.67879829999998,2.02267,G
2dFGRS TGS455Z118,26.311,-32.163999999999994,G
[PSC2013b] g-00427,194.2992,47.5864,G
WiggleZ R01J005959642+04252617,14.998544599999999,4.423909,G
GMP 5789,193.95166666666668,28.43166666666667,G
NGP9 F322-1244689,191.74249999999998,28.37313888888889,G
COSMOS2015 248976,150.17954166666667,1.660611111111111,G
WiggleZ S15J151629854+06123659,229.1243905,6.210162999999999,G
2MASX J01333382+5041162,23.391101498029997,50.68782204147999,G
LEDA 1004833,199.87624999999997,-8.350277777777777,G
SDSS J234708.43+064059.3,356.785139,6.683155,G
2MASX J20153350+5608270,303.88954254555915,56.14078744505611,G
WiggleZ R01J005852530-02211561,14.718910000000003,-2.354364,G
LEDA  990473,199.36999999999998,-9.48472222222222,G
2dFGRS TGS462Z209,35.59729166666667,-31.755277777777778,G
SDSS J083411.12+562539.9,128.546364,56.427757,G
GOODS J123615.16+621207.9,189.0631758333333,62.2021888888889,G
WiggleZ R01J010007676+03460484,15.032018499999994,3.767982,G
SDSS J154027.86+441425.5,235.1161214084479,44.240439934595564,G
SDSS J085453.41+172651.4,133.722561,17.447624000000005,G
WiggleZ S15J150153150+03041049,225.4714567,3.069579,G
ShaSS 405072204,203.6994422,-29.1900701,G
WiggleZ S15J150206399+01480932,225.52666059999999,1.802589,G
WiggleZ R01J005839548-01441709,14.6648215,-1.738108,G
WiggleZ S15J150349740+03552434,225.95724889999997,3.923428,G
COSMOS2015 300932,149.51950000000002,1.7429166666666667,G
SDSS J150202.63+413517.1,225.51098989528873,41.588091476173055,G
SDSS J102428.39+104812.6,156.118304,10.803505,G
WiggleZ R01J010040002+03511997,15.166712499999997,3.8555200000000003,G
GAMA J092407.03-000239.9,141.02936,-0.04444,G
GOODS J123606.87+621211.3,189.02863083333332,62.20314805555556,G
2dFGRS TGS204Z094,5.972916666666667,-27.871944444444445,G
SDSS J081901.78+230236.4,124.75744999999999,23.043459,G
GOODS J123705.93+622300.3,189.27474999999998,62.38338888888889,G
LEDA  502434,33.262916666666676,-47.37166666666667,G
2MASX J04215476-2639357,65.47833529786874,-26.65990300325361,G
IRAS 22166+3930,334.70533944065784,39.763488231020276,G
WiggleZ R01J005853963-02144878,14.724884499999998,-2.2469109999999994,G
SDSS J233604.77+223753.5,354.019899,22.631528000000003,G
SDSS J092338.71+055558.1,140.911306,5.932811,G
SDSS J152209.44+465149.1,230.53937153783917,46.86363891975584,G
SDSS J151800.99+055735.0,229.504126,5.959731,G
SDSS J151539.89+451104.1,228.91619889204665,45.18449010847416,G
WISE J190914.62+560419.9,287.3109825560908,56.07218830456112,G
SDSS J154626.05+454058.1,236.60855362342082,45.68280638818666,G
GMP 6555,193.54708333333332,28.448055555555555,G
2MASX J19265497+5725267,291.72894287556494,57.42412349780445,G
Shk 267-6,23.502083333333335,-10.081666666666667,G
2dFGRS TGS867Z540,6.08,-17.060277777777777,G
SDSS J150155.96+043455.0,225.483197,4.581954,G
LEDA  117964,199.93158333333332,-6.487777777777778,G
[RTG2015] 3835,53.140476,-27.797223,G
NGP9 F322-0405216,193.18099999999998,30.821916666666667,G
SDSS J221344.89+271254.6,333.43706999999995,27.215172,G
2MFGC 13498,252.8392166666667,-62.08678888888889,G
WiggleZ S15J150232934+02051992,225.63722559999997,2.088867,G
WiggleZ R01J010035166+00555008,15.1465629,0.9305510000000001,G
SDSS J151600.31+422335.3,229.00131162521168,42.39311867751528,G
LEDA 3527518,135.30448390498208,36.265379004836106,G
2MASX J18365283+5805064,279.2199890653729,58.085068661021104,G
SDSS J002426.54-055907.3,6.110600000000001,-5.985376,G
SDSS J091035.92+155536.6,137.649705,15.926834999999999,G
ShaSS 409064670,202.26491209999998,-30.206944499999995,G
SDSS J090306.18+053023.4,135.775784,5.506518999999999,G
LCRS B012516.3-383640,21.877458333333333,-38.352361111111115,G
COSMOS2015 1039960,149.86874999999998,2.8817777777777778,G
WISE J044218.23-260736.4,70.57597849632333,-26.12679379177278,G
WISE J043215.74-241914.2,68.06565835862291,-24.320631812324166,G
SDSS J155111.01+453646.0,237.79591724035748,45.61279527174667,G
[RTG2015] 3757,53.132993,-27.797602,G
WiggleZ S15J151826107+03212429,229.60877980000004,3.3567479999999996,G
WiggleZ S15J150406167+05174894,226.0256954,5.296928,G
SDSS J014704.04-080430.3,26.766871000000002,-8.075111000000001,G
LEDA  792911,351.25357250404,-24.16375074882,G
2MASX J18161721+5921116,274.0720099239616,59.353196274295286,G
WiggleZ S15J150148265+01203878,225.45110509999998,1.344106,G
WISE J183723.06+462637.2,279.34604480986,46.443557013967215,G
SDSS J152459.76+461042.3,231.2490253126667,46.178409076753326,G
LCRS B020138.1-391902,30.933750000000003,-39.07775,G
WiggleZ S15J150206993+01245511,225.52913609999996,1.4153090000000002,G
WISE J185418.00+543029.3,283.5749965991954,54.50813526510917,G
SDSS J101015.10+074826.7,152.562941,7.807420000000001,G
WiggleZ R01J005948098+00510927,14.950443900000003,0.8525470000000002,G
LEDA  974052,199.00375,-10.763055555555555,G
WiggleZ S15J150354487-00111784,225.9770307,-0.188289,G
SDSS J100058.00+175503.2,150.241679,17.917562000000004,G
[RTG2015] 3508,53.196804,-27.798736,G
WiggleZ R01J005925750-03083961,14.857328500000001,-3.144364,G
SDSS J142350.79+365307.6,215.9616238788558,36.88546223941195,G
GAMA 3086777,173.70477,1.04899,G
SDSS J142748.27+430324.9,216.951152,43.056926999999995,G
LCRS B235235.2-443517,358.79495833333334,-44.30975,G
SDSSCGB 54812.2,187.02374326361996,68.63673653329,G
WiggleZ S15J150153081+02553154,225.4711709,2.925429,G
SDSS J100154.92+173243.5,150.478867,17.545425,G
WISE J044104.53-270501.0,70.2688937999925,-27.083628272728337,G
WISE J193158.79+573357.1,292.99491356673246,57.56584772189389,G
COSMOS2015 1045694,149.765,2.8902222222222225,G
SDSS J235410.33+035232.2,358.543052,3.8756239999999997,G
2MASX J19253425+5840124,291.3929960072971,58.67003927881944,G
WISE J181417.40+523415.3,273.57246793827085,52.57087438855278,G
2MASX J23555655+1136474,358.98556626707,11.61311317165,G
SDSSCGB 73593.3,145.85193333333333,6.328872222222222,G
GOODS J123739.05+621559.2,189.41272791666668,62.26652,G
WiggleZ S15J150332989+05513411,225.887454,5.859474,G
LEDA  124761,2.892375,-38.713750000000005,G
WISE J044454.42-240624.3,71.22683474501041,-24.106654016438338,G
2dFGRS TGS817Z085,60.02800000000001,-49.696666666666665,G
SDSS J091429.32+141124.9,138.622187,14.190275,G
[RTG2015] 1799,53.138547,-27.808281,G
SDSSCGB 19348.2,242.89840833333335,6.193663888888889,G
SDSS J091516.08+135404.1,138.817015,13.901161999999998,G
WiggleZ R01J005923275+00322532,14.847014400000003,0.540338,G
SDSS J155045.97+453758.3,237.69155269194414,45.632868664565,G
SDSS J151524.70+412555.8,228.85291043444624,41.43215252871639,G
SDSSCGB 56289.2,173.49044583333333,7.928444444444442,G
WISE J193007.06+514936.1,292.5294129985183,51.82673077840583,G
SDSS J160259.78+464103.8,240.74915060888213,46.68440532131665,G
COSMOS2015 300232,149.495,1.7436944444444447,G
WiggleZ R01J005834553+00565686,14.644005900000002,0.949099,G
SDSS J095704.96+180051.0,149.270699,18.014167,G
WiggleZ S15J150222231+06365732,225.5926305,6.6159229999999996,G
LEDA  932780,199.14750000000004,-13.820833333333333,G
SDSS J151754.93+442246.5,229.47891000442044,44.379587831928056,G
WiggleZ S15J150432162+01220678,226.1340102,1.3685510000000003,G
VIDEO J022701.64-042822.52,36.756933333333336,-4.472852777777778,G
WISE J184553.84+555617.1,281.474293627395,55.938082314301106,G
WISE J042725.24-263950.4,66.85518478473666,-26.663987457674722,G
LEDA  575133,1.7348333333333334,-41.48847222222223,G
LCRS B001645.3-415317,4.810291666666667,-41.61058333333334,G
2MASX J18311196+5346077,277.79962373280455,53.76879975239444,G
LEDA 2273811,184.70541666666665,46.00277777777778,G
WiggleZ R01J005839730-00564866,14.6655774,-0.9468769999999999,G
GOODS J123708.51+622231.3,189.2854516666667,62.37535638888889,G
WiggleZ S15J151750093+07020535,229.45872079999998,7.034821,G
[CWF2012] 222.450989+09.037720,222.45097663266,9.03772321091,G
WiggleZ S15J150430744+03231047,226.1281021,3.386241,G
LCRS B212959.2-384321,323.271875,-38.500527777777776,G
WiggleZ S15J150343550+02452196,225.93145919999998,2.756101,G
2dFGRS TGS893Z292,6.07375,-40.06861111111112,G
SDSSCGB 754.2,188.96783394752998,27.932073736510002,G
WiggleZ R01J005943889+01463073,14.932905999999996,1.7751759999999999,G
SDSS J023452.16+000219.1,38.717354,0.03865999999999999,G
SDSS J095228.02+084300.3,148.11675,8.716773,G
GAMA J092215.72+000428.1,140.56552,0.07448,G
SDSS J152620.14+432720.6,231.58392920552376,43.45573430593362,G
2dFGRS TGS223Z172,27.882083333333334,-27.540833333333335,G
2MASX J18382902+5813219,279.62122465741123,58.222721313909716,G
SDSS J092436.59+032616.6,141.152464,3.437955,G
WiggleZ S15J150450209+04511130,226.2092034,4.8531379999999995,G
COSMOS2015 1045813,149.86241666666663,2.890444444444445,G
SDSS J085015.95+064002.4,132.566477,6.667359,G
2dFGRS TGS613Z043,6.00875,-35.538333333333334,G
LEDA 2033313,1.5691666666666666,33.49944444444444,G
SDSSCGB 38585.2,184.20992414048996,32.30232980828,G
WiggleZ R01J005936879-00015939,14.903697900000001,-0.033192,G
GAMA J092013.73+003000.4,140.05725,0.50011,G
WiggleZ R01J005842003-02064575,14.675051499999997,-2.112736,G
WiggleZ R01J005759559-01085398,14.498201500000002,-1.148357,G
COSMOS2015 1032847,149.8435833333333,2.8702222222222225,G
VIPERS 113170778,33.620355,-4.84579,G
WiggleZ R01J005910756-00151639,14.794854899999997,-0.2545799999999999,G
WiggleZ R01J005806837-02213840,14.528525499999995,-2.360696,G
WISE J193703.33+572900.7,294.26391644848087,57.48352274389167,G
WiggleZ R01J005909035-03140892,14.787682,-3.235838,G
COSMOS2015 248687,150.29104166666667,1.6609166666666666,G
WiggleZ R01J005838810-03154664,14.661744999999996,-3.262984,G
VIPERS 127046472,37.957995,-4.47629,G
SDSS J093714.73+094943.4,144.311414,9.828731999999999,G
2MASX J23262740-2222433,351.61412051557,-22.37878307387,G
[RTG2015] 1683,53.150403,-27.808977,G
WiggleZ S15J150339470+06124911,225.91445769999999,6.213642,G
WiggleZ R01J010010927-00292888,15.045564900000002,-0.49138400000000015,G
SDSSCGB 38704.2,149.37403333333333,0.5697583333333334,G
COSMOS2015 256206,150.65683333333334,1.6726666666666665,G
COSMOS2015 1027175,149.79291666666666,2.863888888888889,G
COSMOS2015 1029314,149.74841666666666,2.867138888888889,G
WISE J043042.93-262845.8,67.67892629018166,-26.479421554222498,G
COSMOS2015 1044370,149.74516666666668,2.8881944444444443,G
2MASX J04372670-2526340,69.3612945465146,-25.44286298982417,G
WiggleZ R01J005831837-00240155,14.632689900000003,-0.400458,G
COSMOS2015 1051223,149.88449999999997,2.8975,G
WiggleZ R01J010041302-00504064,15.172128900000002,-0.844649,G
COSMOS2015 301597,149.52845833333333,1.7450277777777778,G
SDSS J151650.40+443955.0,229.2100080932846,44.665280661148884,G
SDSS J154733.18+472013.3,236.8882774709075,47.337031711201114,G
SDSS J093328.29+071221.7,143.367876,7.206029999999998,G
[RTG2015] 3492,53.197513,-27.798712,G
SDSS J151243.91+440543.7,228.18297664759123,44.09547225182639,G
COSMOS2015 1044164,149.77929166666664,2.8874166666666667,G
SDSS J151731.95+044539.4,229.383131,4.760961,G
SDSS J152157.70+420717.1,230.49044347743126,42.12144360492361,G
COSMOS J095912.85+025407.9,149.80354166666666,2.902194444444444,G
LEDA 1587677,205.86607295601956,19.304039869535277,G
LEDA 3573333,254.77382706488,18.60566279976,G
SDSS J092502.23-000010.4,141.25930416666665,-0.0028944444444444447,G
SDSS J224052.55+062040.1,340.218962,6.344474000000001,G
FRL  879,299.88028002197,-52.41112891351,G
COSMOS2015 1052923,149.81495833333332,2.8997777777777776,G
[ORN2011] 003.399583-30.315722,3.3995833333333336,-30.31572222222222,G
2dFGRS TGS817Z001,60.17958333333333,-49.10852777777778,G
LEDA  410388,0.12458333333333334,-55.335,G
SDSSCGB 20902.2,206.0440958333333,21.294186111111113,G
WiggleZ S15J150422552+02184783,226.0939676,2.313285,G
AM 2219-265,335.62916666666666,-26.745,G
SDSSCGB 41525.1,141.26038333333332,34.25782777777778,G
WiggleZ R01J005820433-02002763,14.585176000000002,-2.007702,G
LEDA 3489980,224.59381886654998,47.2155884146,G
COSMOS2015 1025393,149.72887500000002,2.861361111111111,G
SDSS J142412.11+371701.1,216.05048411127,37.283667723273055,G
WiggleZ R01J005803639-03211834,14.5151995,-3.3551230000000003,G
LCRS B001955.4-391542,5.600791666666666,-38.98444444444444,G
NGP9 F322-0269195,191.90658333333334,31.107,G
SDSS J012728.13+012139.0,21.867244000000003,1.3608329999999997,G
WiggleZ R01J005958609-02460978,14.994239500000004,-2.769412,G
LEDA 2590214,164.35730322965,59.41698252875,G
SDSS J091755.44+072059.9,139.481031,7.349973000000002,G
[RTG2015] 3790,53.133461,-27.797471,G
GOODS J123600.65+621359.6,189.00271041666664,62.233227777777785,G
WiggleZ R01J005941837+00121835,14.924358900000003,0.205068,G
SDSS J094058.62+093257.3,145.244258,9.549253,G
WiggleZ S15J150135492+06595139,225.39788539999998,6.997608,G
COSMOS2015 1042615,149.75187499999998,2.8842777777777777,G
SDSS J021929.93+032733.5,34.87470999999999,3.4593070000000004,G
SDSS J080829.94+103436.2,122.124773,10.576741999999998,G
LEDA 1627337,235.6283333333333,20.439166666666665,G
WiggleZ R01J005902455-02590639,14.760266500000002,-2.985135,G
GAMA 271313,173.5652,1.31107,G
WiggleZ R01J005943328+01122848,14.930572000000003,1.207883,G
SDSS J151031.47+410340.5,227.63115805035582,41.06126332994916,G
WISE J180524.57+442622.6,271.3523886156612,44.43967057494249,G
WISE J011836.82-494300.4,19.653536590577506,-49.716776432430564,G
SDSS J135752.85+425902.9,209.47024,42.98413999999999,G
2MASX J04235937-2654415,65.99727896902333,-26.911635578605274,G
WiggleZ R01J005957699+00213527,14.990447399999999,0.359769,G
GAMA 6686,173.59687,0.75249,G
COSMOS2015 302124,150.20675,1.7467222222222223,G
SDSS J225002.80+190930.8,342.51167,19.158562999999997,G
WISE J082224.34-700636.0,125.60141200274208,-70.11002023863527,G
COSMOS2015 1017231,149.80474999999998,2.849861111111111,G
[RTG2015] 4726,53.147084,-27.787813,G
COSMOS2015 1026500,149.87924999999998,2.86325,G
[SJV2010] J064749.814+701455.853,101.95755833333335,70.24884722222222,G
[RTG2015] 3749,53.195153,-27.797702,G
LEDA 3502499,253.93241892309,32.24867939164,G
SDSSCGB 73456.3,156.999094,17.491340999999995,G
SDSS J081624.90+013634.7,124.103785,1.6096650000000001,G
WiggleZ R01J005805983-01594836,14.524964499999996,-1.996794,G
WISE J192154.65+492647.9,290.47765071676326,49.44664993446722,G
2MASX J07380420-6901423,114.51716353586501,-69.02829033568166,G
WiggleZ R01J005811993-01064607,14.550008499999997,-1.112824,G
SDSS J090837.23+132212.0,137.155141,13.370026,G
WiggleZ R01J010007697-00434710,15.032106900000004,-0.7297770000000001,G
SDSSCGB 4312.3,188.43063536051997,-2.8473870850800007,G
2dFGRS TGN431Z217,160.92704166666667,0.9322777777777778,G
SDSS J021329.61-003841.2,33.373388,-0.644792,G
LEDA  965070,199.93375,-11.49611111111111,G
WISE J183748.64+623031.9,279.45257711234876,62.508867793842214,G
WiggleZ S15J150429998+04253041,226.1249935,4.425114,G
WiggleZ R01J005951427-03085495,14.9643175,-3.1486250000000005,G
WISE J181803.88+472530.8,274.5162119990504,47.42523889073778,G
SDSS J004411.23+153408.6,11.046823999999999,15.569058000000002,G
SDSSCGB 73449.3,180.51063899999997,-3.379396,G
WISE J005944.88-234916.0,14.937078356552915,-23.821192447796108,G
WISE J011127.25-502657.0,17.863691146472085,-50.44920287429778,G
SDSS J080729.41+080253.6,121.87256399999998,8.048232999999998,G
SDSS J092754.93+073629.2,141.978906,7.608125,G
LEDA 1257271,140.114075,3.714657,G
WiggleZ R01J005831558-03094362,14.631527499999999,-3.162145,G
WISE J191436.86+472725.0,288.65366666521294,47.45693398784556,G
COSMOS2015 299367,149.51970833333334,1.742027777777778,G
LEDA 2796485,14.383749999999997,58.75333333333333,G
WISE J044213.47-270150.0,70.55622065169668,-27.030627394569997,G
SDSS J120333.82+363618.7,180.89093199999996,36.60521,G
LEDA  109496,30.80281573661,-41.15646118742,G
SDSS J015149.94+124858.5,27.95809,12.816271000000002,G
LEDA 2216732,14.655416666666667,43.26638888888889,G
WiggleZ S15J150224579-00434331,225.6024125,-0.7286972222,G
WISE J192651.38+575006.4,291.7142292641704,57.83507445616806,G
[RTG2015] 3713,53.123629,-27.797905,G
WiggleZ R01J010001456+04205816,15.0061031,4.349461,G
WiggleZ R01J005831319+01311238,14.630534499999994,1.520077,G
[RTG2015] 1777,53.14108,-27.808436,G
LEDA 2755563,162.30274078356,73.41907891452,G
WiggleZ S15J150329446+06303113,225.8726897,6.508646,G
LEDA 1987612,254.3866666666667,32.24305555555556,G
WISE J011733.22-492341.2,19.3885573525475,-49.39477234198555,G
LEDA 1033698,131.75,-6.366666666666666,G
WISE J192650.52+445604.4,291.71049743320754,44.93456269778416,G
SDSS J123355.50+174222.8,188.48128499999999,17.706338,G
WiggleZ R01J005930393+00243159,14.8766754,0.40874800000000006,G
SDSSCGB 39045.3,245.01432956201998,26.680239207599996,G
LCRS B011413.6-415235,19.117375000000003,-41.612972222222226,G
WiggleZ S15J150319717+06582209,225.83215369999996,6.972804,G
SDSS J020143.23-081936.3,30.430149,-8.326751,G
SDSS J091226.95+160032.6,138.112305,16.009066,G
COSMOS2015 1054548,149.86829166666664,2.901388888888889,G
WiggleZ S15J150235763+06232910,225.64901129999998,6.391415,G
WiggleZ R01J005950389+01320828,14.959992999999999,1.535604,G
2dFGRS TGS556Z339,5.595,-34.72777777777778,G
WiggleZ S15J150139240+03173759,225.4134996,3.293775,G
SDSS J154827.48+463113.7,237.11450986127375,46.520505866765276,G
WiggleZ S15J151819826+06423334,229.5826102,6.709261,G
WiggleZ R01J010036348+05030189,15.151489100000004,5.050497000000001,G
SDSS J031638.15+415029.0,49.158961,41.841408,G
WiggleZ R01J005811960-03282290,14.549872,-3.4730560000000006,G
LEDA 1407729,169.885,12.337777777777779,G
SDSS J101801.75+134513.1,154.507313,13.753652999999998,G
WiggleZ R01J010017461-00233135,15.072791399999998,-0.392069,G
GAMA 827741,140.39782,0.99364,G
LEDA 1363214,250.77583333333328,9.31,G
SDSS J091258.38+173153.6,138.24327,17.531570000000002,G
NGP9 F268-1637530,190.520625,33.358777777777775,G
LCRS B004538.1-384732,12.004583333333334,-38.51969444444445,G
WiggleZ R01J005814839-03285541,14.561867500000004,-3.482085,G
SDSS J143451.78+430754.2,218.715779,43.131739,G
COSMOS2015 1022082,149.8335,2.857,G
GAMA 6658,173.51949,0.78334,G
LEDA 2748338,259.4554166666667,72.22972222222222,G
WiggleZ R01J005916428+02033884,14.818487500000003,2.0607619999999995,G
LCRS B124426.9-061231,191.75891666666666,-6.481722222222222,G
COSMOS2015 1046886,149.82533333333333,2.8907777777777777,G
SDSS J095752.40+053158.2,149.468354,5.532841000000001,G
WiggleZ S15J151611907+06374190,229.049612,6.628306,G
SDSS J154200.26+440611.7,235.50109698602375,44.103269821209445,G
SDSS J090025.79+032455.4,135.107474,3.415393,G
VIPERS 112154539,32.376098,-4.897489,G
2MFGC 16271,322.86520416666656,27.856111111111108,G
SDSS J155902.67+455648.5,239.7611561190708,45.94683195990389,G
LCRS B010054.1-415425,15.799791666666668,-41.63886111111111,G
LEDA  823559,197.7025,-21.799722222222226,G
WiggleZ S15J150144672+05591896,225.43613209999998,5.988601,G
2MASX J18451703+6030472,281.3207929095083,60.5130731591611,G
COSMOS2015 1048083,149.76991666666666,2.8929444444444448,G
SDSSCGB 14687.3,240.39101599999998,26.603872,G
SDSS J101558.42+151146.3,153.993429,15.19621,G
WiggleZ R01J005916549-02392611,14.818991499999997,-2.657282,G
WiggleZ S15J150230290+03485302,225.6262092,3.814728,G
WiggleZ R01J010033497+00370787,15.1396059,0.618824,G
GMP 5905,193.90291666666664,27.94388888888889,G
WiggleZ S15J150137068+06061812,225.4044483,6.105033000000001,G
SDSSCGB 39411.5,187.54854999999995,45.77218333333334,G
WiggleZ S15J150312038+04035945,225.8001581,4.066513999999999,G
SDSSCGB 10380.1,213.80791518618,9.38147791717,G
WiggleZ R01J005905240+01260260,14.771868999999999,1.434027,G
SDSS J082450.48+073338.2,126.210352,7.560619000000001,G
SDSS J151809.09+454626.6,229.5378945636517,45.77406025740917,G
LEDA  768706,197.53083333333333,-26.3575,G
WiggleZ S15J151817092+06505743,229.57121859999998,6.849286000000001,G
LCRS B011222.9-385227,18.666041666666665,-38.61011111111111,G
GNS 3202,189.2408458333333,62.14509083333333,G
WiggleZ S15J150340215+02125442,225.91756379999998,2.215116,G
LCRS B021712.7-382417,34.81924999999999,-38.17552777777777,G
COSMOS2015 1032513,149.8845833333333,2.8710000000000004,G
WiggleZ S15J151822912+05422466,229.59546530000003,5.70685,G
WISE J044313.39-261711.6,70.80581939130208,-26.2865921890875,G
WiggleZ R01J005933556-00560314,14.8898529,-0.9342330000000002,G
2dFGRS TGN126Z177,188.99845833333336,-3.1583055555555553,G
WiggleZ R01J005850594-02514195,14.7108445,-2.861682,G
2dFGRS TGS222Z214,27.892083333333332,-27.105833333333333,G
WiggleZ S15J150408522+06395233,226.0355079,6.664535999999999,G
LEDA 1693592,170.11333333333334,23.78111111111111,G
WiggleZ S15J150357767+01170273,225.99069659999998,1.284093,G
TKRS 12020,189.22562208333332,62.139401944444444,G
SDSS J151615.84+445718.0,229.06606237186708,44.95502277848806,G
2dFGRS TGN102Z085,161.235375,-5.263972222222223,G
WiggleZ R01J005925060-02471924,14.854454499999997,-2.788706,G
[RTG2015] 1948,53.166424,-27.807255,G
COSMOS2015 1038259,149.82424999999998,2.879722222222222,G
[RTG2015] 1715,53.144959,-27.808811,G
WiggleZ R01J005820331-02505921,14.5847515,-2.849808,G
SDSS J084135.43+294934.6,130.397643,29.826304999999998,G
VIPERS 127035864,37.936363,-4.525308,G
WiggleZ S15J150231779+02355952,225.6324142,2.599866,G
SDSS J101419.59+135934.4,153.58166,13.992902000000004,G
COSMOS2015 1055751,149.73595833333334,2.903138888888889,G
ShaSS 416036019,199.8906179,-33.4951768,G
SDSSCGB 24853.1,212.183315,48.466406,G
WISE J193423.04+562129.9,293.5960731244804,56.35836223780556,G
SDSS J083920.44+115039.3,129.835191,11.844255,G
WISE J142535.76+382152.4,216.39898565524916,38.364544083807225,G
WiggleZ S15J151940031+06344747,229.91679520000002,6.579853999999999,G
WISE J192920.53+505944.3,292.3354951784413,50.995628269056944,G
COSMOS2015 1049934,149.83383333333333,2.8957222222222225,G
2MASX J15561591-8329003,239.06606017352993,-83.48339650815,G
LCRS B011543.6-384653,19.49908333333333,-38.51858333333333,G
WiggleZ S15J150401829+05084466,226.00762119999996,5.14574,G
COSMOS2015 1030532,149.84695833333333,2.8675,G
WiggleZ R01J010032325+00101310,15.1347249,0.170277,G
COSMOS2015 379131,149.49304166666667,1.8684166666666668,G
WiggleZ R01J010030495+01540662,15.1270975,1.9018110000000004,G
WiggleZ S15J151905305+06002396,229.7721023,6.006656000000001,G
LCRS B005823.9-420540,15.176125,-41.82552777777778,G
WiggleZ S15J150231198+06123480,225.6299935,6.209668,G
WiggleZ S15J150242881+05021580,225.6786702,5.037721,G
WiggleZ S15J150331677+00572631,225.881989,0.9573070000000001,G
VIPERS 123106692,34.711258,-4.202811,G
LCRS B235844.1-415943,0.32479166666666665,-41.716972222222225,G
COSMOS2015 1017686,149.86570833333332,2.8505833333333337,G
WiggleZ S15J150153513+04384215,225.4729727,4.645042,G
SDSS J150418.82-001204.7,226.078437,-0.201315,G
SDSS J142425.96+374843.9,216.10818123553915,37.81219591250667,G
VIPERS 110160827,30.643183,-4.877961,G
WiggleZ S15J150439370+02193784,226.1640408,2.3271780000000004,G
WiggleZ S15J150200691+05535433,225.50288079999999,5.898424999999999,G
SDSS J155029.68+465334.7,237.6236676789658,46.89298573581361,G
SDSS J031601.70+405500.0,49.007099,40.916681,G
WISE J010208.95-224105.6,15.537489679279162,-22.684957026080003,G
2dFGRS TGS279Z109,3.490416666666667,-28.90694444444444,G
LCRS B003552.5-423439,9.568708333333333,-42.30291666666667,G
SDSSCGB 13913.2,200.38950416666668,30.985311111111116,G
WiggleZ R01J005850353-02281869,14.709841000000004,-2.4718859999999996,G
WiggleZ R01J010032250-02381550,15.1344115,-2.6376679999999997,G
SDSS J152943.32+073948.8,232.43051100000002,7.663573,G
LCRS B234219.7-392037,356.23900000000003,-39.06597222222222,G
WiggleZ R01J005839568-00154849,14.664902400000003,-0.263497,G
COSMOS2015 1030842,149.87608333333333,2.8681111111111113,G
2dFGRS TGS436Z087,3.4762500000000003,-31.70638888888889,G
WiggleZ R01J005904825-02514698,14.7701425,-2.863078,G
COSMOS2015 1034073,149.75154166666667,2.87125,G
WiggleZ S15J150354908+03574661,225.9787849,3.9629469999999998,G
LEDA 1539914,225.97166666666666,17.721944444444443,G
SDSS J081856.09+144741.8,124.733727,14.794957,G
WISE J184722.69+485111.2,281.8445234470088,48.853095623467226,G
GAMA J092156.33+000255.6,140.48471,0.0488,G
[FCB2017] J230818.0-021137.4,347.075,-2.1937222222222217,G
WiggleZ S15J150344852+02072286,225.9368814,2.123016,G
LEDA 1558869,163.09625,18.411944444444444,G
[RGD2013] J111214.958+133725.715,168.062325,13.623809722222223,G
SDSS J142156.32+370916.8,215.48468761949624,37.15467773988362,G
Anon J140418+0519,211.07566666666668,5.323777777777777,G
GAMA 4306863,140.98192,-1.2663199999999997,G
WiggleZ R01J010007236-01061260,15.030185499999996,-1.103527,G
2dFGRS TGS438Z099,5.682499999999999,-32.53805555555555,G
WISE J044022.49-251403.2,70.09372829713666,-25.234251880917224,G
COSMOS2015 1046101,149.82320833333333,2.890138888888889,G
COSMOS2015 699737,150.05191666666667,2.358611111111111,G
COSMOS2015 1046613,149.8562083333333,2.890611111111111,G
SDSS J085054.64+130111.8,132.727679,13.019947,G
WiggleZ S15J150203736+01295342,225.5155677,1.4981719999999998,G
WISE J183313.27+551617.6,278.30534058703415,55.27153875963694,G
LEDA 2286342,247.22458333333333,46.74027777777778,G
LEDA 2345937,132.23166666666668,49.53861111111111,G
2MASX J18434535+4422089,280.938978415067,44.369059127868056,G
COSMOS2015 1047312,149.81474999999998,2.8915277777777777,G
SDSS J013322.79-004226.2,23.344981,-0.707289,G
WiggleZ S15J150311007+01315159,225.79586199999997,1.530996,G
COSMOS2015 1058930,149.80275,2.9078888888888885,G
COSMOS2015 1045962,149.74870833333333,2.888777777777778,G
[RTG2015] 3804,53.154157,-27.797352,G
SDSS J150302.41-013411.8,225.760078,-1.5699459999999998,G
LCRS B213910.5-392342,325.5640198387621,-39.167019360785275,G
2dFGRS TGS570Z308,27.927500000000002,-34.49111111111111,G
2MFGC 15926,315.45467916666655,-32.768705555555556,G
COSMOS2015 1039951,149.86658333333332,2.880138888888889,G
WiggleZ R01J005757711-00524777,14.490500400000005,-0.8799629999999999,G
LEDA 2250108,250.22432105512996,44.70291800614001,G
WISE J182223.47+551214.5,275.59776637721586,55.204019905545564,G
SDSS J101633.01+075054.4,154.137551,7.848469999999998,G
[RTG2015] 3801,53.191466,-27.797395,G
2dFGRS TGS382Z132,27.619166666666672,-30.0325,G
LEDA 1019671,197.54833333333332,-7.397222222222222,G
SDSSCGB 18601.3,197.64526249999997,19.089855555555555,G
2dFGRS TGS497Z044,5.8999999999999995,-32.72083333333334,G
COSMOS2015 1033021,149.88591666666665,2.8700833333333335,G
LEDA  496684,197.52791666666667,-47.72888888888889,G
WISE J183857.03+482724.3,279.7376506309821,48.45669327217334,G
SDSS J151729.86+415704.0,229.3744383391929,41.951114494222224,G
COSMOS2015 258462,149.81945833333333,1.676861111111111,G
SDSS J115821.59+045620.1,179.589989,4.938919,G
LEDA 2708183,108.88833333333334,67.9088888888889,G
WiggleZ R01J005800084-02004205,14.500388499999998,-2.0117079999999996,G
2dFGRS TGN101Z074,159.9845,-5.6649722222222225,G
SDSS J150207.16-015453.4,225.52984,-1.914843,G
LEDA 2359353,148.54914896502,49.9829056269,G
WiggleZ S15J151622462+06413040,229.0935932,6.691778999999999,G
LEDA 2377575,246.40000000000003,50.60388888888889,G
WISE J044710.86-243934.2,71.7952807724325,-24.659503161662222,G
GAMA 4278361,141.16822,0.09540999999999998,G
2dFGRS TGS497Z028,6.003333333333334,-32.893055555555556,G
COSMOS2015 1041537,149.76412499999998,2.8845,G
SDSS J025328.78-010135.8,43.369955,-1.026629,G
[FCB2017] J230803.3-021122.6,347.01374999999996,-2.189611111111111,G
2dFGRS TGS511Z298,27.716250000000002,-33.123333333333335,G
Gaia DR3 2128253052192638976,292.6308164037304,46.19523963081722,G
2MFGC 14939,291.6272714199,56.18400792203,G
WiggleZ S15J150246704+01480172,225.6946006,1.800478,G
COSMOS2015 253548,149.47258333333332,1.6657777777777776,G
WiggleZ R01J010012556+00531577,15.0523524,0.887686,G
SDSS J005217.83+040510.3,13.074306,4.086204000000001,G
[JC2013] RXJ1226.9+3332  709,186.73804166666665,33.541055555555545,G
WISE J044548.28-241215.3,71.45114369039875,-24.204298526128607,G
WiggleZ R01J005957676-02230029,14.990354500000002,-2.383443,G
LEDA  401881,55.86958333333333,-56.236111111111114,G
WiggleZ S15J150408903+02462414,226.03709489999997,2.773373,G
COSMOS2015 1025995,149.835,2.8617777777777778,G
COSMOS2015 1054122,149.73887499999998,2.9014722222222225,G
LEDA  420228,33.51708333333334,-54.35638888888889,G
SDSSCGB 14543.3,185.49060833333334,12.264461111111112,G
SDSS J082120.28+130530.6,125.334532,13.091851,G
WiggleZ S15J150325999+05480616,225.8583286,5.80171,G
SDSS J221847.29+210604.3,334.697058,21.101196,G
SDSS J155447.78+452205.6,238.69911532595916,45.36823623458195,G
SDSS J142726.62+372107.7,216.86094234991745,37.352163719296115,G
WiggleZ R01J010018004-00132737,15.075053400000002,-0.224297,G
SDSS J085236.72+161912.0,133.153032,16.320017,G
COSMOS2015 1016356,149.83241666666666,2.848138888888889,G
2MASX J19302518+4937174,292.6049080418579,49.62142801510861,G
WISE J184923.96+575809.4,282.3499158507396,57.96927640102611,G
6dFGS gJ224902.5-704456,342.26014269731,-70.74897992561,G
COSMOS2015 1034095,149.79999999999998,2.8717777777777775,G
WISE J191925.20+561801.6,289.8550863558758,56.300430570248885,G
COSMOS2015 1054190,149.730875,2.9014444444444445,G
[RTG2015] 3692,53.185936,-27.797951,G
[RTG2015] 1675,53.141958,-27.809027,G
IRAS 21573-3053,330.0718769191,-30.65574174849,G
SDSS J140404.96+434607.1,211.020686,43.768663,G
COSMOS2015 1023368,149.73066666666665,2.8584722222222223,G
WiggleZ S15J150402477+04390008,226.01031879999996,4.650022000000001,G
SDSS J140552.30+345349.3,211.4679569614954,34.89702788040362,G
2MASX J18043524+5709344,271.1469555373079,57.15963119872195,G
WiggleZ R01J005836119+00444806,14.6505339,0.746655,G
SDSS J233359.66+224655.1,353.498624,22.781981000000002,G
COSMOS2015 1017151,149.8757083333333,2.8495833333333334,G
COSMOS2015 1029198,149.76404166666666,2.8666666666666667,G
COSMOS2015 1043749,149.73945833333335,2.8866388888888888,G
SDSS J141209.89+023907.4,213.04124399999998,2.652072,G
WiggleZ R01J010038471+00480427,15.1603329,0.801159,G
GAMA 916465,140.82585,-0.08229,G
WiggleZ S15J150203473+03023950,225.51447229999997,3.044306000000001,G
WiggleZ S15J150417703+04335389,226.07376339999996,4.56497,G
WISE J193330.26+514102.7,293.3760880409187,51.68410499022806,G
WISE J183446.77+522532.9,278.694942468425,52.42582568529111,G
WISE J193010.32+451537.9,292.5429354630462,45.26058283305306,G
NGVS J122443.34+111225.3,186.18057889999997,11.207031600000002,G
2MASX J18085811+4122198,272.2421074343342,41.3722057323725,G
WiggleZ S15J150159787+03362462,225.4991111,3.606837999999999,G
[RTG2015] 1752,53.149092,-27.808595,G
SDSSCGB 23976.1,184.16449328866997,20.501140978420004,G
LCRS B002210.9-394128,6.162791666666668,-39.41427777777778,G
[RTG2015] 1745,53.179097,-27.808637,G
IRAS 23532+2513,358.95713975176164,25.50135055061193,G
LEDA  145479,49.51633820952,-46.95324317962,G
2MASX J18113327+4820405,272.88860700361414,48.34441925663167,G
WiggleZ R01J005822693+00554179,14.594589899999999,0.928247,G
LEDA  883827,199.14291666666665,-17.404999999999998,G
[RTG2015] 3632,53.134814,-27.798212,G
COSMOS2015 1030284,149.874,2.8673611111111112,G
LEDA  659017,197.53249999999997,-34.67611111111111,G
SDSS J032008.59+413113.6,50.035832,41.520453,G
WISE J063412.89-731448.4,98.55355810348708,-73.24675101824333,G
LEDA  144755,35.25721639614,-1.8885105832200002,G
LCRS B123149.8-061052,188.60275,-6.456666666666667,G
COSMOS2015 1031571,149.84858333333332,2.8694166666666665,G
CLASHVLT J041609.3-240215,64.038892,-24.03773,G
WiggleZ R01J005802560-01434180,14.510702500000003,-1.728307,G
WISE J010006.18-510209.5,15.025798965368331,-51.03601261210278,G
SDSS J155542.67+462706.0,238.9278442832079,46.45165609894362,G
COSMOS2015 1020646,149.82874999999999,2.8549166666666665,G
2MASX J18173999+5956566,274.416772855735,59.948966858174444,G
WiggleZ R01J005805497+04210647,14.522942600000002,4.35177,G
WiggleZ R01J010013107-00484582,15.0546504,-0.812756,G
2dFGRS TGS282Z090,5.879999999999999,-28.72111111111111,G
2MASX J18142712+4730259,273.61301594220834,47.50722275592417,G
SDSS J002258.58+020627.1,5.7441070000000005,2.107546,G
WISE J181928.15+574417.7,274.8672748536509,57.738212823371654,G
COSMOS2015 1043446,149.7908333333333,2.886527777777778,G
LCRS B234757.7-392310,357.6418333333333,-39.10797222222222,G
2dFGRS TGS282Z104,5.654999999999999,-28.572777777777777,G
COSMOS2015 1031059,149.81470833333333,2.863111111111111,G
2MASX J04465015-2526542,71.7090057112925,-25.448448382870833,G
WISE J180841.64+515605.3,272.17353263194457,51.93479690404083,G
WISE J182728.71+555220.6,276.8696402587038,55.87237315212444,G
WISE J042031.44-272126.4,65.13106860361165,-27.357288950836672,G
2dFGRS TGS334Z111,333.36327460873,-29.99125669511,G
WiggleZ R01J005951315-01364137,14.963851,-1.611521,G
WISE J065551.82-705949.5,103.96588579385251,-70.99708003120028,G
[RTG2015] 1829,53.174009,-27.80808,G
WiggleZ R01J010033144-01023677,15.1381375,-1.043574,G
SDSS J140335.80+352605.6,210.89921224026668,35.434870562610826,G
WiggleZ R01J005923824-03064259,14.849303499999996,-3.1118590000000004,G
WiggleZ R01J010042159+04550269,15.1757006,4.917387,G
SDSS J094342.35+014636.3,145.926498,1.776771,G
SDSSCGB 26225.5,224.2656458333333,17.495319444444448,G
SDSS J020608.28+042259.8,31.53451400000001,4.383300000000001,G
GMP 5918,193.89999999999998,27.204722222222223,G
COSMOS2015 1043379,149.80599999999998,2.8861666666666665,G
WiggleZ S15J151956589+06194883,229.9857895,6.330231999999999,G
LEDA  874605,32.906666666666666,-17.972777777777775,G
WISE J183227.20+561753.7,278.1133393416263,56.29824676139472,G
SDSS J082434.41+020747.8,126.14339800000002,2.129946,G
SDSS J142937.08+425043.3,217.40451799999997,42.845381,G
SDSS J081401.96+225444.3,123.50817600000002,22.912306,G
COSMOS2015 1029429,149.89187499999997,2.8661666666666665,G
LEDA   46190,199.07625000000002,7.051666666666667,G
2dFGRS TGS858Z233,5.86375,-11.314444444444446,G
[RTG2015] 1709,53.171134,-27.808749,G
2MASX J04465655-2553061,71.73570084637458,-25.88509361113277,G
LCRS B005547.1-415106,14.525875000000001,-41.58188888888889,G
[RTG2015] 1659,53.153037,-27.809151,G
SDSS J140735.57+344450.2,211.8982762560804,34.74728823129111,G
COSMOS2015 1022397,149.8408333333333,2.8537222222222223,G
SDSS J101958.27+322409.4,154.992802,32.402638,G
WISE J183122.92+471946.4,277.84553093166835,47.329429089500834,G
WiggleZ R01J005916627-01480575,14.8193155,-1.8016249999999998,G
COSMOS2015 1039012,149.73925,2.8802499999999998,G
WiggleZ R01J005900522-01203948,14.752213,-1.3443289999999999,G
COSMOS2015 1051225,149.87591666666665,2.897388888888889,G
SDSS J102102.90+095107.9,155.262089,9.852221,G
GOODS J123757.29+621547.7,189.48873749999996,62.263247222222226,G
GAMA J092237.23+000313.6,140.6551666666667,0.05380833333333334,G
2MASX J18390478+5458025,279.77028353291246,54.96723744463195,G
COSMOS2015 1015961,149.80970833333333,2.8476944444444445,G
SDSS J085146.96+050950.3,132.945693,5.163995,G
WiggleZ S15J151639747+02541298,229.16561059999998,2.9036049999999993,G
2dFGRS TGN187Z268,191.39712500000002,-2.6010000000000004,G
SDSS J150349.05+042913.5,225.954402,4.487083,G
WiggleZ S15J150409839+06073345,226.04099509999998,6.125957,G
COSMOS2015 1037527,149.76075,2.8784444444444444,G
[RTG2015] 3510,53.18506,-27.798714,G
2MASX J04441880-2534444,71.07838306981084,-25.57904820178472,G
[RTG2015] 1778,53.158921,-27.808424,G
WISE J043135.95-264255.2,67.89982825484958,-26.71531199325333,G
2dFGRS TGS450Z190,22.13091666666667,-32.09652777777778,G
[FBC2017] J134752.1-120116.5,206.96708333333333,-12.021250000000002,G
SDSSCGB 26591.2,249.58688333333333,0.23380833333333337,G
COSMOS2015 1033812,149.86083333333332,2.873138888888889,G
WiggleZ S15J150400625+04393425,226.00260599999996,4.659513999999999,G
COSMOS2015 1018803,149.78116666666665,2.850916666666667,G
SDSS J151154.89+422143.7,227.97874340031998,42.36216202870917,G
2MASX J04433918-2626102,70.91336133922542,-26.436199703501945,G
SDSSCGB 44891.3,134.16405833333334,15.06394722222222,G
SDSS J144956.96+431619.8,222.487341,43.272175999999995,G
SDSS J152238.09+443926.9,230.65869544479708,44.657462554525004,G
WiggleZ S15J151853316+06463101,229.72215010000002,6.775281,G
LEDA 3493906,236.26354392737,46.44734401422,G
LEDA 1981498,197.693625,32.12583333333333,G
GAMA 4010129,173.63859,1.01661,G
WiggleZ R01J010023080-02075146,15.096202,-2.13099,G
COSMOS2015 1019191,149.7878333333333,2.8525,G
COSMOS2015 1034845,149.88283333333334,2.8746388888888887,G
2MASX J18534726-6401405,283.44703133487,-64.02783210078,G
COSMOS2015 246045,149.60870833333334,1.6562777777777777,G
2dFGRS TGS130Z283,356.13208333333336,-26.54527777777778,G
COSMOS2015 1040085,149.83987499999998,2.8821111111111115,G
WiggleZ S15J150154905+06281085,225.4787708,6.46968,G
2MASX J04392502-2628359,69.85430070810709,-26.476795778308887,G
WiggleZ S15J150154064+03142825,225.47526849999997,3.24118,G
WiggleZ R01J010004285-00505785,15.017892899999998,-0.849432,G
WiggleZ S15J150327106+04512494,225.8629408,4.856926999999999,G
SDSS J142931.02+025403.8,217.379288,2.9010740000000004,G
SDSS J082341.39+182654.6,125.922477,18.448501000000004,G
WISE J043141.06-241932.4,67.92112546877541,-24.325679222892223,G
WISE J181526.82+411312.0,273.8617800047817,41.21995486664889,G
LCRS B010818.8-391152,17.651666666666667,-38.932111111111105,G
LEDA  837525,339.08145296398,-20.74474291803,G
SDSS J091137.30+170156.9,137.905454,17.03249,G
SDSS J151013.88+443202.1,227.55786055186832,44.53390673266694,G
EY PKS 0405-123 232,61.950958333333325,-12.197055555555556,G
SDSS J151751.23+414433.3,229.46347973754916,41.74257292570666,G
WISE J180246.97+534608.5,270.69562996472337,53.768998418735286,G
COSMOS2015 1042611,149.8427083333333,2.882305555555556,G
WISE J183640.23+591319.4,279.1676087763092,59.222078636416384,G
WiggleZ R01J005804497+00153348,14.518773899999996,0.259271,G
2MASX J12143509+3505410,183.64618762229998,35.09474107985,G
SDSS J154454.01+421637.9,236.2250796360887,42.277197129701946,G
SWIRE J033221.93-281005.8,53.09137995831,-28.16825782662,G
SDSS J155737.17+444636.5,239.4048424809179,44.77682735002889,G
NGP9 F322-1914182,192.44866666666667,26.398083333333332,G
LEDA  225574,14.376666666666665,-81.41027777777778,G
COSMOS2015 1048353,149.87229166666668,2.89275,G
LEDA 1428907,193.71541666666667,13.355277777777777,G
COSMOS2015 301991,150.4884166666667,1.7448611111111112,G
COSMOS2015 1047225,149.85224999999997,2.891472222222222,G
LEDA  467619,318.34875,-50.32555555555556,G
SDSS J101237.94+033327.0,153.158114,3.557507,G
SDSSCGB 13649.1,163.58474079854,14.274133920120002,G
SDSS J082017.34+081003.1,125.07229000000001,8.167555,G
2dFGRS TGS826Z625,3.4020833333333336,-62.14527777777778,G
NGP9 F268-0311464,191.49816666666666,37.44927777777777,G
SDSS J100024.97+061650.5,150.104052,6.280701999999999,G
SDSS J091359.62+154607.8,138.498419,15.768842,G
SDSSCGB 41367.1,198.509,58.63687777777778,G
LCRS B012352.8-390501,21.529241813061667,-38.8241904200775,G
2dFGRS TGS498Z325,6.002083333333334,-33.89805555555556,G
WiggleZ S15J150249760+03483426,225.70733539999998,3.809516000000001,G
WiggleZ R01J005914308+01040432,14.8096525,1.0678399999999997,G
DEEP2-GRS 41037936,36.73842,0.66563,G
SDSS J082852.87+150853.4,127.22031,15.148170999999996,G
WiggleZ S15J150426387+05170908,226.10994679999996,5.285854,G
SDSS J094928.54+212831.4,147.368938,21.475389999999997,G
WiggleZ S15J150148418+05581726,225.4517426,5.971462000000001,G
WiggleZ R01J005910787-00163961,14.794982400000002,-0.277698,G
WiggleZ S15J151923599+06233547,229.8483312,6.393184999999999,G
LCRS B123145.8-063901,188.58662500000003,-6.925805555555556,G
WISE J184709.16+610922.7,281.7881436624146,61.156286532242504,G
COSMOS2015 251415,150.1125,1.6648333333333334,G
WiggleZ S15J150431611+06005506,226.13171419999998,6.015294999999999,G
WiggleZ R01J005904323-02472468,14.768049999999997,-2.7902159999999996,G
COSMOS2015 1041868,149.79341666666667,2.882305555555556,G
WiggleZ S15J150317366+01082357,225.8223599,1.139882,G
WiggleZ S15J150235368+05062489,225.6473671,5.106913999999999,G
LEDA  482347,34.45916666666666,-48.91972222222222,G
LCRS B234846.0-394134,357.842375,-39.41480555555556,G
GAMA 609119,173.79934,0.26260000000000006,G
[EEB2013] eMACS J0840.2+4421-g27,130.06416666666667,44.33802777777778,G
WiggleZ R01J010033734+04500618,15.140596100000003,4.835023,G
SDSS J014826.17-010203.8,27.109063,-1.034393,G
LEDA  808309,15.47493674988,-22.82976972875,G
2dFGRS TGN134Z103,197.65633333333335,-3.696888888888889,G
WISE J182134.67+624149.6,275.3944979039583,62.69705040009749,G
SDSS J150249.63+012940.8,225.706831,1.494688,G
2dFGRS TGS360Z015,3.377083333333333,-29.631944444444446,G
2dFGRS TGN302Z262,168.34750000000003,-1.5525277777777777,G
WISE J191954.86+474119.6,289.97859386975375,47.68879740162138,G
WiggleZ R01J005921288-01214666,14.838736,-1.3629880000000003,G
[ODK2009] 363,145.7805,47.00961111111111,G
SDSS J031542.90+405634.1,48.928753,40.94281,G
SDSS J074522.90+434514.2,116.34541999999999,43.753957,G
LEDA  756399,28.025735423086246,-27.343660079960834,G
WISE J190019.58+592149.0,285.08160122326336,59.363598675017506,G
COSMOS2015 1029796,149.89083333333332,2.8656111111111113,G
WiggleZ R01J010022861+01071764,15.09529,1.1215389999999998,G
COSMOS J095904.52+025053.9,149.76883333333333,2.8483055555555556,G
ShaSS 404052141,203.83943719999996,-30.3717772,G
COSMOS2015 1044373,149.75925,2.8880833333333333,G
COSMOS2015 1017780,149.734125,2.850916666666667,G
2MASX J18044111+6113492,271.1715514427533,61.230402264716936,G
LEDA  841972,21.255,-20.423333333333336,G
WISE J011400.34-502503.6,18.50153542742917,-50.41768685454194,G
SDSS J101553.01+023718.8,153.970886,2.621897,G
COSMOS2015 1043465,149.84449999999998,2.882416666666667,G
LCRS B011229.2-384028,18.692666666666668,-38.410361111111115,G
SDSS J142406.98+365057.7,216.0290915010879,36.84938022852111,G
SDSS J085438.83+155532.3,133.661794,15.925657000000001,G
WiggleZ R01J005804412-02203468,14.518421499999999,-2.342994,G
[RTG2015] 1904,53.175936,-27.807673,G
WiggleZ S15J150156564+05560871,225.48568529999997,5.935752,G
SDSS J085649.61+150618.7,134.206713,15.105218999999996,G
WiggleZ R01J005853708+01022011,14.723821000000001,1.038891,G
SDSS J084144.77+044735.2,130.436556,4.793118999999999,G
WiggleZ R01J005827279+05073240,14.613700099999997,5.125639,G
SDSS J235921.02+033539.1,359.837588,3.594221,G
WISE J183913.42+473122.9,279.8059533523938,47.52299939812416,G
[EEB2013] eMACS J0840.2+4421-g17,130.05275,44.398805555555555,G
WiggleZ S15J151817635+06165436,229.5734804,6.281767,G
WISE J042257.36-265348.6,65.73892551633207,-26.89680597712611,G
GAMA 4090405,139.8147,-0.15667,G
SDSS J152004.46+031216.2,230.01860799999997,3.2045209999999997,G
2dFGRS TGS456Z241,27.64166666666667,-32.24861111111111,G
COSMOS2015 1050661,149.7733333333333,2.894527777777778,G
LEDA  933715,199.12375000000003,-13.75611111111111,G
LEDA  849454,14.394583333333333,-19.866111111111113,G
2MASX J01181725-4926548,19.571906918216254,-49.448590259467224,G
SDSS J082831.04+120241.3,127.12937200000002,12.044831,G
COSMOS2015 254267,150.651,1.6693611111111109,G
LEDA 2188588,238.55708333333334,41.88777777777778,G
SDSS J154829.47+444836.4,237.12283604817503,44.810120208552775,G
WISE J184658.48+554124.3,281.7436369553425,55.690077146186105,G
WiggleZ R01J005922612-01193357,14.844254500000003,-1.326019,G
2MASX J18524318+5221316,283.1798113881384,52.3586973129139,G
COSMOS2015 1022026,149.73045833333333,2.8555833333333336,G
COSMOS2015 1049547,149.8577083333333,2.895305555555556,G
WiggleZ S15J150336873+06002525,225.90363919999996,6.007014,G
COSMOS2015 697881,149.61329166666667,2.357388888888889,G
SDSS J081940.69+015913.7,124.919559,1.9871560000000004,G
SDSS J160444.94+475303.4,241.18725336323456,47.884281425323046,G
SWIRE J033011.59-281613.2,52.54833333333334,-28.27036111111111,G
WiggleZ R01J005940495+00541234,14.918765400000003,0.9034000000000003,G
WISE J181634.83+582439.0,274.1451389070108,58.410819719669156,G
WiggleZ R01J005826260+00512498,14.609454899999998,0.8569099999999998,G
2MASX J18305314+5810072,277.72138520657535,58.1687750050175,G
LCRS B011150.9-390711,18.532583333333335,-38.85541666666667,G
2dFGRS TGS210Z171,12.101375000000003,-27.438166666666667,G
WiggleZ S15J150149883+01460715,225.4578462,1.7686519999999997,G
SDSS J073840.79+191743.0,114.66996537804,19.295322884729995,G
WISE J045029.75-250314.7,72.62403867081832,-25.054134996557778,G
WiggleZ S15J150251005+06365851,225.7125204,6.616253999999999,G
COSMOS2015 255521,150.632,1.6715277777777777,G
SDSS J002104.18+002021.6,5.2674199999999995,0.339336,G
LEDA 2077876,226.941225,36.275955555555555,G
COSMOS2015 1037878,149.77724999999998,2.87825,G
[JC2013] RXJ1226.9+3332  824,186.75658333333328,33.52177777777777,G
SDSS J102124.39+321331.2,155.351662,32.225339,G
COSMOS2015 1053320,149.84362499999997,2.900111111111111,G
SDSS J102434.51+305346.2,156.143799,30.896171999999996,G
SDSS J155611.57+451229.3,239.04820078851162,45.208124103729446,G
NGP9 F378-0210305,187.27199999999996,24.02069444444444,G
SDSS J151734.07+450347.7,229.3920019748579,45.06326156916083,G
COSMOS2015 1048860,149.863625,2.8938611111111108,G
SDSS J151122.70+432016.5,227.8446100099454,43.337924337219725,G
WISE J183627.47+503529.6,279.11443604428416,50.5915455995839,G
LEDA 2128921,158.40208333333334,38.50527777777778,G
SDSS J081324.50+220715.5,123.35211200000002,22.120997,G
WiggleZ S15J151627421+03244691,229.11425249999996,3.41303,G
2MASX J04463339-2528563,71.63929950014082,-25.48219830746111,G
WiggleZ S15J150446983+05481477,226.19576109999997,5.804102,G
SDSS J001211.03-005745.0,3.045982,-0.9625120000000001,G
SDSS J091949.97+144138.5,139.958247,14.694032999999997,G
LCRS B015430.7-392829,29.158458333333336,-39.23116666666667,G
SDSS J133634.10+433906.3,204.142092,43.651752,G
COSMOS2015 1029631,149.8035,2.8666666666666667,G
SDSS J151604.37+455751.4,229.01820400763543,45.96429602730751,G
LCRS B011506.1-394003,19.341083333333334,-39.4045,G
WiggleZ S15J150321948+01322047,225.84145,1.5390190000000004,G
2dFGRS TGS402Z249,53.39245833333334,-30.70938888888889,G
WiggleZ R01J005851135-02180247,14.7131005,-2.3007149999999994,G
COSMOS2015 1035551,149.766875,2.875138888888889,G
COSMOS2015 1054896,149.86999999999998,2.9003888888888887,G
WiggleZ S15J150418815+04072984,226.0783974,4.124957,G
LEDA 1411753,161.20749999999998,12.559722222222224,G
COSMOS2015 1024883,149.88437499999998,2.8595833333333336,G
SWIRE J033153.12-282610.7,52.971333333333334,-28.436333333333334,G
WISE J193104.26+513613.9,292.7676603504354,51.60386127475529,G
COSMOS2015 1034717,149.82345833333332,2.8743333333333334,G
SDSS J151218.42+052238.6,228.07679472289,5.37739427999,G
WiggleZ S15J150424149+03533246,226.10062259999998,3.8923510000000014,G
WiggleZ R01J010034524-02124938,15.143888499999997,-2.213744,G
WiggleZ S15J151915799+06361865,229.81582869999997,6.60518,G
WiggleZ S15J151748661+06312640,229.45275620000004,6.524001,G
NGP9 F322-0945437,192.774125,29.039833333333334,G
GOODS J123721.87+621707.1,189.34122166666666,62.285449444444446,G
WISE J194033.99+513047.6,295.1416250046358,51.51318428668472,G
WiggleZ S15J150248466+05434914,225.70194029999996,5.730316,G
2dFGRS TGS282Z217,6.028333333333333,-29.425,G
SDSS J153017.73+445423.7,232.57388630089125,44.90660174699361,G
GMP 6169,193.77916666666664,27.19527777777778,G
ShaSS 412013437,201.57011849999998,-32.8909572,G
WiggleZ R01J005929551-01144121,14.873165500000004,-1.2448079999999997,G
WiggleZ R01J010035096+04201023,15.146270600000001,4.336146,G
SDSS J092226.16-002517.5,140.609022,-0.421541,G
WiggleZ R01J005822097-01155467,14.592109000000002,-1.265214,G
2MASX J04430839-2423542,70.78482358430334,-24.39833528338305,G
WiggleZ S15J152019156+06033513,230.0798175,6.05976,G
SDSS J151638.15+440735.5,229.15901546980538,44.12654786639223,G
COSMOS2015 1025823,149.78041666666664,2.8619166666666667,G
WiggleZ S15J150327784+06304625,225.86576809999997,6.512846,G
[RTG2015] 1673,53.168139,-27.809044,G
WiggleZ S15J150439810+05114605,226.165874,5.196125,G
WiggleZ R01J005917383+01060622,14.8224655,1.1017,G
SWIRE J033139.30-290237.8,52.91375,-29.043861111111113,G
SDSS J085702.79+213437.7,134.261666,21.577162,G
2MASX J04231607-2654587,65.81686065832041,-26.916281002679998,G
SDSS J151348.31+412555.1,228.45132450732038,41.43199053386083,G
COSMOS2015 1047982,149.79670833333333,2.893138888888889,G
COSMOS2015 1057404,149.88833333333332,2.9055833333333334,G
WiggleZ S15J150154253+06280272,225.4760537,6.467421000000001,G
SDSS J151919.25+432851.3,229.83019255168287,43.480917307034446,G
WISE J005659.91-240431.8,14.249618567935,-24.075565821546387,G
SDSS J084850.09+092517.7,132.208711,9.421594,G
WiggleZ S15J150323748+06163971,225.8489504,6.277697000000001,G
COSMOS2015 1038196,149.74733333333333,2.879,G
SDSS J150617.02+423252.9,226.5709224777954,42.54805289944528,G
LEDA 1323451,197.73125,7.503888888888889,G
WISE J042435.88-263509.5,66.14956095502083,-26.58598275788722,G
2MASX J18274209+4621113,276.9253497018808,46.35321617160084,G
2dFGRS TGS889Z037,55.28970833333334,-47.53522222222222,G
COSMOS J095901.01+025324.6,149.7542083333333,2.890166666666667,G
WiggleZ S15J151617178+06281762,229.07157629999998,6.471561000000001,G
WISE J182623.16+433614.1,276.59655375221917,43.60391295601445,G
WiggleZ S15J151830387+06180566,229.6266126,6.301571,G
WiggleZ R01J005825221-02314286,14.6051245,-2.528601,G
COSMOS2015 259376,149.51520833333333,1.6764999999999999,G
SDSS J091518.65+135240.2,138.827745,13.877840999999997,G
LEDA 1574837,40.298750000000005,18.929722222222225,G
LEDA  566352,313.1075,-42.24861111111111,G
WiggleZ R01J005954523+00034864,14.977217400000002,0.063483,G
2dFGRS TGS438Z097,5.734999999999999,-32.41361111111111,G
WiggleZ R01J005755138+00582374,14.479776899999994,0.9732329999999999,G
[RTG2015] 4813,53.174589,-27.788125,G
2dFGRS TGS826Z064,5.654166666666666,-63.26222222222222,G
WiggleZ S15J150404193+05363383,226.01747009999997,5.609397999999999,G
LEDA  957191,33.84583333333333,-12.135277777777777,G
2MASX J15093855+0239178,227.41071208534,2.6549244676100003,G
LEDA  839153,36.143750000000004,-20.622222222222224,G
WiggleZ R01J010036181+00525854,15.150789900000001,0.882899,G
LCRS B012925.3-391741,22.908791666666666,-39.03777777777778,G
COSMOS2015 1051020,149.785875,2.896166666666667,G
LEDA  897337,14.377083333333333,-16.50111111111111,G
WiggleZ R01J005800681-02303740,14.502875500000004,-2.510417,G
WiggleZ S15J150206700+05281949,225.52791869999996,5.472081,G
WiggleZ S15J150145157+03083398,225.4381562,3.1427720000000003,G
COSMOS2015 1052118,149.8604583333333,2.898888888888889,G
WiggleZ R01J005813858+00522632,14.557779900000003,0.873951,G
WiggleZ S15J150152549+01445264,225.4689541667,1.7479555556,G
SDSS J153027.50+450342.1,232.61461685080167,45.061718432189714,G
GAMA 3989079,173.78788,0.54274,G
WISE J182959.88+575143.0,277.4994771214767,57.86193366376278,G
WiggleZ R01J005934110+00282680,14.892161399999996,0.4740819999999999,G
2MASX J01333481-3356305,23.395130307830005,-33.94194935121,G
WiggleZ R01J005828972-02323607,14.620753000000004,-2.5433820000000003,G
SDSSCGB 44067.4,171.10841666666664,7.046280555555556,G
2MASX J18465334+5051017,281.72212316303785,50.85043282500834,G
ShaSS 407027186,202.524564,-32.6999176,G
LEDA 2538742,200.63333333333333,56.5,G
2MASX J18431515+5403152,280.8130573675153,54.05403668185389,G
SDSSCGB 10363.3,251.66909166666665,27.098238888888883,G
2MASX J19012295+5620462,285.34568632220083,56.346133263107504,G
[RTG2015] 1686,53.172831,-27.808864,G
GAMA 918014,179.65446,-0.0987,G
LCRS B234810.1-413341,357.694375,-41.28330555555556,G
WiggleZ R01J005826288-00440471,14.609571899999999,-0.734671,G
2dFGRS TGS904Z367,1.4725,-15.049444444444445,G
SDSS J151622.50+402556.6,229.09378315709623,40.4323977114125,G
SDSS J094323.52+053736.8,145.84804,5.626897999999999,G
GAMA J092208.64+002957.7,140.53602,0.4993600000000002,G
[RTG2015] 1801,53.155043,-27.808066,G
WISE J180702.13+605437.8,271.7588762450263,60.91050840059056,G
COSMOS2015 1032488,149.76437499999997,2.8696111111111113,G
COSMOS2015 1019222,149.74983333333333,2.8519166666666664,G
COSMOS2015 247558,150.23195833333332,1.6588055555555554,G
COSMOS2015 382900,149.3396,1.8706399999999999,G
COSMOS2015 1018824,149.87754166666667,2.8512222222222223,G
SDSS J102747.63+021939.1,156.948498,2.327549,G
COSMOS2015 1037931,149.78241666666665,2.8790833333333334,G
WISE J181015.94+580044.9,272.5663814570246,58.012466011331945,G
SDSS J004243.90+044136.7,10.682937,4.693538000000001,G
WiggleZ S15J150309800+03503247,225.79083329999997,3.8423539999999994,G
2MASX J18143238+3952195,273.63492368524373,39.87201609155889,G
WiggleZ S15J150332666+02344674,225.88611019999996,2.579649,G
COSMOS2015 1042099,149.87862499999997,2.883277777777778,G
WiggleZ S15J150422242+00345716,226.0926737,0.582545,G
LEDA 4683927,198.33939576624996,-44.52430638374,G
GAMA J092341.27-003342.7,140.92197,-0.56186,G
SDSS J160113.81+454648.6,240.30757702251412,45.78018282460167,G
GAMA 3064084,141.22422,0.8097599999999999,G
WiggleZ S15J150243224+04103466,225.6801015,4.176295,G
LCRS B014834.5-382812,27.683041666666668,-38.222944444444444,G
SDSS J101407.98+141812.2,153.533251,14.303399999999998,G
WiggleZ R01J005833579-03293032,14.639950000000002,-3.491783,G
LEDA 1321029,193.21041666666667,7.406944444444445,G
SDSSCGB 69095.1,25.330641666666665,-0.4894833333333333,G
WiggleZ S15J150147822+04315291,225.4492599,4.531363,G
LEDA 2172149,143.48874999999998,40.868611111111115,G
COSMOS2015 257243,149.60104166666665,1.674722222222222,G
COSMOS2015 1059262,149.78187499999999,2.9068333333333336,G
2dFGRS TGS222Z085,27.673333333333336,-27.96222222222222,G
SDSS J073500.26+470022.0,113.75109300000001,47.006115,G
COSMOS2015 1057708,149.87375,2.906,G
LEDA 2779226,197.53041666666664,79.2725,G
WiggleZ R01J005823790-01534951,14.599160499999996,-1.8971129999999996,G
COSMOS2015 1040580,149.80512499999998,2.882833333333333,G
2MASX J14122426-4330155,213.10098365291,-43.504332687810006,G
WiggleZ S15J150137714+05343852,225.40714359999998,5.577368000000001,G
WISE J182030.52+475540.0,275.1271719418854,47.92773759467944,G
WiggleZ R01J005925882-01364735,14.857877500000003,-1.6131820000000001,G
SDSS J102028.47+135415.2,155.118648,13.904236,G
SDSS J154915.86+462658.4,237.31609667646913,46.449570630127226,G
VIPERS 121035995,32.205148,-4.531211,G
2MFGC 9957,189.73021991516998,88.68895164733,G
WISE J043118.69-251302.5,67.82791905978792,-25.2173492240775,G
2dFGRS TGS511Z270,27.910000000000004,-33.020833333333336,G
WiggleZ R01J005854306+01212485,14.726312500000002,1.3568739999999997,G
VIPERS 110143186,30.899929,-4.965089,G
SDSS J155058.23+472555.9,237.7426169448733,47.432212539381105,G
WiggleZ S15J150141112+05294548,225.42130059999997,5.495967,G
COSMOS2015 1043597,149.75612499999997,2.887027777777778,G
GOODS J123745.30+621957.7,189.43873625,62.332750555555556,G
SDSS J154515.71+442151.5,236.315480890485,44.364296756751116,G
2MFGC 14830,288.90177478449,47.15664266107,G
SDSS J001851.00+042320.3,4.71252,4.388994,G
2MASS J11061144+0235019,166.54767499999997,2.5838722222222223,G
WISE J043849.41-263742.1,69.70591914980209,-26.62837248753055,G
LEDA  956353,4.900734603129999,-12.19465006317,G
WISE J044543.51-252446.4,71.43139119056084,-25.412902990132782,G
2dFGRS TGN324Z158,191.83141666666666,-0.14130555555555555,G
WISE J044531.67-245822.6,71.38206407744542,-24.973013760363056,G
WiggleZ R01J005939432-01404757,14.914337499999998,-1.6799089999999999,G
COSMOS2015 1024905,149.88095833333333,2.860027777777778,G
WiggleZ S15J150158318+05314613,225.4929927,5.5294799999999995,G
COSMOS2015 971733,149.95299999999997,2.7785,G
WiggleZ S15J151921639+06184883,229.84016399999996,6.313564,G
WiggleZ R01J005840818+00083994,14.6701134,0.144401,G
WiggleZ S15J150235761+06340184,225.64900489999997,6.567177,G
KOS 223450.4-194003,339.3862500000001,-19.4075,G
SDSS J150414.39-012521.1,226.059957,-1.422527,G
2MASX J04521563-2438183,73.06529150700916,-24.638408792300275,G
COSMOS2015 380090,149.35902,1.8696700000000002,G
LEDA 1554339,119.84680908942,18.252678957520004,G
GMP 5761,193.9717,27.697418,G
COSMOS2015 1056345,149.76708333333332,2.9042777777777777,G
WISE J191918.05+440119.9,289.8252329056917,44.02218029183055,G
SDSS J081355.53+284941.2,123.481388,28.828134000000002,G
SDSS J031632.41+410458.6,49.135064,41.082972000000005,G
SDSS J122214.87+055745.6,185.56198999999998,5.962684,G
COSMOS2015 1037758,149.823875,2.877388888888889,G
LEDA 2134159,168.1756,38.69868888888888,G
WiggleZ S15J150412085+05072818,226.05035369999996,5.1244950000000005,G
VIPERS 117160844,37.751661,-4.843319,G
SDSS J150801.23+413548.5,227.00515324749037,41.59684209542556,G
SDSS J014348.13+035444.3,25.950543000000003,3.91231,G
SDSSCGB 56710.2,195.14361219455998,30.422500710180003,G
SDSSCGB 53840.5,169.90194166666666,33.556841666666664,G
WiggleZ R01J005936718-01535359,14.903030500000003,-1.8982470000000005,G
LEDA 1642272,208.9620833333333,21.078333333333333,G
SDSS J234923.24+153350.8,357.34687906938,15.5641447746,G
2dFGRS TGS286Z227,10.72625,-29.29425,G
2dFGRS TGS511Z307,27.632083333333334,-32.939166666666665,G
LEDA 1477933,33.2,15.197777777777778,G
[RTG2015] 1889,53.164433,-27.807591,G
[BCW2008] 189.241104+62.28981,189.2410975,62.28991555555555,G
WiggleZ R01J005925387-03180097,14.855815,-3.300297,G
WiggleZ R01J005921996-02210144,14.841684999999998,-2.3504290000000005,G
GAMA 3187752,141.38491,1.0848200000000001,G
WiggleZ R01J010006577-00211698,15.0274404,-0.354744,G
WiggleZ S15J150325170+04073921,225.8548734,4.127559,G
GOODS J123644.67+620927.5,189.18613333333332,62.157629444444446,G
WiggleZ R01J005821987+01061646,14.591650000000003,1.104543,G
COSMOS2015 1010975,149.8715,2.8406944444444444,G
[RGD2013] J162335.863+411202.049,245.89944404330998,41.20057674112001,G
LEDA 3337000,37.778707,-0.424858,G
2MASX J01113882-5021227,17.911501396064583,-50.35622926344944,G
LEDA  913677,197.54083333333332,-15.251111111111111,G
SDSS J022657.46-010531.9,36.739435,-1.092213,G
SDSSCGB 9654.4,261.13734383799,26.677833832939996,G
2MFGC 13978,265.30758750000007,3.3631527777777777,G
WiggleZ S15J150413447+02272360,226.05602719999996,2.4565559999999995,G
COSMOS2015 260387,149.511875,1.6797777777777776,G
WiggleZ S15J151728768+06551747,229.3698669,6.921519999999999,G
COSMOS J095915.86+025227.6,149.81608333333332,2.8743333333333334,G
SDSS J090154.99+221145.9,135.479145,22.196109000000003,G
[WDK2001] 34072,53.00017,-27.793155,G
SDSSCGB 14916.4,230.14434583333335,35.62170555555555,G
WiggleZ R01J005947333+01382027,14.9472595,1.6389359999999997,G
NGP9 F268-0663093,189.6903333333333,36.3125,G
SDSS J151950.85+414202.7,229.9619302537421,41.70076887965084,G
COSMOS2015 1022166,149.8145,2.85725,G
WiggleZ R01J005905219-02463564,14.771781999999998,-2.776595,G
2MASX J20215181+5322283,305.4661841162175,53.374531344716104,G
LEDA 1792045,234.26291666666665,26.91,G
COSMOS2015 1042834,149.8454583333333,2.8831666666666664,G
WiggleZ R01J005847847-03081909,14.699401000000003,-3.1386630000000006,G
COSMOS2015 965625,149.99379166666665,2.771444444444444,G
COSMOS2015 1025217,149.8885,2.861361111111111,G
LCRS B002542.0-394216,7.03875,-39.428,G
LEDA  923660,197.59666666666666,-14.513055555555555,G
[RTG2015] 3817,53.162185,-27.797277,G
GAMA 3032193,173.52333,0.25678,G
WiggleZ R01J005854803+00135236,14.728383899999999,0.231182,G
LEDA 3529994,141.725174,35.390862,G
LEDA 2465629,270.4045833333333,54.30472222222222,G
GAMA 3086902,173.98115,1.13537,G
WISE J010035.02-235519.3,15.14591345869875,-23.922024347554444,G
WiggleZ R01J005906097+00582318,14.775441899999997,0.9730779999999999,G
WiggleZ R01J005956263-01213104,14.9844655,-1.358651,G
SDSSCGB 36980.1,164.59383749999998,-1.7789388888888888,G
[MET2007] 73.478241-3.141953,73.47824166666666,-3.141952777777777,G
SDSS J140311.89+334330.8,210.79957569036543,33.72525437456444,G
COSMOS2015 1052824,149.82204166666665,2.898638888888889,G
2dFGRS TGS277Z012,1.4749999999999999,-28.803055555555556,G
WiggleZ S15J150451697+01474425,226.21540389999998,1.795626,G
LEDA 2162072,268.93404999999996,40.19274166666666,G
WISE J192233.64+482901.1,290.64021462452456,48.483618480429165,G
EGSIRAC J141727.07+522254.1,214.36277120833333,52.38170591666667,G
SDSS J151600.99+040409.9,229.004131,4.069431,G
2MASS J12221018+1816039,185.54243499999998,18.267688888888888,G
2MASX J14115484-4248402,212.97846688659,-42.81118414362,G
SDSS J152638.19+474454.0,231.65913036717748,47.74834444880389,G
WiggleZ S15J150417874+01310118,226.074475,1.5169944443999999,G
GAMA 950838,174.48504,-0.70053,G
SDSS J155143.84+465722.0,237.93267040248287,46.95611433763641,G
2MASX J04265468-2648435,66.72795079670291,-26.81218377109834,G
2dFGRS TGS361Z164,3.8052499999999996,-30.42961111111111,G
WiggleZ S15J150315316+06200706,225.8138157,6.335293999999999,G
SDSS J153844.54+444800.5,234.6855916396529,44.8001491929836,G
WISE J004623.89-201224.6,11.599595558552082,-20.206878011596384,G
WiggleZ S15J150149328+06361371,225.45553359999997,6.603808000000001,G
SDSS J135931.69+335657.7,209.8820843223275,33.949399066879444,G
WISE J181834.58+590923.9,274.64405789078916,59.15663402670472,G
WiggleZ S15J150338809+02215546,225.9117022,2.3654059999999997,G
2MASX J18342272+5514575,278.59493057632744,55.24937482963028,G
2MFGC 12289,227.69522083333328,-45.23296388888889,G
2MASX J18081466+5236443,272.06135875383876,52.61224874921639,G
LCRS B020730.1-390713,32.396208333333334,-38.88469444444444,G
SDSS J094604.77+045352.4,146.519913,4.89789,G
WiggleZ S15J150206027+06034768,225.52511289999998,6.063244999999999,G
WiggleZ R01J005831990-03342959,14.633330500000001,-3.5749130000000005,G
ShaSS 413033606,200.94031259999997,-31.5526064,G
LEDA 3775807,175.85259440011,12.273904486709998,G
SDSS J150754.87+421616.2,226.97866438754,42.27119568098389,G
WISE J071505.56-683330.1,108.77316016037,-68.55831257487972,G
2MASX J18541405+5824322,283.558436845302,58.40916545881749,G
LEDA  931580,184.82541666666668,-13.908888888888889,G
SDSSCGB 18261.2,120.19463333333336,23.446191666666667,G
GAMA J092200.33-000612.4,140.50142,-0.10345999999999998,G
2dFGRS TGS907Z031,62.9955,-42.662305555555555,G
SDSSCGB 35029.3,357.28304075844,15.462321131500001,G
WiggleZ R01J005919933-01045533,14.833090000000004,-1.082064,G
COSMOS2015 256854,149.63674999999998,1.6741111111111109,G
WISE J064329.46-730053.0,100.87268017299252,-73.01472013645223,G
SDSSCGB 11549.2,223.78543960571,26.83018605097,G
2MFGC 14345,275.07995239916,34.731927968899996,G
[LM97] GRB 920325 222,350.4745833333334,13.111388888888888,G
WiggleZ S15J150242557+02212773,225.67732129999996,2.357702,G
LEDA  300922,33.66875,-66.90472222222223,G
WISE J044134.04-261704.0,70.39186207309126,-26.284481116052223,G
GAMA 936676,140.45348,0.7020899999999999,G
SDSS J082717.16+284102.5,126.821512,28.684028,G
GOODS J123713.99+622036.9,189.308425,62.34344999999999,G
GAMA 861820,139.78488,2.0806400000000003,G
2MFGC 17630,352.47735416666666,20.830505555555554,G
ShaSS 413038755,201.62977119999996,-31.45857,G
WiggleZ S15J150134197+06220653,225.39248679999997,6.368479999999999,G
LEDA 1257139,9.66056874723,3.706973343089999,G
SDSS J085425.59+174604.2,133.606631,17.767845999999995,G
[RTG2015] 1865,53.159262,-27.807811,G
GAMA J092429.95+001505.2,141.12479,0.25145,G
2dFGRS TGS223Z179,27.7925,-27.36916666666667,G
WISE J193600.40+470238.4,294.00164166203797,47.043982363323884,G
LEDA  142980,188.24791666666667,7.495277777777778,G
WISE J180930.15+462700.4,272.37570021663043,46.45012388309167,G
LCRS B235423.7-443828,359.24462500000004,-44.36269444444445,G
2MASX J18422904+4759251,280.6208732320133,47.990285629747774,G
GOODS J123755.71+621531.7,189.48232124999998,62.25883916666666,G
2dFGRS TGN296Z161,161.5245833333333,-1.7315833333333335,G
WiggleZ S15J151913937+06482985,229.808072,6.808291999999999,G
LEDA  413829,33.59708333333334,-54.99305555555556,G
SDSS J150357.02-015258.1,225.987606,-1.882831,G
LCRS B004302.1-392435,11.355916666666666,-39.136472222222224,G
COSMOS2015 1057440,149.73566666666667,2.906416666666667,G
WiggleZ R01J005825127+05091095,14.604734600000002,5.153015,G
SDSS J150629.62+410642.2,226.6234227655808,41.11173936007,G
COSMOS2015 1057777,149.786125,2.9058611111111112,G
SDSS J082214.12+134536.6,125.558863,13.760176000000001,G
WiggleZ R01J010015433-02205522,15.064342000000002,-2.348699,G
SDSS J102113.85+095348.6,155.307712,9.896842,G
[RTG2015] 3623,53.128679,-27.798197000000002,G
SDSS J094126.92+071215.0,145.362193,7.204183000000001,G
LEDA 3812101,205.41335102231997,22.58049177809,G
LCRS B224858.8-393710,342.9544583333333,-39.35388888888889,G
WiggleZ S15J151704598+06074920,229.2691572,6.130334000000001,G
[RTG2015] 1731,53.161672,-27.808696,G
LEDA 2747068,177.8475,72.02333333333333,G
WiggleZ R01J005933296-00532991,14.888771399999998,-0.89167,G
COSMOS2015 1024839,149.752875,2.860777777777778,G
WISE J184039.75+622921.7,280.16557843320544,62.489390965788886,G
WISE J042056.17-274600.2,65.23409194345916,-27.76668183581139,G
SDSS J151558.23+422150.0,228.99266342078334,42.36390597597444,G
COSMOS2015 1016418,149.73280585777,2.84548842748,G
Shk  21-4,41.71041666666667,-1.7522222222222221,G
SDSS J031607.42+411314.8,49.030949,41.220791,G
WiggleZ R01J010018879+04431164,15.0787016,4.719872,G
WiggleZ R01J005905224+00440379,14.7718044,0.734357,G
2dFGRS TGS570Z331,27.827083333333334,-35.12777777777778,G
COSMOS2015 1048227,149.89116666666666,2.8926944444444445,G
WiggleZ R01J010033758-00402770,15.1406934,-0.6743899999999999,G
WiggleZ R01J005836424+03481633,14.651804500000003,3.8045080000000016,G
LEDA 1666525,203.18433335227996,22.25787449103,G
COSMOS2015 1033331,149.76529166666663,2.8708333333333336,G
WISE J011200.11-503241.6,18.00035602532125,-50.54494777299555,G
COSMOS2015 1023483,149.79791666666665,2.859,G
WiggleZ S15J150325122+06014798,225.85467639999996,6.029994,G
GAMA J092241.69-000425.8,140.67372,-0.07384000000000002,G
SDSS J211329.31+070536.5,318.372135,7.093482,G
2MASX J19301019+4518138,292.54257404642874,45.30397144682916,G
WiggleZ S15J150434853+05115301,226.14521999999997,5.198059,G
WiggleZ S15J150315478+01481970,225.8144907,1.8054729999999999,G
WiggleZ S15J150341959+05324740,225.924829,5.546498999999999,G
WISE J183714.60+571905.9,279.3108573921533,57.31835463851001,G
SDSS J093510.46+030311.7,143.793607,3.0532669999999995,G
2dFGRS TGS515Z286,33.95133333333333,-32.54413888888889,G
WINGS J042833.82-610204.4,67.14092,-61.03456,G
2MASX J18285314+4533015,277.2216194583108,45.5503749487436,G
LEDA  698193,73.34125,-32.003055555555555,G
SDSS J155623.18+452702.0,239.0965813047183,45.45056415157778,G
NGVS J123321.82+152830.0,188.34093189999996,15.475011500000003,G
ShaSS 410066473,201.93036729999997,-29.1903193,G
GAMA 905744,140.69245,-0.49832,G
WiggleZ S15J150449636-00372691,226.20681519999997,-0.6241409999999998,G
LEDA 3390921,132.02774072077,40.87527255226,G
LEDA 2388084,136.35243059665,51.08412906584999,G
WiggleZ R01J005913561+04375354,14.806541600000001,4.6315100000000005,G
WiggleZ S15J150205018+01180719,225.52090949999996,1.301997,G
LEDA 3384784,194.75534923276206,62.25573751547055,G
WiggleZ S15J150423240+05593306,226.0968336,5.992517,G
WiggleZ R01J005938919-01263513,14.912198500000002,-1.44312,G
COSMOS2015 1022005,149.80954166666666,2.856638888888889,G
SDSS J000938.33+034346.6,2.4097239999999998,3.729635000000001,G
WiggleZ S15J150215244+06343519,225.5635166,6.57644,G
COSMOS2015 1037872,149.75574999999998,2.879138888888889,G
LCRS B011042.1-391946,18.246458333333333,-39.064611111111105,G
GAMA 3065651,173.81854,0.7389999999999999,G
WiggleZ R01J005813313-02525434,14.555509,-2.88179,G
WISE J044516.81-251947.1,71.3200566048129,-25.329767507509445,G
COSMOS2015 1055596,149.85975,2.902611111111111,G
SDSS J152438.70+445838.7,231.16127882834417,44.97744114311861,G
WISE J180700.03+465121.3,271.7501438508163,46.85589794527778,G
WISE J190112.17+494157.1,285.30073212879574,49.69919526330194,G
WISE J044852.81-240531.7,72.220065823025,-24.092183553507223,G
WISE J042050.41-264734.6,65.21012317199792,-26.792972598193614,G
WISE J190231.73+611239.1,285.6322498579492,61.21085769031778,G
ShaSS 422033409,198.2924246,-32.6786362,G
COSMOS2015 1030736,149.88104166666668,2.8675,G
SDSS J143239.19+433255.5,218.16329199999998,43.548752,G
WiggleZ R01J005826726-01260470,14.611395999999996,-1.434668,G
COSMOS2015 1031362,149.72970833333332,2.869972222222222,G
WiggleZ R01J005756047-01234820,14.483566,-1.39675,G
WiggleZ R01J005937776-02391887,14.907438999999998,-2.65527,G
SDSS J101045.16+132856.2,152.688207,13.482289,G
SDSS J000528.58-002848.5,1.369084,-0.48015200000000013,G
COSMOS2015 1017511,149.85583333333332,2.8501944444444445,G
[RGD2013] J120020.256+032955.464,180.0843774392,3.49873014196,G
SDSS J100726.44+065502.7,151.860178,6.917437999999999,G
WiggleZ S15J150332245+06120509,225.8843557,6.2014130000000005,G
LEDA  949615,346.815,-12.654722222222222,G
WiggleZ R01J010040190+01250208,15.167494000000003,1.4172160000000003,G
WISE J044619.84-253116.7,71.5827102776175,-25.521345389736947,G
WISE J044628.82-255227.9,71.62015432321667,-25.874415797586668,G
SDSS J093358.74+322616.5,143.494767,32.437924,G
COSMOS2015 1021406,149.78270833333332,2.8530277777777777,G
WiggleZ R01J010027084-02231900,15.112885,-2.3886399999999997,G
SDSS J151719.44+450633.3,229.33105714913918,45.10924751809667,G
WISE J181819.39+571632.3,274.5808268365067,57.27564144725473,G
LCRS B225814.8-394310,345.26233333333334,-39.450722222222225,G
WISE J180712.47+444512.6,271.80198466826835,44.753473849493055,G
SDSS J092749.02+022847.3,141.954256,2.4798250000000004,G
SDSS J092003.80+002923.0,140.01583743016,0.48974928750999996,G
WISE J184454.06+451046.8,281.2252599500029,45.17964203997972,G
WiggleZ S15J150137101+03104540,225.40458679999998,3.1792759999999998,G
WISE J043032.35-265707.0,67.63484911430749,-26.951920626749715,G
[BPG2011] irac094245,215.33942566666664,53.01892477777778,G
2dFGRS TGN427Z173,158.68575,1.1384999999999998,G
WISE J044052.63-254411.0,70.21929937406624,-25.736465915468333,G
2MASX J00492151-2347017,12.339510517915414,-23.78381413194806,G
COSMOS2015 258970,150.6465,1.6772777777777776,G
6dFGS gJ220449.8-222606,331.20762901718,-22.43497061314,G
WISE J184049.37+581106.2,280.20572169031664,58.18506488815971,G
VIPERS 121058312,32.423946,-4.422314,G
COSMOS2015 1033567,149.76695833333332,2.8728611111111113,G
2MASX J01053530-3156186,16.39729831773,-31.938707263830008,G
COSMOS2015 1045612,149.850125,2.889361111111111,G
WISE J044839.42-245137.0,72.1642682239629,-24.860318514636944,G
SDSS J031551.82+414443.9,48.96592799999999,41.745538,G
2MASX J19212091+4843206,290.33711462430335,48.722381290368055,G
COSMOS2015 249808,149.72050000000002,1.6625277777777776,G
WISE J192304.46+461303.4,290.7685964623063,46.217625737461105,G
COSMOS2015 1046272,149.78787499999999,2.8894166666666665,G
WiggleZ S15J150146111+06301973,225.44212839999997,6.5054799999999995,G
COSMOS2015 1055062,149.75087499999998,2.9028888888888886,G
SDSS J091255.33+173303.7,138.230553,17.551051,G
SDSS J082628.44+132549.5,126.618532,13.430434,G
WiggleZ S15J150358401+03351521,225.99333809999996,3.5875580000000005,G
WiggleZ S15J151908892+06032965,229.78704910000002,6.058237,G
SDSS J095630.59+082239.3,149.127459,8.377605000000003,G
WiggleZ S15J150231636+04492422,225.6318163,4.823396,G
SDSS J090525.13+060331.2,136.354713,6.058692,G
GAMA 3187227,141.02125,0.9946900000000001,G
GAMA 583255,173.65765,-0.08281999999999999,G
SDSSCGB 51147.4,247.75851699999998,-0.46782000000000007,G
WiggleZ R01J005959378-01335334,14.997443499999997,-1.564846,G
WISE J044424.20-252800.3,71.10094660471958,-25.466800289935833,G
WiggleZ R01J005755038+01271646,14.479361500000003,1.4545450000000002,G
SDSS J152519.36+475801.3,231.33067043639414,47.96703040854666,G
WiggleZ R01J005919693+04462345,14.8320896,4.773153,G
WiggleZ S15J151739273+06155507,229.41363739999994,6.2652969999999994,G
WISE J185230.17+571217.7,283.12568234230537,57.2049116752775,G
WiggleZ R01J005848239-00382295,14.701032900000001,-0.639736,G
WiggleZ S15J150159294+05250139,225.4970602,5.417054000000001,G
[CCH2004] R 50325,188.91620833333337,62.22372222222222,G
LEDA  330316,325.3895833333333,-63.66861111111111,G
2MASX J18464661+4510225,281.6944749094513,45.17278219197721,G
LEDA  364865,89.16375000000001,-60.25388888888889,G
2MFGC 14109,268.6636333333333,28.59005277777778,G
WiggleZ R01J005905217+00574714,14.771775899999996,0.9630669999999998,G
2MASX J04294396-2625462,67.43311985463417,-26.429576134451118,G
SDSSCGB 71416.1,127.47780317201999,13.00679452742,G
WiggleZ R01J010032486-01173678,15.1353955,-1.2935780000000003,G
WiggleZ S15J150215015+01102088,225.5625622,1.172467,G
2dFGRS TGS252Z015,333.1331666666667,-28.47197222222222,G
WISE J182839.11+475458.2,277.16287597816495,47.91620222328833,G
SDSSCGB 11167.2,205.87522421681996,26.94497863281,G
COSMOS2015 1058724,149.84408333333332,2.9070555555555555,G
LEDA  449256,34.09916666666667,-52.05777777777777,G
SDSS J021302.77-074632.1,33.261565000000004,-7.775603,G
SDSS J091246.04+155904.2,138.191859,15.984527000000003,G
LEDA 2126365,33.631371071953346,38.414319682469724,G
WiggleZ R01J005750066-00081436,14.458646400000001,-0.13735099999999997,G
COSMOS2015 1028035,149.72783333333334,2.865138888888889,G
SDSS J102202.53+100858.8,155.510558,10.149681000000001,G
COSMOS2015 1018869,149.87975,2.85075,G
6dFGS gJ221450.2-311438,333.70895249468,-31.24418137134,G
2dFGRS TGS436Z107,3.0745833333333334,-31.75027777777778,G
LEDA  600675,18.87290978232,-39.21000865556,G
WISE J011212.27-214024.6,18.051196141121668,-21.67349692149278,G
WiggleZ R01J005950612-02524884,14.960918500000002,-2.8802619999999997,G
COSMOS2015 1020885,149.854875,2.854333333333334,G
COSMOS2015 1038846,149.77308333333332,2.8802499999999998,G
WiggleZ S15J150155509+05551720,225.48128769999997,5.921445,G
WiggleZ S15J151811143+06413849,229.54642889999997,6.694024999999999,G
LCRS B011445.6-385000,19.25825,-38.57013888888889,G
WiggleZ R01J005750206-02032983,14.459227,-2.058314,G
WiggleZ S15J150342943+02123793,225.9289291,2.2105369999999995,G
SDSS J092327.79+052524.5,140.865821,5.423474,G
[RTG2015] 1845,53.172063,-27.808008,G
WiggleZ R01J005754241-00040642,14.4760419,-0.068478,G
GAMA J092541.52-010623.3,141.42302,-1.10651,G
GAMA 642082,140.65205,-1.1716599999999997,G
WISE J073034.67-695509.9,112.64436767593332,-69.91940715453778,G
SDSS J151243.90+411537.8,228.1829330862183,41.260509694291116,G
WISE J191910.66+574636.7,289.79442694960585,57.77695893884584,G
WiggleZ S15J150221569+06321280,225.5898715,6.536888,G
WISE J005049.98-232121.1,12.708316567358334,-23.355875965625557,G
DEEP2-GRS 22016755,252.48026,34.79116,G
LEDA 2466358,264.9820833333334,54.32916666666667,G
COSMOS J095927.53+025251.4,149.86470833333334,2.8809444444444443,G
[RTG2015] 3593,53.166733,-27.798146,G
ShaSS 406051372,202.01325719999997,-33.2459783,G
LEDA 2615468,203.53375,61.300555555555555,G
SDSSCGB 55036.4,187.18799583333328,27.717163888888887,G
WiggleZ R01J005759532-02301820,14.498088999999998,-2.505084,G
COSMOS2015 1044889,149.86579166666667,2.887,G
WiggleZ S15J150139923+02424850,225.41634759999997,2.7134710000000006,G
SDSS J114742.47+292312.7,176.92698061321,29.38685414565,G
[RGD2013] J153930.407+341742.968,234.87669496269996,34.29526382443,G
WISE J011109.48-493210.2,17.789527447896667,-49.536198024260564,G
COSMOS2015 301172,150.66925,1.7443888888888888,G
WiggleZ S15J151706608+06232492,229.27753300000003,6.390256,G
SDSS J135926.20+341730.5,209.85916786387662,34.291823654574166,G
WISE J003116.95-252432.4,7.820696769024166,-25.409029255270276,G
[RTG2015] 3642,53.190871,-27.798129,G
2dFGRS TGS574Z224,34.250416666666666,-35.027499999999996,G
LEDA  923004,14.386249999999999,-14.561944444444444,G
WiggleZ R01J005900491-02570213,14.752084000000004,-2.950619,G
SDSS J002543.74+103845.8,6.432263,10.646083,G
LEDA 3395721,196.95417338260998,4.28350364975,G
2dFGRS TGS363Z156,5.847083333333333,-30.391388888888887,G
WiggleZ R01J010021114-03373177,15.088012,-3.625519,G
2MASX J18160385+5300591,274.016103383265,53.01641017263139,G
SWIRE J033210.17-281228.9,53.04241666666666,-28.20802777777778,G
GAMA 271356,173.9283,1.3589300000000002,G
GOODS J123730.26+622130.2,189.37609208333333,62.358380833333335,G
COSMOS2015 250607,150.06829166666668,1.6635833333333334,G
SDSS J095646.30+032308.2,149.192949,3.3856349999999997,G
SDSS J095449.69+082526.3,148.707043,8.423979,G
LEDA 2283878,261.94458333333336,46.59583333333334,G
WiggleZ R01J005848764-02411720,14.703219999999995,-2.6881399999999998,G
SDSS J000758.83+095530.1,1.995126,9.925051,G
COSMOS2015 1024246,149.88591666666665,2.8583611111111114,G
LCRS B231907.7-423523,350.4667083333333,-42.31561111111111,G
WiggleZ S15J150352751+05304593,225.96979499999998,5.512757,G
WiggleZ R01J005809182-01230266,14.538293500000004,-1.384099,G
WISE J184521.56+583013.1,281.3397988196716,58.50364401793388,G
SDSS J090906.56+132234.4,137.277358,13.37625,G
COSMOS2015 698206,149.539375,2.358916666666667,G
[RTG2015] 3733,53.135111,-27.797717,G
WiggleZ S15J150234134+05584924,225.64222549999997,5.980344,G
SDSS J152131.20+440704.0,230.38002319086294,44.117782115972496,G
SDSS J151911.42+440355.4,229.79758381620832,44.0653928481025,G
NGP9 F268-1158119,192.58766666666668,34.881861111111114,G
SDSS J090402.53+175652.6,136.010552,17.947962,G
WiggleZ R01J010015580+01223680,15.064954,1.376861,G
WiggleZ S15J151933298+06362842,229.88874069999997,6.607894,G
WISE J054927.17+484739.3,87.36312490766375,48.79428089862861,G
NGVS J123752.90+141200.3,189.47041769999998,14.200094199999999,G
COSMOS2015 252305,150.11391666666668,1.6666111111111108,G
WiggleZ S15J150723560+02223935,226.84816829999997,2.3775969999999997,G
LEDA 2356282,14.377499999999998,49.88138888888889,G
LEDA 3545183,175.39016912851,57.77467229847,G
SDSSCGB 12880.4,154.99978808756,7.82296378583,G
COSMOS2015 1044122,149.81545833333334,2.8876944444444446,G
LEDA  873420,33.69541666666667,-18.054722222222225,G
UVISTADR1 J100131.44+013931.0,150.38095833333335,1.6586388888888888,G
Gaia DR3 2148416072517979392,276.38896959720705,52.781795407763894,G
WiggleZ S15J151828638+06470155,229.6193265,6.783763999999999,G
WiggleZ S15J150359377+01515136,225.9974044,1.8642660000000002,G
WiggleZ R01J005931555-02122144,14.8815145,-2.205984,G
2MASX J23105649-3559492,347.73538322087995,-35.99705248563,G
GAMA 3065861,173.99928,0.7868400000000001,G
COSMOS2015 297272,149.47154166666664,1.7378611111111113,G
SDSS J151018.76+410016.9,227.57817444246206,41.004734157462224,G
2dFGRS TGN102Z087,161.22975,-5.274888888888889,G
SDSSCGB 12424.3,137.72629166666667,27.828352777777773,G
SDSS J095716.66+010120.9,149.319426,1.022494,G
COSMOS2015 1055320,149.813,2.9032222222222224,G
COSMOS2015 1025362,149.81249999999997,2.8608611111111113,G
LEDA 3832454,220.83845129408,64.14920828414,G
SDSS J081611.17+163014.7,124.046551,16.504093,G
WISE J183809.90+632946.0,279.54110583780334,63.49606754445805,G
SDSS J081128.52+070501.3,122.868837,7.083713000000002,G
WISE J044819.38-253306.0,72.08076802776749,-25.55172157299528,G
[D2013] J091601.452+295418.60,139.00605000000002,29.905166666666663,G
2MASX J18082438+4114019,272.1018222633867,41.23390350092917,G
LEDA 1899037,199.04875,30.31888888888889,G
WiggleZ R01J005842247+04234815,14.676067100000003,4.396681000000001,G
2MASX J00234559-2443490,5.939910363780832,-24.73018331321389,G
WiggleZ S15J151812370+05444827,229.5515425,5.7467419999999985,G
GAMA 3086974,174.07076,1.07214,G
Gaia DR3 2151835347521417344,272.47287127813246,57.59856235380584,G
LEDA 3787461,185.5216833333333,26.785311111111113,G
2MASX J19271392+5725407,291.8080887162084,57.428013232358055,G
WiggleZ S15J150302945+05335730,225.7622693,5.565917,G
CLASHVLT J041651.7-235416,64.215451,-23.904613,G
LEDA 1837239,16.318333333333335,28.488333333333333,G
SDSS J093210.21-000654.7,143.042557,-0.11521599999999999,G
LCRS B123937.2-121756,190.55662499999997,-12.573083333333333,G
COSMOS2015 301695,149.65266666666665,1.746,G
WiggleZ R01J005904401-01400393,14.768375499999996,-1.6677870000000001,G
SDSS J031638.61+411558.4,49.1609,41.26624199999999,G
2dFGRS TGS291Z019,14.656666666666668,-28.80888888888889,G
LEDA 2026367,234.76125000000002,33.20666666666667,G
WISE J061027.61-721524.7,92.6150653450346,-72.2568381293286,G
SDSS J093958.02+025156.7,144.991754,2.865755,G
SDSS J230105.96+275256.4,345.274861,27.882357000000003,G
WiggleZ S15J150355595+04262116,225.9816439,4.439211,G
2MASS J16563465+2525312,254.14446130719995,25.42538738421,G
COSMOS2015 1055579,149.88425,2.904,G
WISE J192617.91+485211.2,291.5746367338938,48.86974809478806,G
2dFGRS TGS115Z117,331.1365041666666,-25.270674999999997,G
LEDA 3087277,226.27670833333335,51.00266666666666,G
WISE J184646.51+580706.9,281.6938212090437,58.118549179920834,G
SDSS J092820.68+124602.9,142.086195,12.76748,G
SDSS J154804.21+463906.2,237.01754174878917,46.65172796236999,G
WiggleZ S15J150350522+05175943,225.96051009999996,5.299842000000001,G
2MFGC 12810,239.53864999999996,-43.37708333333334,G
GNS 2640,189.05606666666665,62.15307611111111,G
[RTG2015] 1662,53.163442,-27.809106,G
ShaSS 401036410,203.7932675,-33.4904719,G
WiggleZ S15J150231872+01324478,225.63279799999998,1.5457730000000003,G
SDSS J085806.71+074339.6,134.527988,7.727677000000002,G
LEDA 1046704,198.95625,-5.291944444444444,G
WiggleZ S15J150406816+04505291,226.0283987,4.848031,G
LCRS B224719.8-414406,342.54887499999995,-41.46991666666667,G
COSMOS2015 1055688,149.88475,2.9039444444444444,G
NGVS J122922.00+144143.1,187.34168749999998,14.6953053,G
IRAS F21266+1741,322.24166771067746,17.915200324267776,G
SDSS J002246.69-011257.2,5.694561000000001,-1.215902,G
[IML2013] 150.05984+01.86024,150.05984,1.8602400000000001,G
COSMOS2015 1047416,149.8705,2.8918055555555555,G
WiggleZ S15J150206201+01262598,225.5258378,1.4405510000000001,G
COSMOS2015 1016238,149.788625,2.848805555555556,G
COSMOS2015 1043668,149.76695833333332,2.883583333333333,G
WiggleZ R01J005849907-02294972,14.707984,-2.497173,G
SDSS J101142.05+285911.1,152.925234,28.98641700000001,G
WiggleZ R01J005807849-01145134,14.532742000000002,-1.247622,G
WiggleZ S15J150132440+05503598,225.38516809999996,5.843328,G
WiggleZ R00J232314007-13154365,350.8083625,-13.2621222222,G
SDSS J140523.23+331432.4,211.34680842839168,33.242369335908336,G
2MASX J19041941+5246420,286.0809202182433,52.778342208718044,G
6dFGS gJ024934.6-332536,42.39414983868,-33.42666681386999,G
SDSS J151207.23+414844.0,228.03013047208788,41.81222011080416,G
WISE J184908.70+464517.0,282.28611905953085,46.75468032515527,G
WiggleZ R01J005758449+00421145,14.493572400000001,0.7031519999999999,G
SDSS J150753.12+420417.0,226.97134310245832,42.07139793677056,G
GOODS J123724.53+621547.4,189.35219833333335,62.26315638888889,G
COSMOS2015 1053444,149.87979166666665,2.900333333333333,G
LCRS B001240.8-382142,3.7973749999999997,-38.08372222222222,G
COSMOS2015 1057711,149.8215,2.90675,G
WiggleZ R01J005841722-00405312,14.673878399999998,-0.68145,G
Anon J105337+5715,163.406034,57.253209,G
WiggleZ S15J150227976+01325991,225.6165658,1.5499749999999999,G
2dFGRS TGS303Z097,28.53833333333333,-29.75638888888889,G
2MASX J19343468+5749563,293.64434789384416,57.83233397623418,G
LCRS B235832.3-392120,0.27566666666666667,-39.077333333333335,G
LEDA  826969,197.53958333333333,-21.53666666666667,G
WiggleZ R01J005826316-00441957,14.609687400000002,-0.7387980000000001,G
COSMOS2015 1020481,149.75345833333333,2.8543888888888893,G
GAMA 3032449,173.82703,0.24342,G
SDSS J023523.95-072814.1,38.849794,-7.470598000000001,G
COSMOS2015 1057322,149.78349999999998,2.906111111111111,G
WiggleZ R01J005918442-03195908,14.826880000000001,-3.3331070000000005,G
WiggleZ R01J005811303-03131936,14.5471345,-3.222072,G
LEDA  970269,34.36583333333333,-11.075833333333334,G
CXOHDFN J123618.4+621139,189.07656208333333,62.194271388888886,G
SDSS J081837.94+121706.3,124.658095,12.285095000000002,G
WiggleZ R01J010001524-01265749,15.006385000000002,-1.449332,G
[RGD2013] J103150.989+345718.034,157.96245416666667,34.95500944444445,G
LEDA 2031656,246.89458333333334,33.42027777777778,G
SDSS J094930.95+322918.3,147.378967,32.488441,G
WiggleZ S15J150220067+01263143,225.5836128,1.442064,G
WiggleZ S15J150445140+01201851,226.1880824,1.338474,G
WISE J182820.69+471235.6,277.0862335945954,47.20985456312139,G
WiggleZ S15J150307856+06340446,225.782733,6.567904,G
SDSS J011614.08+023551.2,19.058692,2.597562,G
SDSS J022803.73-005237.7,37.015551,-0.8771580000000001,G
SDSSCGB 19243.4,340.90627916666665,12.684949999999999,G
WiggleZ R01J005850034+04355113,14.708512100000002,4.597508000000001,G
WiggleZ S15J150130430+01290130,225.37679,1.483694,G
2dFGRS TGS427Z083,353.77791666666667,-32.575,G
[RGD2013] J092330.978+141734.296,140.87905630755,14.292872033359997,G
COSMOS2015 1055426,149.78349999999998,2.902611111111111,G
WiggleZ S15J150201933+02554746,225.50805539999996,2.9298489999999995,G
WiggleZ S15J150343855+02463053,225.9327286,2.7751479999999997,G
COSMOS2015 1015302,149.81054166666667,2.847527777777778,G
GAMA J092425.71+003600.9,141.10713,0.60026,G
SDSS J094945.23+084140.6,147.438498,8.694627000000002,G
SDSS J012437.23+010137.9,21.155126,1.027222,G
COSMOS2015 1018702,149.88174999999998,2.8515,G
SDSS J082549.96+584005.5,126.45817599999998,58.668214,G
LCRS B013045.0-392828,23.2395,-39.21827777777778,G
WiggleZ S15J151727459+06164493,229.3644127,6.279147,G
2dFGRS TGS553Z024,3.376666666666667,-34.73166666666667,G
COSMOS2015 298484,149.94491666666667,1.7413888888888889,G
SDSS J151413.24+432731.3,228.5551698994004,43.45869885053666,G
SDSS J152016.87+421206.4,230.0703099265575,42.20179124378972,G
2MASS J10280955+7948481,157.039823,79.81337,G
2dFGRS TGS288Z211,11.760416666666666,-29.862222222222222,G
2MASX J18281074+5328488,277.0447257937962,53.48026478345056,G
COSMOS2015 1043116,149.87320833333334,2.885361111111111,G
SDSS J154441.80+464921.6,236.1741693205321,46.82269290901945,G
LEDA  824510,184.81208333333333,-21.728055555555553,G
WiggleZ R01J005839226-01444687,14.663479,-1.746381,G
WiggleZ S15J150133252+06553692,225.3885506,6.926923000000001,G
LEDA  213798,168.12874999999997,31.393055555555556,G
GOODS J123746.33+621149.5,189.44312499999998,62.19702777777778,G
[ECD2009] 52.86292-28.85172,52.86291666666666,-28.85172222222222,G
2dFGRS TGS281Z162,5.964583333333334,-29.553055555555556,G
LEDA  444859,44.52541666666667,-52.376666666666665,G
COSMOS2015 260857,150.20325,1.68025,G
LEDA 2014603,102.9077601123,32.84782856108,G
[RTG2015] 1660,53.177051,-27.809112,G
COSMOS2015 1038961,149.74812500000002,2.880333333333333,G
WiggleZ R01J005846995-00292362,14.695848899999996,-0.48992299999999994,G
SDSS J160910.71+470112.3,242.29463247051285,47.02007926516194,G
COSMOS2015 1058787,149.863375,2.9075277777777777,G
2MASX J18092490+5548020,272.3536696598221,55.80053889576638,G
WiggleZ R01J005944973-01155026,14.937423999999998,-1.263989,G
SDSS J151745.20+412552.0,229.43840781076167,41.43113375382722,G
COSMOS2015 1053017,149.78508333333332,2.8999444444444444,G
COSMOS2015 1019759,149.84329166666663,2.8536388888888893,G
2dFGRS TGN135Z099,199.17833333333334,-4.033611111111111,G
SDSS J142214.15+370712.5,215.55897399606374,37.120145753164444,G
GAMA 4261945,141.33366,-0.26387999999999995,G
NGP9 F323-0465475,193.68179166666667,29.838416666666664,G
LCRS B234825.7-422952,357.7592916666667,-42.219611111111114,G
WiggleZ R01J010004757-00274055,15.019857900000002,-0.4612930000000001,G
SDSSCGB 28112.3,162.2122625,35.08087222222223,G
SDSS J031540.13+410539.0,48.917217,41.094178,G
WiggleZ S15J150140044+04393289,225.416848,4.659134999999999,G
2MASX J19112870+4713077,287.8694659080825,47.21880696611889,G
GAMA 4153271,173.70158,-1.2854299999999999,G
WiggleZ R01J010006060+01221240,15.025285000000002,1.370084,G
COSMOS2015 1054485,149.88366666666664,2.902083333333333,G
LCRS B011412.0-392757,19.117291666666667,-39.20236111111112,G
WiggleZ R01J005939256-02242326,14.913604,-2.40649,G
COSMOS2015 1042497,149.75870833333335,2.885,G
LCRS B001704.7-412817,4.890999999999999,-41.19383333333333,G
2dFGRS TGS527Z333,328.5016666666666,-34.470333333333336,G
[RTG2015] 3809,53.146736,-27.797309,G
WiggleZ S15J150432057+00315377,226.1335722,0.531604,G
SDSS J082955.19+004949.8,127.479991,0.8305219999999999,G
SDSSCGB 43474.4,135.4901625,3.7936666666666663,G
LEDA 1944597,166.38250000000002,31.384722222222223,G
WiggleZ R01J010004489-00224909,15.0187404,-0.380332,G
LEDA  411590,36.800000000000004,-55.213055555555556,G
WiggleZ S15J150306888+04024050,225.77869939999997,4.044584,G
EGSIRAC J141632.68+522431.5,214.1361887083333,52.40876483333333,G
2dFGRS TGS303Z228,27.573333333333338,-29.200555555555553,G
COSMOS2015 1018349,149.88374999999996,2.850916666666667,G
COSMOS2015 1032337,149.88858333333332,2.87075,G
[RTG2015] 3607,53.125348,-27.798295,G
SDSS J093926.44+202350.7,144.8602,20.397427,G
COSMOS2015 373138,149.55165,1.85949,G
SDSSCGB 13365.4,237.51817083333333,20.07115,G
SDSS J091625.22+031933.4,139.105091,3.3259539999999994,G
COSMOS2015 1020602,149.83262499999998,2.8544722222222223,G
WISE J044256.06-262918.8,70.73358126508624,-26.488527592444175,G
GAMA 280168,141.2059,1.12483,G
COSMOS2015 1025794,149.82704166666667,2.8621111111111115,G
2MASX J04310262-2536342,67.76090277072333,-25.609448471453337,G
SDSS J153405.65+450554.6,233.52356783768707,45.0985287099825,G
WiggleZ S15J150403975+05175523,226.01656189999997,5.298676,G
WISE J184016.35+512218.7,280.0681699963659,51.37185664139667,G
COSMOS2015 299625,149.65854166666668,1.7419444444444445,G
2MFGC 16814,334.54830833333335,70.25074722222222,G
WISE J043340.16-250854.9,68.41738004301583,-25.14859758314639,G
SDSS J000012.52+033819.4,0.052189000000000006,3.638729999999999,G
WiggleZ S15J150334475+03541864,225.89364759999998,3.9051780000000007,G
WiggleZ R01J005948947+04145112,14.953981000000002,4.247503999999999,G
SDSS J084948.01+122922.6,132.450072,12.489635,G
2dFGRS TGS570Z180,28.55333333333333,-34.50194444444445,G
WiggleZ R01J005907949-01330987,14.7831595,-1.552769,G
WiggleZ S15J150402945+02211197,226.0122706,2.353324,G
[RTG2015] 1770,53.160508,-27.808482,G
2MASX J14311670-2800055,217.81943931325,-28.0014326188,G
2dFGRS TGS511Z262,27.99166666666667,-33.60861111111111,G
2MFGC 17543,350.3008416666666,55.49476666666667,G
WiggleZ R01J005755346-01132007,14.480645500000001,-1.222269,G
GAMA J092330.32-001343.4,140.87634,-0.22872999999999996,G
LEDA 2600360,199.99583333333334,60.29222222222222,G
2dFGRS TGS497Z026,6.049166666666667,-33.6875,G
SDSS J163537.40+524736.6,248.90586244992997,52.79348576532,G
LEDA  379722,36.08291666666666,-58.37916666666667,G
LEDA  521535,40.7725,-45.894444444444446,G
COSMOS2015 1050584,149.80954166666666,2.8966944444444445,G
COSMOS J095955.49+024644.5,149.9812083333333,2.779027777777778,G
SDSS J142701.11+382808.5,216.7546240573029,38.46900949869778,G
WiggleZ S15J150352094+05143148,225.9670574,5.242076999999999,G
[TCW2010b] SL2S J143000  7,217.55520833333333,55.79228888888888,G
NGP9 F378-0063387,187.64020833333333,25.372833333333332,G
2MASX J01093805-5053343,17.408613079209584,-50.892975086548624,G
WISE J010344.91-221916.9,15.937189412552922,-22.321357601365,G
COSMOS2015 1057519,149.8494583333333,2.906361111111111,G
LEDA  523564,327.29083333333335,-45.72361111111111,G
COSMOS2015 252141,149.46116666666666,1.6655277777777777,G
2MASX J18143173+5743596,273.6321263996787,57.733163492064996,G
GOODS J123631.96+620913.8,189.13315958333334,62.153821111111114,G
WiggleZ S15J151722608+03293280,229.34420019999996,3.4924449999999996,G
COSMOS2015 1048605,149.77691666666664,2.892777777777778,G
WiggleZ R01J005804115+00465819,14.5171824,0.7828020000000001,G
SDSS J154856.22+424141.0,237.23425995754337,42.69471081387861,G
2MASX J09361668-6041175,144.06950346868,-60.68809684234,G
WiggleZ S15J150340656+02015120,225.9193992,2.0308899999999994,G
WiggleZ R01J005829426-01162519,14.6226445,-1.2736910000000001,G
WiggleZ R01J010021967-02353511,15.091567,-2.593113,G
2dFGRS TGS290Z012,14.669166666666666,-28.55777777777778,G
SDSS J143222.57+114925.1,218.09407,11.82364,G
COSMOS2015 1041959,149.78929166666663,2.8844166666666666,G
2MASX J01323094-3011573,23.129101500830004,-30.19927172095,G
WiggleZ S15J150238782+05503710,225.66159209999998,5.843640000000001,G
WiggleZ R01J005758245-02030256,14.4927265,-2.05074,G
2dFGRS TGS289Z062,12.859041666666666,-28.55811111111111,G
WISE J193653.43+543026.2,294.2226715872275,54.507326547515,G
WISE J190906.06+565541.3,287.2753498761791,56.928087658306104,G
LCRS B000915.9-444917,2.945434552317916,-44.54328063446556,G
WISE J043119.23-251451.6,67.83015003485708,-25.247656903758614,G
WiggleZ R01J005853820-03251673,14.724285999999998,-3.4213410000000004,G
WISE J194235.87+485526.4,295.64947138028583,48.92403801432111,G
GAMA J092326.76+000011.9,140.86151,0.00332,G
WiggleZ R01J010012677-02094764,15.052857999999999,-2.1632620000000005,G
2MASX J19392578+5654340,294.85740023371034,56.9094114048725,G
WiggleZ S15J150445988-00344069,226.19161509999998,-0.5779700000000001,G
WiggleZ R01J005957811-02481477,14.990916999999996,-2.80413,G
WiggleZ R01J005930391-03273789,14.876668000000002,-3.4605520000000007,G
SDSS J153755.11+450729.2,234.47965396645247,45.12479650491472,G
WISE J182136.57+612218.3,275.4023652592217,61.37171713537307,G
2dFGRS TGS435Z097,3.436666666666667,-31.401666666666664,G
WiggleZ R01J010008908+01414864,15.037152999999998,1.6968160000000003,G
SDSS J224434.72+131710.6,341.1446442468899,13.28625706014,G
2MFGC 16732,332.70141666666666,29.43964166666667,G
[RTG2015] 1905,53.157858,-27.80767,G
WISE J193003.96+434647.4,292.5164813778391,43.77978264339527,G
COSMOS2015 1025500,149.83708333333334,2.857027777777778,G
SDSS J140439.38+022343.7,211.16412,2.3954769999999996,G
WiggleZ S15J150223699+06313774,225.5987462,6.527150999999999,G
2dFGRS TGS323Z121,52.93216666666667,-28.67866666666667,G
SDSS J155506.81+452327.3,238.77837582547625,45.39092922538889,G
COSMOS2015 1020335,149.85237499999997,2.8544444444444443,G
WISE J192005.46+544917.6,290.02279260705916,54.82155383966084,G
LEDA  776778,199.90541666666667,-25.63111111111111,G
SDSS J155713.38+463620.6,239.30575322238496,46.60573882699082,G
LEDA 1185937,343.8641375,1.146561111111111,G
WiggleZ R01J005910072+00411689,14.792003399999997,0.687998,G
WiggleZ S15J150150346+01241264,225.45977579999996,1.40351,G
WISE J005957.07-512455.0,14.987897941888749,-51.415314191737494,G
WiggleZ S15J150310644+04305024,225.79434879999997,4.513956,G
WiggleZ S15J150326995+02205831,225.8624794,2.34953,G
2dFGRS TGS511Z283,27.81125,-32.99611111111111,G
SDSSCGB 44074.1,151.27452284771,49.08327416864,G
COSMOS2015 1039974,149.78504166666664,2.8819722222222226,G
WiggleZ S15J150349239+02564306,225.95516429999998,2.9452960000000004,G
2dFGRS TGN444Z041,172.9115833333333,1.9300277777777777,G
WiggleZ R00J232220923-04122883,350.58715,-4.2080027778,G
SDSS J084726.12+054616.8,131.85886,5.771355,G
[RTG2015] 3689,53.131534,-27.797978,G
GAMA 916537,174.10347,-0.14181999999999997,G
2MASX J04425101-2639099,70.71261428245917,-26.652673617543336,G
COSMOS2015 1020795,149.84025,2.8553888888888888,G
2MASX J18532652+6019382,283.3605568176283,60.32732962615278,G
SDSS J151901.81+460819.3,229.75750863386668,46.13867492085611,G
WiggleZ S15J150410573+04021693,226.04405299999996,4.038036,G
WiggleZ S15J150404818+06263891,226.0200755,6.444142,G
WiggleZ R01J005759888+01331476,14.499569500000002,1.5540720000000001,G
WiggleZ R01J005829711-03052959,14.623831000000003,-3.091582,G
WiggleZ R01J005940980-02355265,14.920785999999998,-2.597985,G
LCRS B004016.4-421459,10.663875,-41.97591666666667,G
SDSSCGB 49577.1,204.5245833333333,14.877200000000007,G
SDSSCGB 10563.1,320.27858566701,-6.569437227129999,G
WiggleZ R01J005842419-01320630,14.676781,-1.5351110000000003,G
WISE J191918.27+561054.0,289.82618568226957,56.1816642364525,G
SDSS J152138.17+455306.5,230.40907874745872,45.88515679704972,G
VIPERS 120038008,31.895997,-4.540012,G
2dFGRS TGN329Z058,197.7975,0.003611111111111111,G
SDSS J151302.73+405219.2,228.26140908422414,40.87198600632361,G
WiggleZ S15J150131844+01131454,225.3826825,1.2207049999999997,G
GAMA 3065744,173.9818,0.79282,G
COSMOS2015 1024356,149.76995833333334,2.8592500000000003,G
[RTG2015] 1833,53.138479,-27.808047,G
2MFGC 3533,65.37792083333333,29.919175000000003,G
COSMOS2015 1058486,149.78525,2.905333333333333,G
WISE J044104.70-271224.4,70.26959949619001,-27.206833982616388,G
LEDA 1507346,143.70541666666665,16.376944444444444,G
SDSS J010202.03+154716.4,15.508496999999997,15.787904999999997,G
COSMOS2015 299581,149.67120833333334,1.7413888888888889,G
2MASX J11083517+7021448,167.14645630066,70.36257248533,G
SDSS J101041.02+055622.5,152.670954,5.939599000000001,G
WISE J181758.18+461003.3,274.4924640340859,46.16760845603444,G
[AMS2018] PSZ2 G235.56+23.29 22,8.935254000000002,-7.68182,G
WiggleZ R01J005944159-03191920,14.934032500000004,-3.3220289999999997,G
GOODS J123558.96+621247.6,188.9956525,62.213208611111114,G
COSMOS2015 1048024,149.88304166666666,2.8928611111111113,G
SDSS J101220.00+084601.9,153.083342,8.767211,G
WiggleZ R01J010025687-02081725,15.107064999999997,-2.138154,G
LEDA 1380458,174.51796346183,10.503936040849998,G
COSMOS2015 1026826,149.83070833333332,2.863472222222222,G
WiggleZ S15J150213869+02010623,225.5577871,2.0183980000000004,G
SDSS J151824.81+054729.3,229.603378,5.791495,G
WISE J194551.65+494130.1,296.46523581929165,49.69163872141444,G
SDSS J104328.23+213323.7,160.867633,21.556620000000002,G
SDSS J010211.73+152522.3,15.548884999999999,15.422865,G
WiggleZ S15J150222698+06172139,225.5945732,6.289274999999999,G
LCRS B003206.5-392343,8.634916666666665,-39.11986111111111,G
LCRS B004517.2-441538,11.908041666666668,-43.98777777777778,G
COSMOS2015 302527,149.655125,1.7471388888888888,G
2dFGRS TGS553Z194,4.466208333333333,-34.15655555555555,G
WiggleZ S15J150421639+01443777,226.09016399999996,1.743824,G
COSMOS2015 1049545,149.88179166666666,2.895611111111111,G
LEDA 2545621,173.82916666666668,56.719722222222224,G
WiggleZ S15J150239360+01293257,225.6640002,1.492381,G
LEDA 3481936,201.40452211054998,54.63181392358,G
SDSS J021215.85-002637.4,33.066058,-0.443746,G
WiggleZ R01J005856576+00350108,14.7357684,0.5836050000000002,G
WiggleZ S15J150204049+02331225,225.51686899999999,2.553404,G
LEDA 1947082,193.46791666666667,31.43563888888889,G
2MFGC 11478,212.35001870033997,-25.91577772328,G
[RTG2015] 3557,53.189014,-27.798522,G
WiggleZ R01J005816398-01390476,14.568364000000004,-1.651349,G
GAMA 3371048,141.05772,1.2306299999999997,G
GAMA 21818,174.18035,1.10222,G
SDSS J155730.13+445623.5,239.37555911019706,44.939882202595555,G
COSMOS2015 1056537,149.728,2.9044166666666666,G
COSMOS2015 1056909,149.77012499999998,2.904722222222222,G
WISE J180104.47+605917.9,270.2686082046108,60.98830967363029,G
WiggleZ S15J151822214+06141715,229.5925599,6.238098,G
WISE J044207.47-262817.1,70.53112487607959,-26.471426787134444,G
WISE J044329.49-241107.9,70.87287996380209,-24.18553037041611,G
WiggleZ R01J005753548-01001872,14.473153000000002,-1.0052290000000002,G
LCRS B223716.2-412022,340.04316666666665,-41.07830555555556,G
WiggleZ S15J150416220-01254267,226.0675823,-1.4285190000000003,G
2MASX J19395197+5338490,294.96643551451416,53.64678812588028,G
GAMA J092208.60+001834.8,140.53585,0.30968000000000007,G
WiggleZ S15J150314623+01123094,225.8109287,1.208594,G
SDSS J152928.53+435719.2,232.36893074443287,43.955344058908615,G
WiggleZ R01J005947938-03122010,14.949779499999998,-3.20561,G
2dFGRS TGS570Z311,27.91041666666667,-34.147777777777776,G
[ONC2011] 260.202600+26.824303,260.202584412,26.824301146529997,G
WiggleZ R01J005921516-02125457,14.839688499999998,-2.215186,G
LCRS B002407.1-441849,6.640583333333334,-44.037083333333335,G
SDSS J135558.37+434458.1,208.99323499999997,43.749472,G
WINGS J010951.55-152938.7,17.4648,-15.49408,G
COSMOS2015 1030360,149.83016666666666,2.8675,G
GAMA 6814,174.11271,0.6896199999999999,G
COSMOS2015 1049783,149.72845833333335,2.8955555555555557,G
COSMOS2015 1023605,149.73916666666668,2.8589444444444445,G
WiggleZ S15J150423805+05393281,226.09918589999998,5.659115,G
LEDA  986854,345.4894943418,-9.755083679230003,G
WiggleZ S15J150341082+06563745,225.92117489999998,6.943736000000001,G
COSMOS2015 301139,149.52704166666666,1.7455555555555555,G
WISE J182645.87+531539.3,276.69119268265166,53.26091563744972,G
SDSS J151634.27+044746.1,229.142792,4.796142,G
LCRS B011706.2-391406,19.840958333333333,-38.97266666666667,G
WiggleZ R01J010039705-01522352,15.165473500000001,-1.8732280000000001,G
GAMA 952477,179.64195,-0.80343,G
LEDA 1308620,223.80812376367996,6.84450199001,G
SDSS J160534.66+473324.8,241.39445757828912,47.55690327861028,G
SDSS J101525.18+392511.3,153.85491801177,39.41982234089,G
2dFGRS TGS556Z275,6.162916666666668,-35.421388888888885,G
NGP9 F322-1585540,192.83891666666668,27.54241666666667,G
SDSS J092033.80+061749.8,140.140874,6.297184,G
WISE J005708.20-235326.4,14.284172366117497,-23.89069043490639,G
COSMOS2015 1024636,149.8427083333333,2.860777777777778,G
2dFGRS TGS302Z103,27.547083333333337,-29.624444444444446,G
SDSS J151053.63+055101.4,227.72346,5.850404999999999,G
WiggleZ R01J005752054-03334506,14.466928,-3.562544,G
2MASX J18055275+5932351,271.46992065598624,59.543117446979174,G
WiggleZ S15J152019288+06470972,230.080366,6.786032,G
SDSSCGB 46886.4,250.2351625,48.23102222222222,G
2MFGC 13957,264.50258094935,-66.11287531922,G
WiggleZ S15J150401169+05440850,226.0048716,5.735694,G
2dFGRS TGS437Z105,5.83125,-31.349166666666665,G
SDSS J031637.15+413708.0,49.154795,41.618905,G
SDSS J030000.03+031647.9,45.000143,3.2799920000000005,G
LEDA 1044777,202.05914304166666,-5.433971944444445,G
COSMOS2015 1029555,149.835625,2.8673333333333333,G
COSMOS2015 1028010,149.8134583333333,2.863777777777778,G
2dFGRS TGS137Z008,3.2970833333333336,-26.055833333333332,G
GAMA J092350.01+003612.8,140.95841,0.6035800000000001,G
COSMOS2015 298304,149.88108333333332,1.7404722222222222,G
SDSSCGB 13891.2,144.872913,14.27553,G
[JCW2018] A2029 3185,227.72329056418,5.92019573367,G
SDSS J141810.60+031926.1,214.54419999999996,3.3239169999999993,G
COSMOS2015 258146,149.63520833333334,1.6756666666666666,G
LEDA 2343293,262.6058333333333,49.44972222222222,G
GAMA 827730,140.36573,1.02169,G
SDSS J003709.86+005531.2,9.291122,0.9253409999999999,G
WISE J182742.48+543731.6,276.9270155844654,54.62542742719473,G
2dFGRS TGS291Z030,14.372083333333332,-28.962777777777777,G
LCRS B011455.3-390824,19.297833333333333,-38.87672222222222,G
GOODS J123727.46+621714.0,189.36437625000002,62.28731777777777,G
NGVS J122516.37+073305.7,186.31822659999997,7.5515925,G
GAMA 280098,140.88524,0.9988199999999999,G
WiggleZ R01J005813540-00075163,14.5564554,-0.131036,G
WiggleZ S15J151556410+06184434,228.9850417,6.312316999999999,G
WiggleZ R01J005952524-01070570,14.968886500000004,-1.1182790000000005,G
WiggleZ R01J005918358-01540417,14.826530499999999,-1.901187,G
2dFGRS TGS363Z259,5.652083333333334,-30.83722222222222,G
WiggleZ R01J005842392+01491443,14.6766715,1.8206460000000004,G
WiggleZ S15J150434109+02194177,226.1421216,2.328269,G
SDSS J113454.93+010832.6,173.7289041666667,1.1423916666666667,G
WiggleZ S15J150442620+05195260,226.17758239999998,5.331277999999999,G
GAMA 765059,174.06337,0.51455,G
SDSS J031557.79+415531.2,48.99081,41.925358,G
WINGS J215321.81-151844.1,328.34085,-15.312250000000002,G
WiggleZ R01J005858033-00371089,14.741841899999997,-0.619721,G
WiggleZ S15J150212767+01501674,225.5531955,1.8379839999999996,G
LCRS B234051.6-413534,355.87516666666664,-41.31536111111111,G
WiggleZ S15J150239208+01531440,225.66336659999996,1.8873340000000003,G
SDSS J151316.31+410341.3,228.3179765333933,41.06150043723666,G
SDSS J154354.25+463453.1,235.97607758809582,46.581447548685,G
[RTG2015] 3517,53.133164,-27.798698,G
LEDA 2266096,148.87558454141623,45.50861944292639,G
SDSS J155215.86+441429.2,238.06608068175285,44.241465635838615,G
LEDA 2353437,219.06958333333333,49.78805555555555,G
WiggleZ S15J150229252+02585704,225.62188189999998,2.9825120000000003,G
WiggleZ R01J005751845-01431359,14.466058000000002,-1.7204709999999999,G
GAMA 280144,141.09181,0.9934699999999997,G
VIPERS 127043825,37.952089,-4.487014,G
2MASX J19270987+4814342,291.7910188782184,48.24295112490473,G
COSMOS2015 1016582,149.87041666666664,2.848388888888889,G
WISE J183851.41+504723.6,279.7141994244204,50.78986302672249,G
WiggleZ S15J150225321+02013917,225.6055045,2.0275490000000005,G
WiggleZ R01J005839960+03471716,14.666538999999998,3.7880730000000002,G
COSMOS2015 1023134,149.74720833333333,2.857222222222222,G
SDSS J094334.62+015826.1,145.894291,1.973921,G
COSMOS2015 1015990,149.75187499999998,2.8484722222222225,G
WiggleZ R01J005947821-02201792,14.949291999999994,-2.3383400000000005,G
COSMOS2015 1038552,149.80154166666668,2.879722222222222,G
LCRS B235451.8-390317,359.3605,-38.77638888888889,G
SDSS J092938.37+020226.5,142.409894,2.0407110000000004,G
[TCB2007] 12004426,214.239024875,52.44460058333333,G
GAMA J092306.10+002011.7,140.77544,0.33658,G
COSMOS2015 1026548,149.80812499999996,2.862777777777778,G
WiggleZ R01J005938647-03053439,14.911067500000001,-3.092915,G
2MASX J19293197+5750042,292.3832908185217,57.834623943718896,G
WiggleZ R01J010025068-03221043,15.104486500000004,-3.369593,G
LEDA 3091524,352.35192455421,9.78455612326,G
WISE J190550.28+585341.4,286.45949998175325,58.89483720721805,G
COSMOS2015 1045390,149.81945833333333,2.8899166666666667,G
WiggleZ R01J005912672-01071909,14.802837999999996,-1.121997,G
GAMA 4090513,141.27092,-0.05541,G
WiggleZ R01J005828023+05072261,14.6168006,5.1229190000000004,G
LCRS B123339.8-055053,189.06116666666668,-6.123361111111111,G
SDSS J131527.26+053006.2,198.86360499999998,5.501731,G
WiggleZ R01J005847961-01442438,14.699874999999997,-1.7401339999999998,G
2MFGC 17620,352.07684166666667,-72.4120638888889,G
WiggleZ S15J150349286+04083284,225.95535929999997,4.142455,G
[RTG2015] 1720,53.163623,-27.808769,G
WiggleZ R01J010017438-00033217,15.072696899999999,-0.058965,G
WISE J011653.16-492232.7,19.221574580184168,-49.37575926580417,G
2MASX J21351898-4128113,323.8291613714599,-41.469965227669995,G
WiggleZ R01J010032020-03115797,15.133453,-3.199465,G
WiggleZ S15J150435208+02251209,226.14669919999997,2.420024,G
COSMOS2015 1048622,149.82016666666667,2.89425,G
WISE J002940.01-225823.1,7.416790816195418,-22.97313073902611,G
SDSSCGB 55153.2,148.58400000000003,19.79456666666667,G
WiggleZ R01J005814053-02184051,14.5585915,-2.3112809999999997,G
COSMOS2015 1032182,149.84020833333332,2.8710000000000004,G
SDSS J094054.73+075351.9,145.228067,7.897759999999998,G
LEDA  922521,33.86208333333333,-14.601111111111111,G
WISE J010752.88-501838.8,16.970395032205,-50.3108393335086,G
WiggleZ R01J005955435+04532919,14.9810156,4.891414,G
WISE J062013.05-733810.6,95.05431581554666,-73.63628167118557,G
NGP9 F322-0578779,191.48395833333333,30.078611111111112,G
COSMOS2015 1018552,149.78599999999997,2.8520555555555553,G
COSMOS2015 1058438,149.88799999999998,2.9072777777777774,G
GAMA 6790,173.90596,0.66084,G
SDSS J081808.35+222539.9,124.534829,22.427765,G
WISE J183814.52+581525.5,279.56054407096747,58.257056045613886,G
WISE J182135.67+521911.7,275.39867150809255,52.320010586999445,G
NGP9 F378-0109943,192.22875000000002,24.90697222222222,G
GOODS J123811.14+621818.4,189.54641666666666,62.305166666666665,G
WiggleZ R01J005931383-01033168,14.880799000000005,-1.058827,G
COSMOS2015 1015688,149.77179166666664,2.847472222222222,G
WiggleZ S15J150252630+03542594,225.71929339999997,3.9072049999999994,G
GAMA 3064065,141.22491,0.69857,G
WiggleZ S15J150144396+02581635,225.434982,2.971209,G
NGP9 F323-0216404,193.88733333333332,30.985694444444444,G
COSMOS2015 1037354,149.76975,2.8777222222222223,G
WISE J181049.31+622019.8,272.7054826685667,62.33885115211388,G
COSMOS2015 1053051,149.83012499999998,2.8956666666666666,G
2dFGRS TGS452Z278,22.906166666666667,-32.06575,G
2dFGRS TGN299Z225,164.81991666666667,-1.7303055555555555,G
[RGD2013] J111450.511+133632.473,168.71049458902,13.60900608841,G
WiggleZ R01J005941259-00344842,14.9219514,-0.5801460000000002,G
COSMOS2015 1031022,149.80541666666664,2.8694444444444445,G
SDSSCGB 67843.3,178.82979025023,50.94951780872999,G
WiggleZ R01J005858750-03301044,14.744830000000004,-3.502929,G
WiggleZ S15J150340408+01124263,225.9183686,1.2118409999999997,G
GAMA 280029,140.34661,0.93978,G
SDSS J151257.74+441100.4,228.24059062388875,44.18344847813806,G
WISE J044141.40-250313.1,70.42258914730125,-25.053732755386672,G
SDSS J091633.43+030301.6,139.139295,3.05045,G
SDSS J235439.97+271103.3,358.66656,27.184274999999996,G
SDSS J001914.23+004301.3,4.809297,0.717051,G
COSMOS2015 1022146,149.78745833333332,2.8570555555555557,G
WiggleZ S15J150430590+06535395,226.12745839999997,6.898318,G
WiggleZ R01J005834233+00153671,14.642675399999998,0.26017,G
WiggleZ S15J151912040+06333209,229.8001653,6.558914000000001,G
SDSS J073454.52+474029.7,113.72719,47.674930999999994,G
SDSS J154158.73+454201.9,235.49472634221834,45.70053150551972,G
WiggleZ S15J150432004+04105363,226.1333488,4.181565000000001,G
WiggleZ S15J150303243+01440539,225.76351439999996,1.73483,G
GOODS J123607.83+621201.0,189.0326108333333,62.20026888888889,G
WiggleZ S15J150421879+06183994,226.09116349999996,6.311094,G
WiggleZ S15J150444739+04094336,226.1864109,4.162045,G
2dFGRS TGS282Z082,6.01625,-28.364444444444445,G
2MFGC 13966,264.95144190189,9.039583097120001,G
WiggleZ R01J005924375-01232946,14.8516015,-1.391544,G
COSMOS2015 1056825,149.7305,2.904833333333333,G
SDSS J081604.76+161943.3,124.01984200000001,16.328707,G
LCRS B012528.1-384048,21.926,-38.421416666666666,G
JADES-GS NC  106502,53.145276,-27.808593,G
WiggleZ S15J150444790+05033576,226.18662649999996,5.059933,G
WiggleZ R01J005919689-01351491,14.832075999999995,-1.587504,G
WiggleZ R01J005810015+03290456,14.5417675,3.484572,G
COSMOS2015 1037721,149.77025,2.879277777777778,G
LCRS B012626.1-382612,22.167625,-38.17844444444444,G
[RTG2015] 1756,53.185694,-27.808582,G
WiggleZ R01J005756371-01295893,14.484914500000004,-1.499732,G
WiggleZ R01J005839781-02415952,14.665790500000004,-2.6998960000000003,G
COSMOS2015 1051280,149.883375,2.8973055555555556,G
WiggleZ S15J150303431+01472298,225.7642973,1.7897169999999998,G
FRL  862,289.36356882931,-52.45870138383,G
COSMOS J095902.17+025431.5,149.75904166666663,2.90875,G
WiggleZ S15J150337730+04570719,225.90720929999998,4.951995999999999,G
SDSS J101411.08+073636.2,153.546173,7.6100639999999995,G
WiggleZ R01J005813759-02235352,14.557367499999998,-2.398228000000001,G
GAMA J092209.37+000324.3,140.53906,0.05677000000000001,G
LEDA  122999,339.93619039214,-44.901074565040005,G
VIPERS 114190747,34.43635,-4.837573,G
SDSS J013216.49-082725.7,23.068744999999996,-8.457147,G
COSMOS2015 1056037,149.7697083333333,2.904027777777778,G
COSMOS2015 1048402,149.8754583333333,2.893722222222222,G
WISE J183123.98+451257.8,277.8498415531925,45.21601515345556,G
SDSS J155036.04+465455.2,237.65018129033416,46.91535414144722,G
WiggleZ S15J150216586+03285997,225.56910689999998,3.4833240000000005,G
GMP 5917,193.88557,28.656464,G
SDSS J095304.56+200100.0,148.269004,20.016691,G
WISE J191646.45+573655.7,289.19356652029,57.61547372582223,G
LEDA 1028171,197.54195833333333,-6.828472222222222,G
SDSS J100734.19+065221.1,151.892482,6.872540999999999,G
WiggleZ R01J005808705-01550995,14.536306000000002,-1.919458,G
COSMOS2015 1034884,149.735,2.87425,G
[TEL2005]  618,189.17927374999996,62.11640305555556,G
SDSS J141058.82+345652.3,212.74510204518288,34.94789341442389,G
SDSS J031555.26+405921.7,48.980267999999995,40.98936200000001,G
LCRS B002031.2-383147,5.750041666666666,-38.252583333333334,G
2MASX J19160596+4617492,289.02503201815114,46.297086051091945,G
LEDA 2576902,259.81038271961,58.29007378507,G
COSMOS2015 1018644,149.78249999999997,2.8501944444444445,G
GOODS J123641.83+620600.1,189.17428875,62.10001611111111,G
2dFGRS TGS573Z152,32.50420833333333,-34.67388888888889,G
WiggleZ R01J005753739+03400002,14.473949500000003,3.6666439999999993,G
WISE J042555.34-260829.6,66.48058720921458,-26.14164804381777,G
WiggleZ R01J005832863-03365841,14.636966499999994,-3.616253,G
LCRS B001049.1-421452,3.3322499999999997,-41.96991666666667,G
LEDA  102320,34.118125,-38.17294444444444,G
WiggleZ R01J005803740-02590859,14.515619500000001,-2.9857480000000005,G
SDSSCGB 8901.2,201.83391666666668,31.332711111111113,G
WiggleZ S15J150233161+00231510,225.6381718,0.387528,G
WISE J181451.23+503519.4,273.71343246987374,50.58868926538278,G
GAMA 280035,140.41223,0.9656899999999999,G
COSMOS2015 1040792,149.811875,2.8822222222222225,G
COSMOS2015 1018007,149.7638333333333,2.8495,G
2MFGC 13634,255.83691250000004,3.569055555555556,G
2dFGRS TGS205Z163,6.134166666666666,-27.788611111111113,G
COSMOS2015 1042575,149.8205,2.883,G
COSMOS2015 1036884,149.86629166666665,2.876527777777778,G
LEDA  127981,44.89113606786,-60.615373524979994,G
LCRS B021702.8-383347,34.777291666666656,-38.33361111111111,G
SDSSCGB 18941.4,197.1882958333333,65.70122500000001,G
LCRS B000416.6-414829,1.703875,-41.529694444444445,G
LEDA  487124,14.36875,-48.46666666666667,G
SDSS J001948.83+003415.1,4.953482,0.5708689999999998,G
WISE J192258.12+572701.0,290.74219971146124,57.45028682319501,G
WISE J044807.56-242535.1,72.0315262672275,-24.42640416688111,G
LEDA  105011,196.69232357888998,-5.99837790755,G
COSMOS2015 1040395,149.85666666666665,2.882722222222222,G
SDSS J152503.59+453507.1,231.26497491215497,45.585297675102495,G
WiggleZ S15J150224484+04222694,225.60201749999996,4.37415,G
LEDA 3794823,190.8665,33.38107222222222,G
COSMOS2015 1031456,149.761625,2.8691944444444446,G
LEDA 1030660,25.466250000000002,-6.627222222222223,G
WISE J181105.90+623247.8,272.7745164302279,62.54665224545499,G
2dFGRS TGS827Z351,19.207833333333333,-56.60805555555556,G
LCRS B014651.1-390722,27.251375,-38.874861111111116,G
WiggleZ R01J005838203+04253647,14.6592176,4.426770000000001,G
[RTG2015] 4796,53.135077,-27.788069,G
SDSS J153039.50+442619.1,232.6645825348475,44.438656002364716,G
2MASX J18182257+5115508,274.5939037115171,51.264042739954995,G
SDSS J152757.35+445052.7,231.98898722490745,44.84798018421806,G
WiggleZ S15J151553728+03044763,228.9738652,3.079899,G
WISE J011242.51-495118.0,18.177256041401666,-49.8550623624575,G
COSMOS2015 1037585,149.87574999999998,2.8784722222222223,G
WiggleZ S15J150312642+06535080,225.802674,6.897445,G
NGP9 F322-1865640,192.49858333333333,26.67888888888889,G
[ORN2011] 003.705292-30.520639,3.7052916666666667,-30.520638888888886,G
[RGD2013] J215536.294+123535.447,328.90122095782,12.593161896210002,G
WiggleZ S15J150215719+02465110,225.56549459999997,2.780861,G
SDSS J152030.48+420047.9,230.12701261619168,42.013319711514164,G
2MASX J02143133+3633595,33.630562499999996,36.566530555555545,G
WISE J185319.05+511505.8,283.3293509338971,51.25158665131028,G
SDSS J084557.81+162551.9,131.490899,16.431083000000005,G
GNS 1922,189.27412416666667,62.25707361111111,G
WiggleZ S15J151651791+07032693,229.21579590000002,7.05748,G
COSMOS2015 1023984,149.73483333333334,2.8593055555555558,G
GAMA 905768,140.77434,-0.4292799999999999,G
WiggleZ S15J150204673+02302294,225.5194703,2.506372,G
WISE J192416.11+581858.9,291.06715993316084,58.316332121215,G
WiggleZ S15J150435466+06380503,226.1477747,6.634731,G
SDSS J140244.17+332706.5,210.68405764316915,33.45180701109917,G
WiggleZ S15J150300498+05084937,225.7520755,5.147045999999999,G
WiggleZ R01J005827479+01360558,14.6145325,1.6015229999999998,G
WiggleZ R01J005847410-01124942,14.697579999999997,-1.213757,G
COSMOS J095924.48+025103.3,149.85199999999998,2.850916666666667,G
ShaSS 420025061,200.4854666,-29.751504800000006,G
GOODS J123805.57+621653.7,189.52317,62.281644444444446,G
NGP9 F322-0576482,191.30683333333332,30.234444444444446,G
SDSS J150248.17+012348.5,225.700717,1.396817,G
COSMOS2015 299530,149.47608333333332,1.7417222222222222,G
2dFGRS TGS361Z015,3.38875,-30.540833333333335,G
NGP9 F268-0938489,188.68045833333332,35.412277777777774,G
SDSS J150541.74+421320.6,226.42394928997751,42.22241400949445,G
SDSS J095718.81+190541.2,149.328395,19.094793,G
WISE J193002.58+575021.9,292.51072928338374,57.8394322953125,G
WISE J184815.57+511742.6,282.0649058732942,51.29517539772555,G
2MASX J06045005-7448034,91.20872987523042,-74.8009185498786,G
LEDA  722152,5.630413819736251,-30.04169013679084,G
SDSS J023638.95-011534.4,39.162308,-1.259565,G
SDSS J012758.53-010357.2,21.993906,-1.065903,G
WiggleZ S15J150217867+04502193,225.57444529999998,4.839425,G
NGP9 F378-0129821,192.22595833333335,24.851638888888893,G
SDSSCGB 38277.2,328.76975704886996,11.69357854424,G
2dFGRS TGS438Z244,6.012500000000001,-31.397777777777776,G
SDSS J102318.93+300206.1,155.828879,30.035027999999993,G
SDSSCGB 31374.4,247.37814999999998,23.790680555555557,G
WiggleZ R01J005813863-01112154,14.557798,-1.189344,G
SDSSCGB 20522.2,145.989475,47.708666666666666,G
GAMA 765192,174.56923,0.44663,G
WISE J185453.11+583501.9,283.72126489280083,58.5838357251961,G
COSMOS2015 258189,149.81183333333334,1.6734444444444443,G
WiggleZ R01J005919227+00315374,14.830149899999997,0.5315660000000001,G
WISE J180619.00+501354.4,271.5791830992283,50.231760956947234,G
COSMOS2015 1052796,149.86458333333334,2.8997777777777776,G
WiggleZ S15J150226987+03580564,225.61244769999996,3.968234,G
LEDA 1565560,113.63624999999999,18.638333333333332,G
WiggleZ S15J150323790+05100360,225.8491264,5.1676660000000005,G
COSMOS J095855.55+025355.7,149.73145833333334,2.8988055555555556,G
COSMOS2015 1054590,149.77229166666666,2.9014722222222225,G
LEDA 1495806,250.98666666666665,15.894166666666667,G
LEDA 2204468,147.38708333333332,42.70805555555556,G
COSMOS2015 1044932,149.86229166666664,2.8877222222222225,G
2dFGRS TGS071Z206,347.52723088846,-24.524098300339997,G
2dFGRS TGS202Z187,3.0808333333333335,-26.7075,G
SDSS J155514.37+452329.2,238.8098765796721,45.39143548410333,G
[RTG2015] 1679,53.172526,-27.809013,G
IRAS 23513+2247,358.47625,23.06722222222222,G
WiggleZ S15J151904783+06242810,229.7699305,6.407804999999999,G
2MFGC 14012,266.14134775103,-83.74185018819,G
2MASX J18070107+5902510,271.7544901100834,59.04752376020304,G
WiggleZ R01J010020333+01410776,15.084757,1.6854609999999999,G
WiggleZ R01J005930182-02462223,14.875795000000002,-2.7728699999999997,G
SDSS J092618.90+044807.0,141.578784,4.801969,G
2dFGRS TGN154Z309,151.02983333333333,-4.537305555555555,G
[RGD2013] J115944.619+031558.608,179.9359125,3.26628,G
[RTG2015] 1814,53.141496,-27.808218,G
SDSS J150350.29+002502.8,225.959554,0.41745,G
LEDA  963230,198.97258333333332,-11.658666666666667,G
LEDA  593104,81.97041666666667,-39.868611111111115,G
WiggleZ R01J005946064-02242874,14.941970500000002,-2.4080120000000003,G
SDSS J095656.24+162948.9,149.234341,16.496938,G
LEDA  944017,33.21333333333334,-13.03138888888889,G
GAMA 905850,174.22016,-0.55954,G
WiggleZ R01J010030846-00463897,15.128559900000003,-0.777519,G
WiggleZ S15J150222117+05415951,225.5921555,5.699864,G
2MASX J18083192+4641526,272.133212459962,46.69800352902777,G
LEDA  108004,5.605958333333333,-41.86311111111111,G
WISE J002843.57-235640.8,7.181622969247501,-23.94466319871667,G
WiggleZ S15J150354710+06131171,225.9779591,6.21992,G
2MASX J18360067+5833340,279.0030036882621,58.55936626403195,G
WINGS J010753.41-145331.9,16.97252,-14.892189999999998,G
SDSSCGB 13028.1,122.80667083333333,19.231366666666663,G
WiggleZ R01J005823461-03333858,14.597790999999997,-3.560744,G
SDSS J151659.68+053415.6,229.248666,5.571003,G
2MFGC 13965,264.93264999999997,1.5639722222222223,G
WISE J183454.86+491201.4,278.72860749538,49.200405213599176,G
2dFGRS TGN075Z096,197.82708333333335,-5.3613888888888885,G
LEDA 1069086,33.21458333333334,-3.6080555555555556,G
Gaia DR3 4894534564336915584,69.54333114283168,-24.548857245208335,G
2MASX J18374231+4411560,279.42630457871877,44.19892407661,G
COSMOS2015 1057957,149.85120833333332,2.907027777777778,G
2dFGRS TGS364Z207,5.857083333333333,-30.160833333333333,G
WISE J192349.08+443244.7,290.95452683255166,44.545676548805545,G
WiggleZ R01J010034474-00261763,15.143678400000002,-0.43825899999999995,G
2MASX J01101011-2331409,17.54206673653625,-23.527886484699447,G
LCRS B232144.1-385910,351.11075,-38.71127777777778,G
GAMA 906531,176.79269,-0.49107999999999996,G
SDSS J015236.06+162043.3,28.15025,16.345385999999998,G
WiggleZ S15J150316321+02554353,225.81800309999997,2.928759,G
COSMOS2015 1034195,149.86020833333333,2.8739166666666667,G
2dFGRS TGN128Z317,191.66625,-4.688055555555556,G
2MASX J18033875+5712211,270.9114029672958,57.20584752179417,G
2MASX J07000458-7012571,105.01887274280668,-70.21606894622195,G
WISE J192934.48+424423.1,292.3936614673979,42.73971714145111,G
VIPERS 118113138,38.703119,-5.056512,G
WISE J010325.61-502512.0,15.856796561599168,-50.419988713307504,G
SDSS J142419.39+020506.4,216.08080399999997,2.085132,G
WISE J043958.11-254505.7,69.99217813276,-25.75161205523889,G
WiggleZ S15J150158072+05415515,225.4919681,5.698652,G
2dFGRS TGS573Z205,32.33604166666667,-35.263888888888886,G
LEDA 2310840,192.4297620173,48.11871016133,G
WiggleZ S15J150334441+01390986,225.8935059,1.65274,G
[RTG2015] 4866,53.19594,-27.788451,G
WiggleZ S15J150438765+06551943,226.16151899999997,6.922063,G
[DLL2015b] 1031108,149.97563,2.21506,G
WISE J191434.44+492006.7,288.6435957338021,49.335156805196945,G
SDSS J101852.35+094517.0,154.718154,9.754732,G
WiggleZ R01J005849373-01314046,14.7057565,-1.5279340000000001,G
COSMOS2015 1030525,149.772125,2.8689999999999998,G
GAMA 3370662,140.62488,1.27548,G
LEDA  123549,341.746,-41.64030555555556,G
2dFGRS TGS282Z215,6.0912500000000005,-29.340833333333332,G
SDSS J154749.79+463034.9,236.95748639122246,46.50969923806528,G
WISE J043632.84-252442.0,69.13688568314957,-25.411725289468055,G
LEDA 2795757,14.405416666666667,-40.3825,G
LEDA 2593482,200.65375,59.71277777777778,G
WISE J004555.69-213347.0,11.48206113783333,-21.563065662601392,G
WiggleZ S15J150325341+01525543,225.8555858,1.8820640000000004,G
SDSS J152559.46+430604.0,231.497786,43.101133,G
2MFGC 15939,315.7004708333333,24.667377777777777,G
WiggleZ R01J010022333+01290077,15.093092500000001,1.48352,G
LEDA  898199,199.1479166666667,-16.434722222222224,G
WiggleZ R01J005907887-02112937,14.782898500000002,-2.19152,G
WISE J004912.59-210734.7,12.302460860967498,-21.126349718753055,G
[RTG2015] 3783,53.191984,-27.797377,G
WiggleZ R01J010015965+01474646,15.066558999999998,1.796212,G
COSMOS2015 277545,149.959625,1.70425,G
SDSS J000235.11+092751.4,0.6463020000000002,9.46429,G
VIPERS 110137621,30.507888,-4.99122,G
COSMOS2015 1052353,149.8543333333333,2.898527777777778,G
WiggleZ R01J005920754-01254061,14.836509999999997,-1.4279760000000001,G
SDSS J093440.25+031235.1,143.66774,3.209756,G
SDSS J152211.96+464601.3,230.54982580211748,46.76701860444833,G
LEDA  753240,32.101938447100835,-27.55347589550945,G
2MASX J19150502+4911316,288.7711146153379,49.192070955783606,G
2MFGC 14082,267.9585583333333,-60.93280833333333,G
2dFGRS TGN096Z125,152.7159583333333,-6.235722222222223,G
COSMOS2015 301593,149.65675000000002,1.745611111111111,G
LCRS B222525.9-384423,337.0865416666667,-38.48413888888889,G
NGP9 F323-0512908,193.63066666666668,29.735555555555557,G
WiggleZ R01J005940029+01510321,14.916822999999996,1.850864,G
WiggleZ S15J150343011+05095073,225.9292142,5.164091,G
SDSSCGB 13437.5,205.6240416666666,-1.877327777777778,G
WiggleZ S15J150140673+04375751,225.41946949999996,4.63264,G
SDSS J085518.55+164928.1,133.82732,16.824487,G
WiggleZ S15J150219425+02440559,225.58093939999998,2.7348850000000007,G
2MASX J19235331+5511565,290.9719399987579,55.19895066936194,G
2MASX J00593385-2431270,14.891002006304996,-24.52424096563305,G
SDSSCGB 31636.2,346.96631666666667,15.270175000000004,G
2MASX J18560955+5533039,284.0398090915696,55.55115117553861,G
[ECD2009] 53.11433-28.77744,53.11433333333333,-28.777666666666665,G
WiggleZ S15J150257396+01484808,225.73914879999998,1.8133550000000003,G
2MASX J18193740+6025213,274.9060278909754,60.422687772500545,G
[RTG2015] 1842,53.161965,-27.808036,G
GAMA 936586,140.12013,0.6997599999999999,G
2dFGRS TGS556Z273,6.16375,-34.09138888888889,G
SDSS J152432.75+422135.2,231.13648276156752,42.3598201700689,G
SDSS J152012.26+421327.0,230.0511050836775,42.22416142138528,G
LEDA 1219520,358.2584344208458,2.2079257460430557,G
COSMOS 1975640,150.12879999999998,2.397575,G
WISE J010320.79-510231.7,15.83669452364042,-51.04215984903694,G
2MASX J06340454-7245464,98.518564330965,-72.76288098269471,G
[RTG2015] 3682,53.1862,-27.798015,G
COSMOS2015 1048670,149.73341666666667,2.8938888888888887,G
SDSS J021046.28+262201.8,32.69285699999999,26.367171,G
[RGD2013] J102547.084+122532.232,156.44618333333332,12.425619999999999,G
SDSS J103000.80+321132.8,157.503366,32.192467,G
COSMOS2015 301071,149.62554166666666,1.7445,G
SDSS J003512.37+220323.4,8.801548,22.056512,G
CLASHVLT J041700.6-235812,64.252393,-23.97004,G
SDSS J151817.08+442645.8,229.5711891857171,44.44607313785195,G
COSMOS2015 1029528,149.776875,2.865666666666667,G
WiggleZ S15J150147877+06114938,225.44948819999996,6.19705,G
WiggleZ S15J150331036+05282645,225.87931799999998,5.474014,G
GAMA 660239,141.07544,-1.3889099999999999,G
WiggleZ S15J150301193+01563429,225.75496969999998,1.9428570000000003,G
WiggleZ S15J150250646+06222637,225.7110239,6.373991000000001,G
GAMA 758792,176.79909,0.07044000000000002,G
WiggleZ R01J005824424-00345044,14.6018049,-0.580707,G
SDSS J210751.42+091509.9,316.964279,9.252769,G
2dFGRS TGS839Z492,3.3283333333333336,-49.91444444444444,G
SDSS J151302.32+423259.3,228.2596776843033,42.54983792700444,G
SDSS J152458.67+472427.4,231.24448667528708,47.40761729335361,G
LEDA 1804606,231.32397861271002,27.325362651699997,G
2MASX J19552351+5309456,298.84805943606256,53.1628164114986,G
SDSS J150348.46+000608.3,225.951919,0.10233,G
LEDA  407097,49.35833333333333,-55.67166666666667,G
SDSS J091743.10+083957.0,139.429599,8.665857000000003,G
2MASX J18461723+5203287,281.57203712836707,52.05805182993445,G
WiggleZ S15J150421722+02100485,226.0905097,2.1680149999999996,G
LEDA 2315316,276.37561610568,48.33968921604,G
LEDA 1378682,34.07,10.381944444444445,G
SDSSCGB 26275.4,176.44245,2.0087277777777772,G
WiggleZ S15J150327057-00404440,225.86273859999997,-0.6789989999999999,G
WiggleZ R01J005844781-02113772,14.686623999999997,-2.193838,G
COSMOS2015 1052834,149.89341666666667,2.899611111111111,G
WiggleZ S15J150313929+01391686,225.8080372,1.6546829999999997,G
WiggleZ R01J005923412-03171675,14.847589000000001,-3.2880149999999997,G
WiggleZ R01J005907204+05093889,14.7800546,5.160776,G
[GSB2009] J203147.81-403654.7,307.94920833333333,-40.615194444444455,G
SDSS J155613.88+454810.2,239.05784738782623,45.802833310772506,G
COSMOS2015 1046941,149.7494583333333,2.891722222222222,G
SDSS J150735.13+405308.5,226.89638364763667,40.88569234777556,G
WiggleZ R01J005838831+04551108,14.6618336,4.919717,G
SDSSCGB 21712.3,121.9567875,26.387283333333336,G
SDSSCGB 31125.2,159.10378267575,15.853331280700003,G
2MASX J18182983+4104042,274.62443939153746,41.0679420064311,G
WISE J184455.32+463326.5,281.23050708051125,46.55740141482417,G
NGP9 F268-1256176,189.872375,34.51741666666667,G
LEDA 2344482,195.46166666666667,49.48861111111111,G
WiggleZ R01J005932718-02033746,14.886362499999999,-2.0604329999999997,G
[RTG2015] 1710,53.156271,-27.808814,G
WiggleZ R01J005923316-03194931,14.847188500000001,-3.330391,G
WiggleZ R01J010023206-00271338,15.096729899999998,-0.4537439999999999,G
WISE J182639.24+480926.3,276.6634811581405,48.15734256100361,G
GAMA 4306655,140.72527,-1.2617899999999995,G
COSMOS2015 1047689,149.84629166666667,2.8922777777777777,G
WiggleZ S15J151612625+03053508,229.0526032,3.093079,G
GAMA J092202.72-001831.4,140.51137,-0.30873,G
COSMOS2015 251741,150.45258333333334,1.6657499999999998,G
SDSS J015604.59+035016.6,29.01915,3.8379460000000005,G
SDSS J101719.43+311014.5,154.330993,31.170705,G
[SGZ2017] J227.643015+05.921975,227.643015,5.9219750000000015,G
COSMOS2015 1043851,149.74145833333333,2.8857222222222223,G
WiggleZ R01J005820083-00131323,14.583717899999998,-0.22036999999999998,G
SDSS J141035.51+025953.9,212.64796199999998,2.9983230000000005,G
SDSS J092631.12+045651.0,141.629703,4.947525,G
SDSS J000854.39+002836.1,2.2266370000000006,0.47669599999999995,G
WISE J191928.41+473701.4,289.86848610090544,47.61704878988583,G
WiggleZ S15J150339092+06100685,225.91288249999997,6.168569,G
SDSS J101209.22+083811.5,153.038447,8.636538,G
WiggleZ R01J005811986+01372995,14.549979999999996,1.624957,G
WiggleZ S15J150142558+06011395,225.4273259,6.020540999999999,G
SDSS J023725.81+005750.8,39.357546000000006,0.9641239999999998,G
SDSS J090138.24+192443.3,135.409342,19.412052999999997,G
LCRS B234817.9-413048,357.72666666666663,-41.23527777777778,G
[FBC2017] J134634.5-115224.0,206.64374999999998,-11.873333333333333,G
GAMA 3988953,173.66175,0.53262,G
WiggleZ R01J005925743+01075263,14.857301500000002,1.131258,G
LEDA 2740533,284.4175,71.07027777777778,G
COSMOS2015 252598,149.96191666666667,1.6670277777777778,G
SDSS J084029.33+194422.2,130.122221,19.739513,G
COSMOS2015 1027812,149.863125,2.864777777777778,G
SDSSCGB 22382.3,233.52687071880004,38.63539036045,G
WiggleZ R01J005917940-03131634,14.8247875,-3.221233,G
WiggleZ S15J150323343+05173460,225.8472624,5.292945,G
2MFGC 4052,74.2956336076,73.40514530452,G
NGP9 F268-1958897,191.83179166666667,32.71680555555556,G
SDSS J022442.21-092342.6,36.175881,-9.395169,G
COSMOS2015 1021961,149.880625,2.856388888888889,G
WiggleZ R01J005812092-01125509,14.550421,-1.215331,G
WISE J182645.94+451220.8,276.691425278475,45.205727071913614,G
SDSS J094227.73+132915.2,145.615545,13.487571999999998,G
LEDA 2616211,185.74958333333333,61.3425,G
SDSS J154350.24+455407.8,235.95933445089085,45.90217580356084,G
WISE J192214.19+482301.7,290.55916484134957,48.38381718404694,G
[CBS2006]   795,53.152658333333335,-27.815705555555557,G
SDSS J015431.21-023012.7,28.630045999999997,-2.503545,G
SDSS J154400.34+441422.8,236.00145298654581,44.239664045473894,G
GAMA 4306657,140.74516,-1.17088,G
SDSS J081900.33+300811.9,124.75141200000002,30.136644999999998,G
2dFGRS TGN076Z181,199.08500000000004,-4.981388888888889,G
SDSS J082059.92+070023.3,125.24967700000002,7.0064850000000005,G
2dFGRS TGN195Z053,199.88529166666666,-3.3491666666666666,G
WiggleZ S15J150202643+03334473,225.511013,3.562426,G
SDSS J154354.96+451712.2,235.97902409432209,45.28673707215694,G
LEDA  593512,331.3879166666666,-39.83444444444444,G
LEDA  165936,359.30538083019,19.52148280304,G
2MASS J12220986+1815594,185.5411534274729,18.266360556094444,G
WiggleZ S15J150248401+05551661,225.7016707,5.921282,G
VIPERS 122101587,33.368542,-4.20888,G
WISE J184455.88+620548.2,281.2327312369634,62.096729547685,G
WiggleZ S15J150150583+03095209,225.46076289999996,3.164469,G
WISE J044051.42-270642.5,70.21427677895043,-27.111805457736672,G
2MASX J00291421-3506190,7.309225000000001,-35.10528055555556,G
WiggleZ R01J005801525+03530465,14.506389999999998,3.8845970000000007,G
COSMOS2015 649104,150.28220833333333,2.2822222222222224,G
2MASX J19264530-3315233,291.68874282319996,-33.25652905263001,G
SDSS J091331.12+151350.1,138.379686,15.230601000000002,G
WiggleZ S15J151702418+06380833,229.26007460000002,6.635648000000001,G
COSMOS2015 700631,149.51541666666665,2.361638888888889,G
SDSS J090319.19+053121.0,135.829988,5.522506999999999,G
COSMOS2015 1024142,149.79145975791,2.8571283459899997,G
WiggleZ S15J151622717+02585306,229.09465369999998,2.981404,G
SDSSCGB 14552.4,115.590125,32.47698611111112,G
COSMOS2015 1032295,149.8490833333333,2.871111111111111,G
WiggleZ R01J005901327-01061183,14.755565499999998,-1.103315,G
WiggleZ R01J005905029-03313750,14.770993000000002,-3.52711,G
SDSS J084346.34+043432.0,130.943087,4.57556,G
2MASX J19381005-0616060,294.54201716158,-6.268467887,G
SDSS J225024.59+182458.1,342.602471,18.416159999999998,G
WiggleZ R01J005828471-02463751,14.618666499999998,-2.777113,G
2MASX J06015474-7224454,90.47833381685624,-72.4126917537014,G
SDSS J155610.86+444045.1,239.045256517085,44.67920655090695,G
SDSS J094425.87+051958.5,146.107827,5.332931000000002,G
GAMA 3064063,141.35236,0.8144199999999999,G
SDSS J092548.23+073509.7,141.450973,7.586055000000001,G
LCRS B015558.4-381547,29.527125,-38.02013888888889,G
COSMOS2015 1012918,150.19783333333334,2.843888888888889,G
SDSS J001209.63+000904.5,3.0401420000000003,0.151268,G
SDSS J080819.11+090217.5,122.07965300000002,9.038213000000002,G
COSMOS2015 297525,149.61866666666668,1.7384166666666667,G
COSMOS2015 1021331,149.7465,2.8561944444444447,G
SDSS J150620.53+431213.6,226.585558,43.20379,G
COSMOS2015 1055569,149.8433333333333,2.902527777777778,G
COSMOS2015 1031282,149.82525,2.869083333333333,G
SDSS J212853.52+035232.7,322.223024,3.875765,G
LEDA 1462552,155.497894,14.61361,G
WiggleZ S15J150308738+06312040,225.7864098,6.522334000000001,G
WiggleZ R01J005752538-03031727,14.4689455,-3.054824,G
2MASX J04345911-2435229,68.7463040260329,-24.589712350988055,G
WiggleZ R01J005751433+00430718,14.4643404,0.7186339999999999,G
COSMOS2015 1054322,149.86566666666667,2.901638888888889,G
COSMOS J095918.95+025302.5,149.82895833333333,2.884027777777778,G
2dFGRS TGS445Z116,14.655833333333334,-31.503888888888888,G
SDSS J154931.95+442808.8,237.38314084402668,44.46912833540806,G
WiggleZ S15J150313170+05584312,225.80487319999997,5.978644,G
WiggleZ R01J005926222-00121852,14.859294899999995,-0.205172,G
2dFGRS TGS307Z151,34.227916666666665,-29.45583333333333,G
WISE J005309.75-215837.8,13.290689270087917,-21.977203002880554,G
WiggleZ S15J150229075+01322032,225.62114569999997,1.538978,G
GOODS J123709.18+621713.3,189.28825333333333,62.28702777777778,G
WISE J183645.46+531742.5,279.1894004799525,53.29513656057444,G
DEEP2-GRS 31050862,351.94226,0.35226,G
LEDA 2258345,114.58261385745,45.07443522813001,G
2dFGRS TGS570Z352,27.62,-34.00833333333333,G
GAMA 3412349,139.92696,2.48121,G
SDSS J114130.60+044116.5,175.377524,4.687939999999999,G
LEDA  116766,189.70251709578997,-2.5385521929900006,G
WiggleZ R01J010039996-03275914,15.1666885,-3.466456,G
GOODS J123733.32+622109.4,189.38884125,62.352601388888885,G
2MASX J18325844+5643102,278.24374584261585,56.719655244841945,G
COSMOS2015 1041473,149.747875,2.8830833333333334,G
WiggleZ S15J150450982+04192464,226.21242499999997,4.323511999999999,G
COSMOS2015 1051134,149.88792188407,2.89445433209,G
LCRS B124527.0-055044,192.00933333333336,-6.11825,G
2MASX J18330574+4916227,278.27393765349757,49.27284776752916,G
SDSSCGB 16571.4,16.57138333333334,-0.9897499999999999,G
SDSSCGB 30020.2,249.34045102372,24.64853441543,G
WiggleZ R01J005935947-02214382,14.899816000000003,-2.3622009999999993,G
COSMOS2015 1045806,149.81141666666664,2.8897500000000003,G
SDSS J091353.51+164922.2,138.472989,16.822856,G
SDSS J150747.84+421116.3,226.9493628822833,42.187872995015546,G
COSMOS2015 698462,149.62620833333332,2.3589444444444445,G
SDSS J153122.90+441930.6,232.8454456022879,44.32518320510361,G
WiggleZ S15J150248109+02564435,225.70045539999998,2.9456519999999995,G
LEDA  107470,352.8464583333333,-42.22777777777778,G
COSMOS2015 1042797,149.75316666666666,2.8851388888888887,G
COSMOS2015 1026517,149.81720833333333,2.8625277777777782,G
WiggleZ S15J151546608-00070253,228.94420159999999,-0.11737,G
COSMOS2015 1047823,149.84691666666666,2.891277777777778,G
LCRS B000540.6-444646,2.0517916666666665,-44.50113888888889,G
2MASX J04275524-2509022,66.98029708432166,-25.15057231441611,G
SDSS J100340.44+094408.3,150.918511,9.735653999999998,G
WiggleZ R01J005838239+00514672,14.6593659,0.8629510000000001,G
WiggleZ R01J005901172-00425224,14.754921899999998,-0.7145379999999999,G
COSMOS2015 1028668,149.88441666666665,2.863611111111111,G
SDSS J140352.28+330300.5,210.9678714395054,33.05016886901305,G
WiggleZ S15J150254317+01442954,225.72632259999997,1.74154,G
SDSS J091320.59+341221.1,138.335826,34.205868,G
2dFGRS TGS361Z026,3.3145833333333337,-30.640555555555554,G
WiggleZ S15J150233524+06091541,225.63968189999997,6.154281,G
SDSS J143546.62+021956.0,218.944272,2.332236,G
COSMOS2015 1058216,149.83366666666666,2.9066666666666667,G
SDSS J143337.23+314051.9,218.40513725321998,31.68110770981,G
WiggleZ R01J005759851-01415077,14.499418,-1.6974640000000003,G
SDSS J100818.39+055344.4,152.076646,5.895688,G
COSMOS2015 698218,149.61520833333333,2.3583333333333334,G
SDSS J094527.06+083834.8,146.362774,8.643020999999997,G
LEDA 1081962,64.18061250000001,-2.8263249999999993,G
COSMOS2015 1050005,149.85124999999996,2.89575,G
SDSS J000038.38+132757.0,0.15992099999999998,13.465851,G
SDSS J023809.17+011005.4,39.538213,1.1681800000000002,G
COSMOS2015 1043978,149.8750833333333,2.8865555555555558,G
COSMOS2015 1050240,149.80891666666668,2.896444444444444,G
LEDA 2547697,190.43043250723997,56.78505600338,G
WiggleZ S15J150437903+04571700,226.157929,4.954722,G
WISE J004740.95-232419.7,11.920665579131665,-23.40551353203889,G
WiggleZ S15J150435333+06364204,226.14721879999996,6.611676,G
NGP9 F268-1020891,190.41708333333332,35.22933333333334,G
COSMOS2015 1017284,149.73925,2.84825,G
[RTG2015] 3501,53.152466,-27.798674,G
WISE J043858.25-242120.2,69.74279239281499,-24.355649499224448,G
2MASX J04424685-2432079,70.69539948417417,-24.535519211096666,G
GAMA 3065740,173.98169,0.6955,G
SDSS J235350.44+092210.5,358.460173,9.369604,G
SDSS J093824.16+214743.0,144.60069,21.795301,G
SDSS J154731.08+452637.3,236.87952997820747,45.443685357583334,G
GAMA 4090737,173.62958,-0.04089999999999999,G
LEDA  813520,34.62708333333333,-22.484444444444446,G
SDSSCGB 40636.3,358.0130625,14.278688888888889,G
[RTG2015] 3771,53.149593,-27.797597,G
WiggleZ R01J010028589+01222192,15.119158000000002,1.372727,G
GOODS J123641.06+621340.1,189.17108041666665,62.227810277777785,G
SDSS J090215.80+225607.8,135.565839,22.935519999999997,G
GOODS J123614.76+621700.2,189.06154166666664,62.28341666666667,G
WISE J185155.87+572158.0,282.9827579575542,57.36607645202777,G
2dFGRS TGN075Z130,197.71541666666664,-5.063055555555556,G
SDSS J155136.35+443834.4,237.9014709079471,44.64287943130195,G
2MFGC 17332,346.1860333333333,8.757980555555555,G
LEDA  158654,199.30208333333334,-44.08444444444444,G
GAMA J092149.00+004105.4,140.45415,0.6848,G
SDSS J151845.74+453100.9,229.69062063804913,45.51691596442111,G
SDSS J151115.42+404107.2,227.81429806554874,40.68533861320444,G
COSMOS2015 1030681,149.88920833333333,2.867,G
WiggleZ R01J005757819+05041118,14.490950599999998,5.069745,G
WiggleZ R01J005806210-01153975,14.525913999999997,-1.2610700000000004,G
WiggleZ R01J005846943+00411205,14.695634399999998,0.686653,G
WiggleZ S15J150239104+05300600,225.66293299999998,5.501665999999999,G
WiggleZ R01J005857475+03532613,14.739515499999998,3.890565000000001,G
2dFGRS TGS436Z097,3.3879166666666665,-32.1325,G
2MASX J18525233+5708000,283.2179873382949,57.1334668819489,G
SDSS J151949.04+434717.3,229.95434624414415,43.788151556473885,G
SDSS J155139.70+473754.4,237.91544476218584,47.63178245463333,G
LCRS B234756.7-385009,357.6377916666666,-38.55788888888888,G
GMP 6261,193.71875000000003,28.45777777777778,G
GAMA 916402,140.68678,-0.04665,G
SDSS J113237.35+151517.8,173.155631,15.254965999999998,G
WiggleZ R01J005759708+03473850,14.4988195,3.7940000000000005,G
WiggleZ R01J005848507-02342113,14.7021475,-2.572565,G
VIPERS 118134030,38.136947,-4.95425,G
WISE J043135.70-252300.8,67.89879036110958,-25.383558956204727,G
GAMA 3065635,173.75396,0.7754,G
COSMOS2015 1059068,149.86962499999998,2.906722222222222,G
COSMOS2015 299730,149.8818333333333,1.7426111111111113,G
COSMOS2015 1049612,149.732,2.8953333333333333,G
SDSS J093843.56+322618.4,144.681507,32.43844599999999,G
2dFGRS TGS370Z042,14.424583333333333,-29.734722222222224,G
2dFGRS TGS496Z026,3.4833333333333334,-33.33027777777778,G
SDSS J002231.48+161109.6,5.631204,16.186015,G
2MASX J02282275+3824387,37.09497709946999,38.41070284657,G
WiggleZ R01J005855454-00144175,14.7310959,-0.244959,G
WiggleZ S15J150301390+02563330,225.75579329999997,2.942582,G
SDSS J140441.54+344756.0,211.17314261385667,34.7988950717075,G
COSMOS2015 1046832,149.77420833333332,2.891277777777778,G
GAMA 854516,140.523,1.18745,G
LEDA  549137,337.93,-43.4075,G
WiggleZ R01J005812659-00565117,14.5527819,-0.9475760000000001,G
LEDA 2407374,235.54375,52.12722222222222,G
WISE J180027.62+554933.9,270.1151080336638,55.82607465515638,G
COSMOS2015 257438,149.47283333333334,1.6735833333333332,G
COSMOS2015 1016940,149.81029166666667,2.849638888888889,G
SDSS J100419.90+030524.8,151.08293,3.0902450000000004,G
COSMOS2015 1032685,149.83799999999997,2.8706111111111112,G
WiggleZ S15J151835016+03164085,229.6459013,3.278012999999999,G
2MASX J19201842+4711506,290.0768310475229,47.197334551570556,G
SDSS J150551.47+402939.3,226.46446563714957,40.49424804146972,G
GAMA 560373,180.0422,-0.53987,G
VIPERS 110180653,30.929766,-4.788325,G
LEDA 2178859,184.82625,41.29833333333333,G
COSMOS2015 1049982,149.82958333333332,2.8963333333333336,G
2dFGRS TGS509Z235,23.287374999999997,-32.91086111111111,G
COSMOS2015 1017828,149.84441666666666,2.8494722222222224,G
[FBC2017] J201253.3-571206.1,303.22208333333333,-57.20169444444445,G
WiggleZ R01J010025131-02190048,15.104747500000002,-2.3168280000000006,G
SDSS J102923.41+301845.1,157.347569,30.312530000000002,G
SDSS J091336.22+124630.2,138.400957,12.775079999999999,G
SDSSCGB 70098.4,190.52588333333333,40.88471388888888,G
COSMOS2015 300084,149.49679166666664,1.7426111111111113,G
[RTG2015] 3845,53.157207,-27.797124,G
SDSS J151606.13+442906.9,229.02557039605543,44.48524616614472,G
LEDA  137379,14.646666666666667,55.0825,G
SDSS J151509.61+561347.3,228.790043,56.229811999999995,G
COSMOS2015 258913,150.1076666666667,1.6762777777777775,G
GAMA 9100001,179.91933,-0.80704,G
WiggleZ S15J150202092+06315822,225.5087152,6.532839000000001,G
CANDELS UDS F160W J021815.45-050808.0,34.56442,-5.13557,G
WINGS J010748.61-145656.3,16.952559999999995,-14.94896,G
COSMOS2015 1051094,149.84733333333332,2.8963333333333336,G
2dFGRS TGS438Z072,6.035000000000001,-32.44138888888889,G
6dFGS gJ234943.6-292218,357.43167083333327,-29.37155555555555,G
WISE J185753.04+575025.2,284.471066040815,57.84033383507084,G
COSMOS2015 1046466,149.84354166666665,2.89025,G
WINGS J043343.20-613515.0,68.43,-61.58751,G
SDSS J090238.69+181409.3,135.661223,18.235935,G
COSMOS2015 375626,149.36065,1.86184,G
WiggleZ R01J005933599+00314403,14.890032900000001,0.528869,G
2dFGRS TGS370Z053,14.378749999999998,-30.515833333333333,G
SDSS J150927.12+411043.8,227.36304044905458,41.17882150957028,G
WISE J003512.62-233137.8,8.80267929808625,-23.52718441549611,G
SDSSCGB 1954.2,161.46566267545,16.696858739530004,G
WISE J181640.96+401144.7,274.1706806812025,40.19572519156888,G
WiggleZ R01J010039281-00333031,15.1637064,-0.5584470000000001,G
SDSS J140420.23+344710.2,211.0843774008796,34.786165203945835,G
SDSS J082919.95+183432.7,127.33313999999999,18.575771,G
WiggleZ S15J151931182+06015563,229.8799241,6.03212,G
COSMOS2015 1016710,149.73745833333334,2.8493055555555555,G
GAMA 6801,173.94848,0.7501699999999999,G
WISE J183415.15+584346.8,278.56298169355,58.729695487147225,G
LEDA 2462285,202.60803274201626,54.18724353576721,G
2dFGRS TGS433Z166,1.4749999999999999,-31.690277777777776,G
WISE J044324.54-243736.6,70.85233286167,-24.626810119585556,G
COSMOS2015 1049101,149.85399999999998,2.89375,G
SDSS J102459.23+070525.4,156.246829,7.090400000000001,G
GAMA 3187753,141.38783,1.0239700000000003,G
WiggleZ R01J005916129+00515953,14.8172394,0.8665069999999999,G
LCRS B234516.6-381612,356.97275,-37.99219444444444,G
SDSS J101926.38+090949.5,154.859953,9.163775,G
2MASX J19141838-0519376,288.57659496332,-5.32717076449,G
WiggleZ R01J005816042-02452437,14.5668805,-2.7567980000000003,G
WiggleZ R01J005928907-01512584,14.870483500000004,-1.8572070000000005,G
SDSSCGB 13001.4,172.93655833333332,1.5763916666666666,G
WISE J075519.23-691042.3,118.83016746291334,-69.17837625495223,G
WISE J184451.60+612444.2,281.2149528333796,61.41227549347027,G
WiggleZ R01J010012035+00410947,15.050181899999998,0.685937,G
GAMA J092210.81+001356.8,140.54504,0.23245,G
WiggleZ R01J005837704-03040839,14.6571355,-3.069025,G
WISE J181049.30+472518.0,272.7054327341167,47.42167226365083,G
WiggleZ S15J150327856+02571064,225.866067,2.952956,G
WiggleZ S15J150204240+03333220,225.51766499999997,3.558945,G
[RTG2015] 3525,53.146045,-27.7986,G
COSMOS2015 1037882,149.8048333333333,2.8795,G
SDSSCGB 22565.1,158.60509166666668,10.187611111111112,G
2dFGRS TGS177Z268,333.80230833333326,-26.974961111111107,G
LCRS B232828.4-390814,352.7887916666667,-38.86119444444445,G
[RTG2015] 1786,53.156121,-27.808364,G
LEDA  950988,190.28379166666667,-12.566694444444444,G
GAMA 4010148,173.71167,0.8494200000000001,G
2MFGC 17710,354.2142333333333,52.055236111111114,G
SDSS J222056.49+094248.4,335.235379,9.713459,G
WISE J191829.91+575454.0,289.6246690729242,57.91496768033083,G
NGVS J123153.99+172805.5,187.9749749,17.4681901,G
[RTG2015] 3493,53.184484,-27.798419,G
WiggleZ R01J005918270-01055453,14.826163,-1.098508,G
WiggleZ S15J152016008+06293884,230.066698,6.494123,G
WiggleZ R01J005833101-01022618,14.637959500000003,-1.040634,G
WiggleZ R01J010041617+00281433,15.173439899999998,0.47062,G
COSMOS2015 1056400,149.884,2.9045277777777776,G
VIPERS 114136255,34.375885,-5.057169,G
WiggleZ R01J010016466-02372598,15.068643999999999,-2.62391,G
SDSS J152614.63+451130.6,231.56098286789708,45.19183346640832,G
COSMOS2015 1052914,149.78395833333332,2.897972222222222,G
WiggleZ S15J150258194+04191353,225.7424751,4.320426,G
WISE J043729.42-251543.9,69.37259710805459,-25.26221673760361,G
LCRS B123828.4-114856,190.26925,-12.090027777777777,G
LEDA  682428,34.30291666666667,-33.01138888888889,G
WiggleZ R00J232104870-02481393,350.2702916667,-2.803875,G
COSMOS2015 261931,149.82654166666669,1.6814166666666666,G
LCRS B012312.9-384329,21.364500000000003,-38.464916666666674,G
WISE J191802.68+585248.8,289.5111318849316,58.88031150715167,G
WiggleZ R01J010013498+00564914,15.0562779,0.946956,G
WiggleZ R01J005758325-01343366,14.493058000000005,-1.5760450000000004,G
WiggleZ S15J150153599+03430923,225.47333,3.719231,G
2dFGRS TGS826Z524,6.154166666666667,-62.41138888888889,G
[RTG2015] 1877,53.166715,-27.807814,G
SDSS J084723.84+224300.2,131.849354,22.716744000000002,G
LCRS B231732.1-423320,350.07,-42.281666666666666,G
COSMOS2015 1051919,149.82,2.8980833333333336,G
WiggleZ R01J005912663-02021854,14.8027975,-2.0385119999999994,G
2MASX J04221228-2630307,65.55110197113373,-26.50844089910611,G
WiggleZ R01J005754732-02165513,14.478086500000003,-2.2820080000000003,G
WiggleZ S15J151841108+03231928,229.67128349999996,3.3886879999999997,G
GAMA 827828,140.70908,1.1103,G
LCRS B003805.5-422924,10.1205,-42.215833333333336,G
VIPERS 126029150,37.826939,-4.532753,G
LEDA  717715,3.4047272599254166,-30.399433647681388,G
LEDA 1256703,182.39638286796,3.6795067054700006,G
NGP9 F378-0110620,192.45379166666666,25.007472222222223,G
WiggleZ S15J150202637+03382263,225.5109886,3.6396190000000015,G
LEDA 1798807,233.54479760629,27.136345855,G
WiggleZ S15J150330269+05364839,225.8761189,5.613439999999999,G
2dFGRS TGS138Z252,6.175416666666667,-26.33722222222222,G
SDSS J094612.13+081836.3,146.550547,8.310107,G
2MFGC 16707,332.1208208333333,-32.46611111111112,G
LEDA  610349,199.32416666666666,-38.31861111111112,G
SDSS J152648.17+462527.6,231.70070589692085,46.42431773372749,G
COSMOS2015 260456,149.81504166666667,1.6794444444444443,G
SDSS J233237.29+330337.5,353.155394,33.06044000000001,G
LEDA 2266480,199.12375000000003,45.533055555555556,G
SDSS J150150.36-003026.2,225.459841,-0.507291,G
GAMA 4342965,140.89989,-0.02982,G
WISE J002918.89-232632.1,7.3288059239841665,-23.442317657819164,G
LEDA  101677,14.185333333333334,-38.0801388888889,G
[RTG2015] 1894,53.159293,-27.807604,G
EGSIRAC J141713.61+523213.9,214.30675204166664,52.53720733333334,G
SDSS J083118.51+233814.9,127.82714700000001,23.637483000000003,G
GMP 6197,193.75215,28.409733,G
2dFGRS TGS806Z042,12.731541666666667,-40.61341666666667,G
SDSSCGB 10073.1,224.43275627215,11.27778521001,G
WiggleZ R01J005827144-01462625,14.613137499999995,-1.7739859999999998,G
WISE J180215.10+560544.2,270.5629420151113,56.0955843008525,G
LCRS B003832.6-442500,10.229958333333332,-44.14252777777778,G
[RTG2015] 1663,53.158243,-27.809125,G
LEDA 1668963,352.75041666666664,22.388055555555557,G
SDSS J080733.01+071155.0,121.88758,7.198626999999999,G
SDSS J094433.17+235017.4,146.138222,23.838170999999996,G
2dFGRS TGS281Z168,5.859166666666666,-29.762777777777778,G
SDSS J020421.70+051141.2,31.090443,5.194799999999999,G
LEDA  723526,27.74890824929375,-29.928352054977776,G
WiggleZ S15J150225458+01215504,225.6060762,1.365289,G
WiggleZ R01J005950566-03013560,14.960729499999998,-3.0265829999999996,G
2dFGRS TGS511Z337,27.557083333333335,-34.27833333333333,G
2MASX J20382470+1853281,309.60298661421996,18.89110248317,G
NGP9 F268-0541069,192.677125,36.63463888888889,G
2MASX J18390374+5503225,279.76565395747036,55.056190081213884,G
WiggleZ S15J150312821+06192315,225.8034222,6.3230960000000005,G
WiggleZ R01J005833795+02100215,14.640848500000004,2.167236,G
LEDA 2064306,165.40708333333336,35.42388888888889,G
WiggleZ S15J150438979+01032568,226.16241249999996,1.0571329999999999,G
2MASX J18392040+4654019,279.8350278644062,46.90054545198139,G
COSMOS2015 1046709,149.780375,2.891138888888889,G
SDSS J100502.94+411159.9,151.26226,41.199982,G
LCRS B123553.9-122907,189.62541666666664,-12.76025,G
SDSSCGB 7742.3,328.608716,11.481563,G
WISE J004222.64-564614.9,10.594473566479582,-56.770883350666104,G
WiggleZ R01J005814625-03234843,14.560973499999998,-3.396814,G
WiggleZ S15J151742038+06572691,229.4251565,6.957474,G
2MASX J18475742+6026373,281.98929319290795,60.44375124379834,G
WiggleZ R01J005817553+05031195,14.5731731,5.053291,G
NGVS J122857.39+155527.5,187.2391391,15.924295400000004,G
LCRS B021248.3-384605,33.71933333333333,-38.535805555555555,G
LEDA 3074948,197.63666666666666,-70.25527777777778,G
LCRS B002652.0-441819,7.324291666666667,-44.02913888888889,G
LEDA 2086998,238.37333333333333,36.78861111111111,G
[RTG2015] 1701,53.165844,-27.80885,G
WISE J191759.15+480453.7,289.4964530928859,48.08158071996723,G
WISE J181420.00+472300.7,273.5833654510896,47.383523521352494,G
LEDA 2216542,245.22861040736083,43.257250280624724,G
LEDA   87664,36.59541666666667,-39.635555555555555,G
COSMOS2015 1034248,149.77004166666666,2.8741944444444445,G
LEDA 2193244,201.69625,42.146388888888886,G
WiggleZ R01J005822645-02020671,14.594392,-2.0352260000000006,G
WiggleZ R01J005859438-02151672,14.7476965,-2.254673,G
NGP9 F268-0986385,193.859625,35.488194444444446,G
WiggleZ S15J150320732+05131882,225.8363836,5.221895000000001,G
WISE J184140.58+510612.6,280.4190141753171,51.103506780349996,G
WiggleZ R01J005916220-00251910,14.817621900000002,-0.422,G
SDSS J150245.43+003042.5,225.689294,0.51181,G
LEDA 3092655,199.87816666666666,-4.154916666666667,G
LEDA 2092884,215.47987180276,37.09406856353999,G
WiggleZ R01J005928636+04511713,14.869355600000004,4.854731,G
COSMOS2015 1045018,149.77287499999997,2.88875,G
WISE J192036.79+485604.6,290.15333167651795,48.93463410176972,G
COSMOS2015 1030037,149.82141666666666,2.8675,G
WiggleZ R01J005759053+00154775,14.496092400000002,0.263236,G
TKRS  1902,189.2303725,62.33002722222223,G
WISE J010032.27-504841.5,15.134596988983334,-50.811623665395,G
SDSS J085505.93+141748.6,133.774715,14.296842000000002,G
LCRS B011231.6-383809,18.702583333333337,-38.37169444444445,G
GAMA J092455.62+000351.1,141.23179,0.06419999999999998,G
LCRS B002738.9-390252,7.524832483454583,-38.77158075984833,G
SDSS J140445.64+334346.5,211.19018371356037,33.72958826386889,G
GOODS J123543.07+621256.0,188.9294575,62.215564444444446,G
SDSS J150340.16+414229.3,225.91735936136624,41.70814684369112,G
WiggleZ S15J151908749+06413715,229.78645430000003,6.693654,G
[RTG2015] 1751,53.142367,-27.808511,G
WiggleZ S15J151815483+06555578,229.5645127,6.93216,G
COSMOS2015 1021574,149.87012499999997,2.854138888888889,G
WISE J004410.57-201424.1,11.044180518865414,-20.24015802151667,G
COSMOS2015 255360,149.47516666666667,1.6685277777777776,G
SDSS J010107.17+291221.9,15.279894999999998,29.206097000000003,G
WISE J184522.64+544325.5,281.3443123507245,54.72370476992472,G
COSMOS2015 1036038,149.85558333333333,2.8763333333333336,G
WiggleZ S15J150225035+03235416,225.60431309999998,3.3983790000000003,G
COSMOS2015 1027628,149.83491666666666,2.8649722222222223,G
WISE J191002.73+550800.7,287.5112784730638,55.133559009619724,G
WiggleZ S15J150421406+06403484,226.0891908,6.676342999999999,G
WISE J044108.14-252322.6,70.2839243366546,-25.389617718522494,G
SDSS J150133.93-013502.0,225.391412,-1.583889,G
NGP9 F322-1343174,193.041125,28.009805555555555,G
WiggleZ R01J010024412-00133750,15.101753399999998,-0.22711200000000004,G
LCRS B111249.8-033821,168.84449999999998,-3.9121944444444443,G
2dFGRS TGS105Z031,41.35808333333333,-24.229611111111108,G
GOODS J123610.65+621113.6,189.0443675,62.187110277777776,G
LEDA 2223080,199.31875000000002,43.535,G
COSMOS2015 251432,149.51733333333334,1.6651666666666665,G
SDSS J151724.55+451314.3,229.35230908871003,45.22063098270639,G
WISE J005601.42-240015.9,14.005978443877085,-24.004429507763057,G
NGP9 F268-0102335,191.7988333333333,37.86066666666667,G
SDSS J152247.81+421920.7,230.6992107936708,42.3224445157464,G
LEDA 1006344,171.96249999999998,-8.233888888888888,G
2MASS J15385662+5337540,234.73596925354622,53.63155602443028,G
COSMOS2015 299387,150.47470833333333,1.7425833333333336,G
SDSS J150504.09+412743.4,226.26707078037086,41.46207859449111,G
2MASX J19335079+4436363,293.4616577927791,44.61008878456418,G
WISE J010636.66-494612.2,16.652877713335002,-49.77007450334526,G
LEDA 2314039,210.74528089358998,48.278195793479995,G
TKRS 10979,189.13387999999998,62.107105833333335,G
COSMOS2015 1041487,149.88079166666665,2.8833333333333333,G
COSMOS2015 1033598,149.89179166666665,2.8725,G
LEDA  771866,199.04250000000002,-26.075277777777778,G
NGVS J123648.39+073839.1,189.2016453,7.6441974,G
COSMOS2015 382042,149.39459,1.87158,G
WISE J044254.77-263526.0,70.72819178270666,-26.590604519354716,G
SDSS J150256.82+013812.3,225.736782,1.636757,G
SDSS J220906.79+231514.7,332.27831599999996,23.254097,G
SDSS J121749.87+340853.2,184.45780499999998,34.148132,G
COSMOS2015 1040117,149.74966666666668,2.87975,G
COSMOS2015 1045865,149.74270833333333,2.889777777777778,G
SDSS J140016.37+344327.8,210.06822758201875,34.724395571811115,G
WiggleZ R01J005957466-03343539,14.989477000000003,-3.576524,G
SDSS J031609.33+410607.5,49.038904,41.102084000000005,G
LEDA   97567,359.9608333333333,40.06305555555555,G
SDSS J151705.53+450938.1,229.27308216286124,45.16059304927833,G
SDSS J031557.04+410707.8,48.987681,41.118847,G
2MASX J19201341+4934366,290.0559661428937,49.576725380250274,G
[FBC2017] J134722.3-113220.3,206.84291666666664,-11.538972222222222,G
WiggleZ R01J005809889+00181195,14.5412409,0.303292,G
WiggleZ R01J005814718+04131752,14.5613605,4.221504999999999,G
GOODS J123636.21+621709.4,189.15086999999997,62.28594055555555,G
2MASX J18332126+4808027,278.3385184888787,48.13427139384027,G
2MASX J18343533+5616300,278.64735416593584,56.275049596679445,G
WiggleZ S15J150354935+06504484,225.97889499999997,6.845789,G
2MASX J09260692-6119203,141.52871973788,-61.32215768618,G
SDSS J154253.98+441217.3,235.72495187563334,44.20479071405389,G
SDSSCGB 10222.3,213.49105416666663,17.631858333333334,G
SDSS J031635.93+404919.5,49.149710999999996,40.82209,G
COSMOS2015 1021144,149.82025,2.855638888888889,G
[RTG2015] 1831,53.175231,-27.808092,G
COSMOS2015 1018387,149.74291666666667,2.84775,G
COSMOS2015 259091,149.63970833333335,1.677972222222222,G
SDSS J094304.64+015101.0,145.769372,1.85029,G
WiggleZ R00J232159760-13044188,350.499,-13.0782972222,G
WiggleZ S15J151558762+06204962,228.99484249999998,6.347117,G
WiggleZ R01J005820078-01480189,14.5836955,-1.800554,G
LEDA  520972,41.050000000000004,-45.939722222222215,G
WiggleZ S15J151907223+05424169,229.7800941,5.711581999999999,G
COSMOS2015 1050178,149.768625,2.895777777777778,G
WiggleZ S15J152015345+06204315,230.06393690000002,6.345319,G
[RTG2015] 1992,53.167025,-27.807033,G
GAMA 609062,173.50883,0.22949,G
GMP 6718,193.41125,28.259444444444444,G
WiggleZ R01J005848709+04590327,14.702990599999996,4.984215,G
COSMOS2015 256805,150.40904166666667,1.6733333333333331,G
SDSSCGB 56408.4,16.950815000000002,-9.478037,G
WiggleZ S15J150130163+03070365,225.3756802,3.1176809999999997,G
SDSS J081401.19+104535.3,123.50497099999998,10.759812999999998,G
WiggleZ S15J150452032+02390970,226.2168016,2.652695,G
WiggleZ S15J150440240+03085027,226.1676686,3.147298,G
WISE J192422.46+430221.7,291.09351977156996,43.03937941824139,G
COSMOS2015 1023583,149.82579166666667,2.857138888888889,G
WiggleZ S15J150345009+06383228,225.93753659999996,6.642299999999999,G
WiggleZ R01J005801320-01284960,14.505536500000002,-1.480472,G
LCRS B234535.9-384720,357.053375,-38.51086111111111,G
GAMA 804108,139.78537,0.09405,G
SDSS J143512.89+371800.0,218.80371705454795,37.30001879847639,G
WiggleZ R01J005853269-02153520,14.7219925,-2.2598070000000003,G
[RTG2015] 1688,53.177593,-27.808914,G
COSMOS J095910.82+025110.7,149.7950833333333,2.8529722222222222,G
COSMOS2015 1055451,149.7854583333333,2.902722222222222,G
SDSSCGB 71738.1,157.67475833333333,27.66467222222222,G
2dFGRS TGS281Z165,5.9558333333333335,-29.37777777777778,G
COSMOS2015 1039278,149.79933333333332,2.880611111111111,G
2MFGC 14361,275.42126666666667,40.06491111111111,G
SDSS J150334.42-003059.0,225.893446,-0.516406,G
LEDA 1856167,198.95531403261245,29.11440069448806,G
SDSS J142714.22+370340.6,216.8092775803725,37.061296180555836,G
LEDA  610214,350.88829166666665,-38.32877777777778,G
SDSS J015905.08+075723.2,29.771184999999996,7.956462,G
COSMOS J095913.86+025342.1,149.80775,2.895027777777778,G
SDSSCGB 36588.3,138.92179166666665,35.73294722222222,G
SDSS J022554.14+000049.7,36.475601000000005,0.013816000000000002,G
SDSS J152754.40+471636.6,231.97669900744418,47.276847442218056,G
WISE J192256.29+435224.2,290.73459045071286,43.873308730023886,G
APMBGC 468+072+077,338.35725,-31.26075,G
SDSSCGB 70977.1,129.87851322982,35.14406188484,G
[RTG2015] 1862,53.175361,-27.807741,G
VIPERS 120043439,31.662457,-4.518023,G
SDSS J005236.80+194017.2,13.15336,19.671455,G
SDSS J082713.41+165929.6,126.805896,16.991563999999997,G
SDSS J015253.41+005012.2,28.222528843630002,0.83670338683,G
2dFGRS TGS383Z142,27.656250000000004,-31.103611111111114,G
WiggleZ R01J005807636-00533162,14.531853900000002,-0.892146,G
SDSSCGB 7371.3,139.68420000000003,6.464802777777778,G
LEDA  116970,190.60999999999999,-11.925194444444443,G
LEDA 2778469,159.0258333333333,79.05166666666666,G
WISE J191045.80+530719.5,287.6908278459842,53.12209886976694,G
AM 2243-341,341.6208333333333,-34.044999999999995,G
WiggleZ R00J232213624-12180636,350.5567666667,-12.3017638889,G
WiggleZ S15J150440555+01120797,226.168978,1.202215,G
2dFGRS TGS429Z122,357.57579166666665,-31.65458333333333,G
COSMOS2015 1023951,149.75641666666664,2.859027777777778,G
WiggleZ R01J005816246+01310526,14.5677295,1.5181010000000001,G
GAMA J092248.70-004819.5,140.70294,-0.8054300000000001,G
LEDA  555933,30.47416666666667,-42.91416666666667,G
COSMOS2015 299225,149.90895833333332,1.7425000000000002,G
2dFGRS TGS137Z102,4.9013333333333335,-25.362583333333333,G
LEDA  543409,332.03577264821,-43.88093194801,G
Gaia DR3 2150737966197042560,276.11194788028286,56.25190574558472,G
COSMOS2015 302317,149.47133333333332,1.7469444444444444,G
SDSS J140204.93+332645.8,210.52055617744955,33.446090196221945,G
SDSS J001210.00+035658.3,3.041702,3.9495530000000008,G
WiggleZ S15J150206484+01480555,225.5270152,1.8015409999999996,G
WISE J011232.57-225531.8,18.135773407478336,-22.925579816141948,G
SDSSCGB 25995.2,240.6589666666667,12.318827777777779,G
WiggleZ R01J010001003+02013205,15.004217500000003,2.0255409999999996,G
COSMOS2015 1033174,149.800125,2.8710000000000004,G
WiggleZ S15J151831201+06092113,229.6300055,6.155868999999998,G
WISE J190324.66+562736.2,285.8527247850338,56.46004442940889,G
VVDS 910267754,36.67294,-4.379692,G
SDSS J094939.08+322858.0,147.412874,32.482805000000006,G
SDSS J092104.39-005654.9,140.26829583333333,-0.9486083333333333,G
WiggleZ S15J150316454+05422301,225.81855759999996,5.706393000000001,G
[BPG2011] irac177609 2,214.218569,52.45777761111111,G
COSMOS2015 1021198,149.78879166666664,2.8553611111111112,G
ShaSS 410066353,202.2690953,-29.1896686,G
SDSS J031602.89+405735.0,49.012056,40.959737999999994,G
SDSS J155022.38+445642.8,237.5932858105083,44.945253856351385,G
SDSSCGB 13563.3,27.535361292920005,14.990650018010001,G
COSMOS2015 1042665,149.76958333333332,2.884777777777778,G
SDSS J151722.03+442700.9,229.34180034373748,44.45027242914528,G
WISE J191751.48+554422.5,289.4644737286892,55.739597699495,G
COSMOS2015 1049143,149.79049999999998,2.8949166666666666,G
SDSS J023722.90-090704.8,39.345454,-9.118006,G
WiggleZ R01J005756371-00014215,14.484915899999997,-0.028402,G
2dFGRS TGS136Z198,3.9132500000000006,-25.044500000000003,G
COSMOS2015 1040220,149.89058333333332,2.8819166666666667,G
2MASX J18353848+4704095,278.91045125281835,47.06937769930861,G
WINGS J220641.46-054428.2,331.67276,-5.74116,G
LEDA 1774298,33.92541666666667,26.3875,G
GMP 5928,193.88939999999997,28.09458,G
WISE J181453.00+540242.2,273.72083249553623,54.04505206214833,G
WiggleZ R01J005905938-03361091,14.774779,-3.603059,G
COSMOS2015 1023978,149.850125,2.859666666666667,G
2MASX J19453709+5510199,296.4045454967329,55.17215287794639,G
GAMA 198653,140.44307,-0.7030800000000001,G
WiggleZ R01J005956693-02191021,14.986256500000003,-2.319532,G
COSMOS2015 1030163,149.86637499999998,2.8682222222222227,G
LEDA  101768,14.632416666666666,-44.69555555555555,G
LEDA  601606,352.98720833333334,-39.12316666666666,G
WiggleZ S15J151937199+06571335,229.9049948,6.953706999999999,G
WISE J181458.10+465422.2,273.7420108624396,46.90611228879055,G
SDSS J155249.22+452215.1,238.20510350732457,45.3708718224914,G
WiggleZ R01J005809700+05102884,14.540455099999999,5.174651000000001,G
IRAS 21306-0530,323.3336791666667,-5.283800000000001,G
COSMOS2015 249634,149.48070833333333,1.6622499999999998,G
SDSSCGB 43443.1,158.06045,15.852622222222221,G
SDSS J100031.98+063826.1,150.133285,6.640597,G
WISE J183121.68+474935.6,277.8403236107808,47.82656323500583,G
SDSS J150844.01+420416.0,227.1833982262758,42.07110941851666,G
SDSS J154739.21+455602.8,236.91339830826627,45.93411655395583,G
2dFGRS TGS004Z170,331.7703664785299,-22.45075000813,G
GAMA 807855,140.19763,0.55481,G
WiggleZ S15J150409920+02011813,226.04133379999996,2.021704,G
SDSS J091055.72+160049.2,137.7322,16.013669,G
COSMOS2015 1023445,149.80791666666664,2.858861111111111,G
WiggleZ S15J150136609+04552791,225.40253579999998,4.924419999999999,G
WISE J004951.28-213749.8,12.463747366604583,-21.630556196297224,G
COSMOS2015 1038590,149.83379166666668,2.880027777777778,G
2dFGRS TGS159Z175,39.692083333333336,-26.009444444444444,G
SWIRE J033521.71-272016.7,53.84048395108999,-27.337932766560005,G
WiggleZ R01J005821085-01191294,14.587892500000002,-1.3202880000000001,G
COSMOS2015 1041274,149.76075,2.883916666666667,G
SDSS J084743.99+163849.3,131.933293,16.647042,G
SDSSCGB 6452.2,183.66626703434997,13.61429334749,G
WISE J005201.53-240921.8,13.006509774944583,-24.15611933411833,G
SDSSCGB 48423.1,259.2820688883,26.14687619339,G
WiggleZ R01J005836535-03174280,14.652267999999998,-3.2952500000000002,G
SDSS J151842.21+025136.6,229.675878,2.860182,G
LEDA 1141732,193.21214108643,-0.5032849783499999,G
SDSS J151546.56+412500.7,228.9440229699804,41.41687521484972,G
SDSS J133324.35+430527.5,203.35147599999996,43.090999,G
LEDA  929232,23.80524890088,-14.08179851391,G
SDSS J151201.22+415026.7,228.00509111978204,41.840760258657774,G
SDSS J101505.08+074029.9,153.771169,7.674980999999999,G
GAMA 3032551,173.96076,0.32505,G
LEDA  869992,199.17083333333332,-18.29388888888889,G
WiggleZ R01J005938341-01065781,14.909789499999995,-1.116085,G
LCRS B015101.5-383539,28.29329166666667,-38.348444444444446,G
WiggleZ R01J005827369-03333305,14.614075000000001,-3.5592089999999996,G
SDSS J154422.58+441746.4,236.0941105088525,44.29622978148139,G
COSMOS2015 1017575,149.81695833333333,2.8503611111111113,G
LEDA  648389,4.600833333333332,-35.48277777777778,G
COSMOS2015 1016969,149.86716666666663,2.848666666666667,G
2MASX J18295359+4716425,277.47357298238956,47.278264726558334,G
WiggleZ S15J150203370+06211770,225.5140407,6.354916,G
2MASX J18033514+4137347,270.89638072378625,41.6263654089675,G
WISE J192307.58+522633.3,290.7815066748729,52.44237076861418,G
WiggleZ R01J005910354-00511962,14.793179399999998,-0.855477,G
SDSS J000910.16-010649.9,2.292334,-1.1138790000000003,G
WiggleZ S15J150338753+02284777,225.91147099999998,2.479936,G
SDSS J081057.20+091345.5,122.73834599999999,9.229318000000001,G
SDSS J095751.60+114818.6,149.46501,11.80518,G
WiggleZ R01J005849237-01012997,14.705191000000003,-1.02502,G
2dFGRS TGS073Z266,350.32712353916,-24.22453596901,G
LCRS B003953.2-443208,10.563833333333333,-44.26155555555555,G
LEDA  423865,12.750833333333333,-54.00611111111111,G
COSMOS2015 253337,149.96454166666663,1.668361111111111,G
WiggleZ R01J005902325+04465129,14.759725099999995,4.780885,G
WISE J044447.20-241559.9,71.19671178176084,-24.266668123730554,G
GAMA 3187764,141.4454,1.07742,G
WiggleZ R01J005920758-01013773,14.836529500000001,-1.0271759999999999,G
2dFGRS TGS437Z091,6.022916666666667,-32.028055555555554,G
LEDA 2699931,181.67535342278998,67.4336478909,G
GAMA J092323.68-010001.7,140.84864,-1.0004600000000001,G
SDSS J102051.14+324140.4,155.213085,32.69456199999999,G
WiggleZ R01J005958087-00245041,14.9920644,-0.41403,G
WiggleZ S15J150224763+03440304,225.6031776,3.7341770000000003,G
COSMOS2015 298603,149.51504166666666,1.7405,G
LCRS B004146.2-443625,11.03225,-44.33336111111112,G
COSMOS2015 1045439,149.882875,2.8882222222222222,G
WiggleZ R01J005906549+00535823,14.777322899999996,0.8994800000000001,G
LCRS B012051.9-383135,20.779875,-38.26555555555556,G
WISE J044455.16-251532.7,71.22988330939167,-25.25912087328833,G
SDSS J092852.35+125014.7,142.218156,12.837418,G
COSMOS2015 1037324,149.84179166666664,2.8763055555555557,G
LEDA 1673623,231.47541666666666,22.644444444444446,G
2dFGRS TGS229Z134,34.5025,-27.88,G
WiggleZ R01J005804458+04303460,14.518613600000002,4.509582,G
LCRS B232015.5-383316,350.7422916666667,-38.279916666666665,G
[RGC97] 005353.12-280453.7,14.076833333333333,-27.81113888888889,G
WiggleZ R01J010033456-00453298,15.139437899999999,-0.7591890000000001,G
LEDA 1011576,199.13833333333335,-7.881111111111111,G
SDSS J084827.12+132709.2,132.113041,13.452572,G
WiggleZ R01J010012202+00464659,15.0508794,0.7795809999999999,G
[RTG2015] 4773,53.136797,-27.787983,G
WiggleZ R01J005825100+01371369,14.6046205,1.620441,G
WiggleZ R01J005933104-03050354,14.8879705,-3.0843450000000003,G
SDSS J170415.19+241014.4,256.06327095806,24.17069560218,G
WiggleZ R01J005814393-00373040,14.560005900000002,-0.625138,G
WISE J011811.96-492013.3,19.549909426461667,-49.33705108886333,G
LEDA  897550,198.98657518693997,-16.48573447121139,G
SDSS J094635.31+225743.2,146.647125,22.962021,G
COSMOS J100012.12+024638.6,150.0505,2.777388888888889,G
WiggleZ R01J005752768+01395129,14.469905500000001,1.664218,G
COSMOS2015 1052211,149.8213333333333,2.8980555555555556,G
VIPERS 113183501,33.245256,-4.788412,G
WiggleZ R01J005834862-01095702,14.645294499999999,-1.165868,G
WISE J183550.25+581804.9,278.9594679721316,58.30136320669361,G
WISE J182932.48+540027.9,277.38535055808,54.007752251134725,G
LEDA 2081117,230.11416666666668,36.465833333333336,G
LEDA  423868,14.367916666666666,-54.005833333333335,G
LEDA 2602687,172.37791666666664,60.477222222222224,G
WISE J184009.21+623147.0,280.038401834428,62.52971653011834,G
SDSS J151855.68+025806.9,229.732037,2.968586,G
WiggleZ S15J150328097+06182769,225.86706989999996,6.30769,G
WISE J185728.41+581611.0,284.36833956423834,58.26971081973083,G
2MASX J18041347+6139162,271.0563952009513,61.654407448404726,G
SDSS J072940.09+453409.7,112.41705700000001,45.569383,G
NGP9 F268-1547567,190.4225,33.670944444444444,G
SDSS J155902.22+461826.3,239.7592771644167,46.30731282535916,G
WiggleZ S15J151551165+06421147,228.96318699999998,6.703187,G
LCRS B001249.2-422157,3.8304166666666664,-42.08808333333334,G
COSMOS2015 1022569,149.8062083333333,2.856222222222222,G
WISE J190745.09+555504.9,286.9378944728579,55.91801876998111,G
SDSS J151340.72+413836.9,228.4196816890671,41.64359232530333,G
SDSS J002046.95+002438.3,5.195661000000001,0.41066100000000005,G
SDSS J152354.03+442710.0,230.97513594746124,44.45278225916945,G
LEDA 3088329,200.75560028229,37.13699321181,G
WISE J044819.71-251312.2,72.0821178538829,-25.220112159868332,G
WiggleZ R01J005852177+04154245,14.717439999999998,4.261764,G
WISE J181902.93+470935.0,274.76215828987705,47.159717696874445,G
LEDA 1043591,184.68880104607996,-5.527202743299999,G
COSMOS2015 700275,150.05279166666668,2.359055555555556,G
LCRS B002853.2-393414,7.832541666666667,-39.294555555555554,G
COSMOS2015 1041447,149.77999999999997,2.8829444444444445,G
WiggleZ S15J150304100+05401927,225.76708429999996,5.672019,G
WiggleZ S15J150210575+01315504,225.5440618,1.531957,G
SDSS J224810.27+193734.2,342.04282,19.626178999999997,G
2dFGRS TGS438Z235,6.0633333333333335,-31.16611111111111,G
VIPERS 119022963,30.526038,-4.5880220000000005,G
WiggleZ S15J150143184+06282172,225.4299319,6.4727,G
COSMOS2015 1048405,149.76554166666665,2.8913055555555554,G
WiggleZ S15J150343738+01132805,225.9322424,1.22446,G
2MASX J18414553+6016348,280.44007284766917,60.27631798627695,G
SDSS J095047.86+232042.2,147.699454,23.345079,G
WiggleZ S15J150358792+06515841,225.994967,6.866225,G
2dFGRS TGN193Z025,197.63512499999996,-3.276638888888889,G
COSMOS2015 1052068,149.728,2.8992777777777774,G
WiggleZ S15J150349658+00453713,225.95690829999998,0.7603140000000002,G
WiggleZ S15J151839850+06492609,229.66604279999999,6.823913000000001,G
2MASX J18074593+5955475,271.9415457356308,59.930048501009445,G
WiggleZ S15J150213880+05373686,225.5578343,5.626904,G
SDSS J152833.67+451725.5,232.14029338568542,45.29040625471361,G
WISE J042920.56-261236.4,67.3357200733925,-26.210136861976387,G
COSMOS2015 298510,149.64666666666668,1.7408611111111112,G
SDSS J141420.97+013839.3,213.58739166666663,1.64425,G
COSMOS2015 1036781,149.85216666666665,2.8777222222222223,G
LCRS B001534.0-445833,4.512208333333334,-44.69811111111111,G
COSMOS2015 1045412,149.73954166666667,2.889388888888889,G
WiggleZ S15J151825273+06212709,229.6053028,6.357523999999999,G
WISE J044258.20-263745.4,70.74252217675166,-26.62931546933472,G
SDSS J141012.04+342752.9,212.55020419602707,34.464714092751116,G
2MASX J04263588-2638428,66.64958202882167,-26.645273645427785,G
NGP9 F322-1252742,192.44441666666668,28.228444444444442,G
2dFGRS TGS180Z164,338.23783333333336,-26.942055555555555,G
SDSS J101336.12+141903.7,153.400513,14.31771,G
COSMOS2015 1025066,149.82095833333332,2.860027777777778,G
SDSS J153016.15+444313.9,232.56730230101624,44.72052616335417,G
WISE J183605.63+433530.5,279.0234497733609,43.59177471778057,G
SDSSCGB 31404.4,224.29895,53.57459166666666,G
SDSS J140925.81+343945.6,212.35759133832417,34.662665284216665,G
SDSS J083459.40+611618.7,128.74753,61.271868,G
SDSS J154414.68+450512.0,236.06118301540914,45.086644385369446,G
COSMOS2015 1037483,149.80175,2.8783611111111114,G
2dFGRS TGS145Z228,16.380041666666664,-26.029416666666666,G
WiggleZ S15J150425318+05455517,226.10548969999996,5.765326,G
WISE J190849.97+535846.9,287.20821854453334,53.97970662518889,G
SDSS J155555.53+454101.6,238.98140584102669,45.68381577244305,G
WiggleZ R01J005838108-02181125,14.65882,-2.303153,G
TKRS 12191,189.32982375,62.165503888888885,G
LEDA 1061348,197.51791666666665,-4.210833333333333,G
COSMOS2015 1057564,149.828625,2.90575,G
SDSS J092156.36+142817.3,140.484834,14.471482000000002,G
SDSS J002108.09+151317.8,5.2837380000000005,15.221624,G
WISE J182201.53+582218.4,275.506515939275,58.371768425164454,G
LEDA  853918,316.3565833333333,-19.535194444444446,G
LEDA  547326,14.649166666666666,-43.56166666666666,G
GAMA 3086693,173.56323,1.16086,G
SDSS J075754.48+171712.6,119.477022,17.286837,G
2dFGRS TGS157Z239,36.857666666666674,-26.371111111111112,G
WISE J043541.47-252840.2,68.92281897380958,-25.477841602626384,G
COSMOS2015 1047246,149.74358333333333,2.8908888888888886,G
COSMOS2015 1053675,149.890875,2.9006666666666665,G
SDSS J142655.07+370005.5,216.72950152558374,37.001553036976944,G
COSMOS2015 1031196,149.812625,2.8685277777777776,G
GAMA 907458,179.9594,-0.6263700000000001,G
VIPERS 118180078,37.984328,-4.715023,G
WiggleZ S15J150327063+03025624,225.8627626,3.048955,G
SDSSCGB 55858.1,200.17341840216,65.40509044006,G
SDSS J011649.11+084426.2,19.204642,8.740629,G
COSMOS2015 1054636,149.81454166666666,2.901222222222222,G
[RTG2015] 3499,53.177546,-27.798778,G
LCRS B003035.7-415411,8.255208333333336,-41.627472222222224,G
SDSS J082835.83+081849.4,127.149307,8.313724999999998,G
SDSS J102924.81+044443.2,157.353409,4.74534,G
NGP9 F322-0117521,193.16225,31.766194444444444,G
SDSS J150538.12+421308.4,226.40888548729916,42.2190386145625,G
SDSS J150559.04+421052.2,226.4960172075721,42.18120311199749,G
SDSS J114250.37+073835.3,175.709892,7.643158999999998,G
[RTG2015] 4815,53.150607,-27.788131,G
2MASX J18123312+3916159,273.13805581776245,39.27094340224944,G
WiggleZ S15J150134939+06291005,225.39557819999996,6.486125,G
2MASX J18584970+6121560,284.7068488308646,61.36544231566222,G
SDSSCGB 46804.2,161.27541250000002,2.8894527777777776,G
WiggleZ R01J010033023+04194073,15.137632100000001,4.327953,G
GOODS J123656.65+622049.2,189.23603583333335,62.34700083333333,G
WiggleZ R01J005836845-00515021,14.653557900000001,-0.8639740000000001,G
SDSS J142149.28+024239.6,215.45535299999997,2.7110130000000003,G
2MASX J18270336+6143220,276.7638277223795,61.72278402433834,G
SDSS J151904.88+045549.4,229.770365,4.930401,G
WISE J180710.67+594458.0,271.79448217111,59.749474429382495,G
SDSS J205500.01-063835.2,313.75012056768,-6.64316321635,G
SDSS J152737.14+460409.8,231.90474461526455,46.069382693567775,G
COSMOS2015 256148,149.52999999999997,1.6726944444444443,G
SDSS J150801.09+413111.4,227.00455849097452,41.5198302619339,G
2dFGRS TGS433Z162,1.514541666666667,-31.776083333333332,G
SDSSCGB 12164.4,151.49662500000002,34.12556666666668,G
WiggleZ R01J005812739-01264731,14.553118,-1.4465039999999998,G
2dFGRS TGN159Z231,158.62229166666668,-4.191138888888889,G
2MASX J00234038-2431450,5.918315198599584,-24.528974313151938,G
COSMOS2015 1057701,149.73245833333334,2.9065,G
2MASX J18214854+4353046,275.45214705355545,43.88473678504945,G
NGP9 F378-0536920,191.47458333333333,21.916944444444447,G
SDSS J151634.09+444704.7,229.14206451549205,44.784644751736394,G
WiggleZ R01J005956604+04372881,14.985886099999998,4.6246410000000004,G
SDSS J142209.92+372933.2,215.54132211654127,37.49255827882389,G
SDSS J222944.22+181417.6,337.434264,18.238233,G
WiggleZ R01J005931422-02203749,14.880962499999999,-2.343775,G
WiggleZ S15J150354447+05280016,225.9768641,5.466709999999999,G
COSMOS2015 1020738,149.84620833333332,2.8521944444444443,G
LEDA 1956201,357.91420146142,31.623650225980004,G
COSMOS2015 1047461,149.80583333333334,2.8929444444444448,G
COSMOS2015 245654,149.97858333333335,1.6561388888888888,G
LEDA  780318,198.9475,-25.316666666666666,G
2dFGRS TGS554Z016,3.49625,-35.230000000000004,G
LEDA  738086,28.518891231959167,-28.735834241412228,G
2MASX J22393868-4518100,339.91132787579,-45.30287177435,G
SDSS J160025.22+451157.9,240.10509393305415,45.19943018430722,G
COSMOS2015 1048733,149.776,2.8921111111111113,G
LCRS B002127.4-394323,5.98225,-39.445972222222224,G
LEDA 1017853,197.64458333333332,-7.505277777777778,G
SDSS J012602.39+004138.5,21.509963,0.6940549999999999,G
2dFGRS TGS360Z008,3.4508333333333336,-30.516111111111112,G
WISE J192421.65+455413.2,291.0902647954408,45.90372215151667,G
SDSS J080437.15+160825.6,121.15482299999998,16.140461,G
COSMOS2015 300785,149.53733333333335,1.7433611111111111,G
GAMA J092417.17-004614.2,141.07156,-0.7706300000000001,G
WiggleZ R01J005956331-00394687,14.984750400000001,-0.663047,G
SDSS J155606.88+455542.4,239.02868803157043,45.92843394127416,G
LEDA 1892603,199.04333333333335,30.159444444444443,G
SDSS J101403.66+112729.5,153.515251,11.458222,G
WiggleZ R01J005848711-02434791,14.702998,-2.7300039999999997,G
2MASX J18055689+6135225,271.4870100357541,61.589607792118336,G
SDSSCGB 29891.5,174.4961,54.84046666666666,G
WiggleZ R01J005929092-00313572,14.871252899999995,-0.526618,G
SDSS J140201.48+332240.8,210.50620008063828,33.378030896974444,G
COSMOS2015 1019369,149.8780833333333,2.8531944444444446,G
SDSS J154558.67+463131.4,236.4944726410933,46.52539244168666,G
LCRS B003400.4-394315,9.107375,-39.445722222222216,G
WiggleZ S15J152017976+06321799,230.0749017,6.538330000000001,G
GAMA 936893,140.98269,0.7254299999999999,G
SDSS J130746.37+234718.5,196.94323502609,23.78849460484,G
SDSS J093255.84+204932.8,143.2327,20.825798,G
COSMOS2015 1030626,149.74883333333332,2.86825,G
LEDA 1357713,33.46333333333333,8.999722222222221,G
SDSS J160258.40+462227.9,240.74334407390046,46.37442802316945,G
COSMOS2015 1055025,149.79716666666667,2.901944444444444,G
GAMA 4343137,141.1307,-0.10763000000000002,G
WISE J190354.60+544919.4,285.9775466077329,54.82203252568084,G
LEDA 1990073,0.06666666666666667,32.29333333333333,G
GAMA 854627,140.85975,1.28683,G
SDSS J154331.01+451711.1,235.87920844021585,45.28642105597444,G
GAMA J092428.72-003119.1,141.11965,-0.5219800000000001,G
SDSSCGB 50296.1,230.35130519132994,24.14439080868,G
[AMA2008] A1878 J141255.45+291304.3,213.23104166666664,29.217861111111112,G
WISE J004637.47-220446.2,11.656197842854581,-22.079618833008055,G
GAMA 3492780,139.6693,3.02799,G
SDSS J085220.84+070759.1,133.086874,7.133087,G
COSMOS2015 1056348,149.80670833333332,2.9045277777777776,G
COSMOS2015 1018302,149.84841666666665,2.8503333333333334,G
LEDA 1492138,355.14166666666665,15.737499999999999,G
SDSS J094842.62+063316.9,147.177623,6.554720999999999,G
SDSS J082017.04+152312.6,125.071003,15.386835000000005,G
WISE J184337.68+453352.7,280.9070573596387,45.56463263716944,G
COSMOS2015 248545,150.10333333333332,1.6619166666666667,G
WISE J063609.77-733419.5,99.04059968474292,-73.57202614380861,G
SDSS J090023.26+042831.7,135.096954,4.475478,G
SDSS J022151.53-083457.3,35.464725,-8.582602,G
2dFGRS TGS179Z112,336.03212499999995,-28.02508333333333,G
VIPERS 127027937,38.161099,-4.563134,G
SDSS J151934.13+461624.6,229.89218881972374,46.27350460589223,G
SWIRE J033138.15-282038.3,52.90895833333333,-28.343999999999998,G
WISE J190319.45+584543.3,285.8311161129005,58.76206532051333,G
SDSS J151852.71+434947.3,229.7196583801542,43.82980264516556,G
SDSS J080444.99+065059.6,121.18747000000002,6.8499,G
SDSSCGB 33516.4,141.418625,32.22678611111111,G
SDSS J142232.36+364536.2,215.6348799188275,36.760070019733895,G
SDSS J003043.57+011343.1,7.681561999999999,1.228645,G
SDSSCGB 70949.1,122.02929680294999,32.1723826065,G
LEDA  811065,20.874583333333334,-22.638055555555557,G
2dFGRS TGS438Z086,5.975,-32.37027777777778,G
COSMOS2015 1043734,149.82008333333332,2.886527777777778,G
WiggleZ S15J151633902+06482948,229.14125859999996,6.80819,G
WISE J192828.74+475217.3,292.1198168838962,47.87148311859638,G
LEDA 1180038,205.73749999999998,0.951111111111111,G
2MASX J18441711+5646413,281.07112880875087,56.77819927620388,G
SDSS J155014.34-005346.8,237.55977499999995,-0.8963440000000003,G
COSMOS2015 1030169,149.75574999999998,2.867805555555556,G
2MASX J18473899+4854299,281.912395631495,48.90846506028777,G
GAMA 4293923,140.66838,0.4893499999999999,G
LCRS B000043.6-420615,0.8203333333333334,-41.82591666666667,G
COSMOS2015 1031020,149.78987499999997,2.865138888888889,G
WiggleZ R01J005856743+01391994,14.736464500000002,1.6555119999999997,G
SDSS J094330.47+024855.5,145.87696492331,2.81544487084,G
SDSS J160455.55+474046.1,241.23149547826625,47.67949777228139,G
SDSS J095000.04-010102.5,147.500187,-1.017373,G
LEDA 1036894,197.5209583333333,-6.088638888888888,G
SDSSCGB 387.4,244.61427234114004,9.215893223560002,G
WISE J181329.08+535046.5,273.37115649523037,53.84626405309278,G
LEDA 1577929,215.53418491282997,19.021194353550005,G
SDSS J094516.59+240953.2,146.319152,24.164784999999995,G
WiggleZ R01J005829410-02455602,14.6225785,-2.7655889999999994,G
LCRS B011258.6-391636,18.813208333333336,-39.012638888888894,G
COSMOS2015 248547,150.09995833333335,1.6604999999999999,G
SDSS J092002.86+310941.1,140.011946,31.16142899999999,G
COSMOS2015 1023944,149.81008333333332,2.859388888888889,G
COSMOS2015 1017557,149.81091666666666,2.8498055555555557,G
SDSS J160210.53+470906.7,240.54392807439586,47.151851699301936,G
SDSSCGB 70817.2,215.07289999999998,61.41111111111111,G
2MFGC 14233,272.59982499999995,1.4123444444444444,G
2MFGC 12490,232.26212916666668,-81.8653861111111,G
SDSS J151131.57+415150.4,227.88153799531293,41.863991030301946,G
WiggleZ S15J150230930+03523656,225.62887449999997,3.876823000000001,G
WISE J042724.07-262053.8,66.85030404912709,-26.34831419847972,G
6dFGS gJ022748.3-253136,36.951404543669994,-25.52654957155,G
COSMOS2015 1054898,149.84733333333332,2.902472222222222,G
VIPERS 119042296,30.446425,-4.492292,G
LEDA 3403002,123.189484,35.846012,G
SDSSCGB 7728.1,145.01330920393,18.559327698480004,G
COSMOS2015 254435,149.45216666666667,1.6681111111111109,G
SDSSCGB 5467.1,131.32656765324,41.66824062489,G
WiggleZ S15J150354165+06534040,225.9756876,6.8945549999999995,G
LEDA  924046,197.60583333333335,-14.48361111111111,G
2MASX J18425800+4607297,280.74154791808246,46.12484757625389,G
LEDA 3074964,197.79833333333335,-68.68472222222222,G
WISE J182650.26+573232.8,276.7093715479904,57.54250779844472,G
COSMOS2015 1021195,149.80104166666666,2.8520833333333333,G
COSMOS2015 1050407,149.78441666666666,2.8957222222222225,G
SDSS J140805.80+350916.6,212.02418988595872,35.15466272225917,G
2dFGRS TGS858Z059,5.634583333333333,-12.783888888888889,G
COSMOS2015 1035886,149.85341666666665,2.8736944444444448,G
SDSS J212437.23+003324.8,321.155128,0.556906,G
2MASX J19040081+4647026,286.00333255053954,46.784088683541675,G
LEDA 1074416,335.61625000000004,-3.2225,G
WiggleZ R01J005830164-02215389,14.625721,-2.364997,G
WiggleZ S15J150205776+06245932,225.52406559999997,6.416477999999999,G
COSMOS J095932.96+025338.9,149.88733333333332,2.8941388888888886,G
2MASX J19074981+5705152,286.95765275852585,57.087528223323346,G
SDSS J140347.95+352821.9,210.949844471475,35.47275827088167,G
SDSSCGB 37323.3,139.916885,49.07058,G
2dFGRS TGS137Z009,3.30375,-26.13361111111111,G
[RTG2015] 1832,53.138693,-27.808022,G
COSMOS2015 1059106,149.79179166666665,2.9063333333333334,G
COSMOS2015 1035076,149.78008333333332,2.8749166666666666,G
WiggleZ S15J151819914+06091434,229.5829756,6.153981999999999,G
GAMA 210866,139.95087,0.06742,G
WiggleZ S15J150138048+05393063,225.4085337,5.658508,G
SDSS J100655.52+133122.0,151.731348,13.522782,G
WISE J011614.88-494801.8,19.062066237359165,-49.800535688636934,G
COSMOS2015 1031780,149.84783333333334,2.8705555555555557,G
WISE J190409.88+581450.0,286.0411530113179,58.24725101834806,G
LCRS B223928.7-423832,340.596875,-42.38041666666667,G
WiggleZ R01J005827923-03114892,14.616382000000002,-3.1969499999999997,G
WiggleZ R01J005906083-01022820,14.7753835,-1.0411939999999997,G
WiggleZ S15J150352655+02054781,225.96939379999998,2.0966149999999995,G
GAMA 936573,140.05947,0.77482,G
WiggleZ S15J150414306+01165024,226.05961009999996,1.2806210000000002,G
2MFGC 13882,262.2251,31.331680555555558,G
COSMOS2015 1059323,149.7553333333333,2.9074999999999998,G
[RTG2015] 3529,53.191393,-27.798491,G
NGP9 F322-1657432,192.407125,27.203194444444442,G
2dFGRS TGS556Z309,6.035416666666667,-35.263333333333335,G
WiggleZ R01J005814089-00140952,14.5587414,-0.236006,G
SDSSCGB 23199.3,260.41593750000004,38.33911111111111,G
SDSS J095644.57+032643.4,149.185709,3.4453930000000006,G
DEEP2-GRS 32009380,352.55905,0.05989,G
2dFGRS TGN186Z098,189.84675000000001,-3.09675,G
COSMOS2015 1045109,149.85633333333334,2.889222222222222,G
LEDA  578257,9.824,-41.17988888888888,G
2MASX J04422929-2656436,70.62206413602418,-26.94554699223473,G
SDSS J013757.53+032320.9,24.489713,3.389163,G
SDSS J132116.65+110549.8,200.31938999999997,11.097183000000001,G
LEDA 1374784,151.84166666666667,10.113055555555555,G
LEDA  124729,2.14725,-38.23005555555556,G
COSMOS2015 1056497,149.75116666666665,2.9048055555555554,G
COSMOS J095905.02+025245.3,149.77091666666664,2.8792500000000003,G
2dFGRS TGS279Z047,3.029583333333333,-28.270555555555553,G
WiggleZ R01J005753133-01505429,14.471423499999998,-1.8484409999999998,G
WiggleZ R01J005932457+00180772,14.885273399999996,0.302116,G
SDSSCGB 14711.1,226.88212232356,50.55517059425,G
2MASX J19144993+4801057,288.7081430121125,48.01818424812805,G
COSMOS2015 1049459,149.812125,2.894888888888889,G
WISE J064331.32-730132.4,100.88048173221166,-73.02567368913972,G
WISE J181859.59+483755.6,274.7482713175009,48.632072959123064,G
SDSSCGB 43369.2,159.62602499999997,45.8425361111111,G
GOODS J123808.42+621600.4,189.53516125,62.26687638888889,G
SDSS J073906.55+462311.3,114.77729900000001,46.386486,G
SDSS J101947.46+084958.1,154.947772,8.83282,G
WISE J044858.83-245911.8,72.24511880944749,-24.98667282651584,G
SDSS J151732.05+442541.6,229.3835582835396,44.42824968845944,G
WiggleZ R01J005754612-01382498,14.4775885,-1.6403009999999998,G
LEDA 5072715,86.436625,10.770999999999999,G
2dFGRS TGS569Z330,27.552500000000002,-34.68,G
[RTG2015] 3765,53.126558,-27.797628,G
[RTG2015] 1830,53.146056,-27.808098,G
SDSS J094404.61+050906.8,146.019246,5.151895,G
SDSS J105309.91+234926.2,163.291331,23.823965000000005,G
WiggleZ R01J010026338-01242162,15.109776999999998,-1.406033,G
LEDA 1901848,193.62173245437,30.389786790279995,G
LEDA 2347788,218.86136274992998,49.59971890228,G
LEDA 1076264,198.37250000000003,-3.1141666666666667,G
COSMOS2015 1034533,149.878,2.8744166666666664,G
WiggleZ R01J005948101-00154063,14.9504574,-0.261313,G
Gaia DR3 2138890281734444288,295.6227650645558,56.07955233484889,G
SDSS J013316.62-010855.3,23.319278,-1.148719,G
SDSS J212820.99+035343.1,322.08745999999996,3.8953130000000007,G
[RTG2015] 1738,53.159867,-27.808676,G
SDSS J101523.29+124159.3,153.847063,12.699828,G
COSMOS J095901.18+025326.5,149.75491666666665,2.8906944444444442,G
SDSS J140056.90+342856.1,210.2371102266896,34.482278743374174,G
WiggleZ R01J005913060-00322190,14.8044519,-0.539444,G
LEDA  118156,204.40697567947,-3.8787213294800003,G
WISE J044422.50-252758.4,71.09378585877042,-25.466200807550557,G
WISE J185248.50+574251.3,283.20209394415576,57.7142390233275,G
WISE J183338.33+520914.0,278.40975032832125,52.153885418936945,G
COSMOS2015 1022223,149.87729166666665,2.8568888888888893,G
WiggleZ S15J150141066+01341396,225.42110869999996,1.5705439999999997,G
COSMOS2015 1044069,149.8785,2.8874166666666667,G
COSMOS2015 1031784,149.74054166666667,2.869638888888889,G
WISE J044530.88-260950.4,71.37868899573668,-26.16400526415528,G
COSMOS2015 698439,149.55016666666666,2.3589722222222225,G
WiggleZ S15J150349508+05552404,225.9562825,5.923344000000001,G
WiggleZ S15J150441394+05282736,226.1724743,5.474266,G
COSMOS2015 1047888,149.80229166666666,2.89275,G
SDSS J094704.22+010428.8,146.767612,1.074689,G
SDSS J150558.70+411910.8,226.4946070012771,41.31967649702223,G
COSMOS2015 1044912,149.82399999999998,2.8874444444444447,G
LCRS B233602.9-421852,354.67775,-42.03736111111111,G
WiggleZ S15J150451137+06285802,226.2130695,6.482784,G
SDSS J170150.36+240547.8,255.45985058303998,24.09663164891,G
LCRS B000921.8-413333,2.970458333333333,-41.28113888888889,G
WiggleZ R01J010020224-02391981,15.084302500000003,-2.6555299999999993,G
WISE J183634.03+573335.8,279.14182748755036,57.5599555787511,G
WiggleZ R01J010020744+00184537,15.086471400000002,0.312574,G
DEEP2-GRS 14034719,215.67408,53.55436,G
WiggleZ R01J010011860-02474240,15.049454499999998,-2.7951390000000003,G
WiggleZ R01J010011554+01095561,15.048178000000002,1.16542,G
LEDA 1646130,217.95291666666665,21.254166666666666,G
SDSS J102549.63+040300.6,156.45682299999999,4.050184,G
SDSS J154153.93+442937.0,235.47473856706586,44.49359517726055,G
SDSS J155229.80+440308.1,238.12416206973248,44.05223428280611,G
LEDA 3758166,159.29814901967,28.85812522804999,G
LCRS B011059.6-385633,18.31991666666667,-38.67780555555556,G
SDSS J001151.63+002326.6,2.9651290000000006,0.390744,G
GAMA 534662,174.31825,-1.0062,G
[RTG2015] 3610,53.13288,-27.798072,G
SDSSCGB 13703.4,329.9369041666666,11.986319444444442,G
NGP9 F322-0715372,191.72141666666667,29.857305555555556,G
LCRS B010257.8-413314,16.314,-41.28625,G
SDSS J160008.83+461552.0,240.0368478874754,46.264426695133054,G
2MASX J04485755-2408018,72.23975393832124,-24.133758435609444,G
SDSS J153419.65+450439.4,233.58191224703876,45.07762979582083,G
COSMOS2015 1020953,149.880625,2.853777777777778,G
WiggleZ R01J005908069-02162186,14.783657499999997,-2.272766,G
WiggleZ S15J150336812+02290300,225.9033843,2.484166,G
LEDA 3849955,234.17694638137,28.942114824469993,G
SDSS J224649.18+132545.9,341.704942,13.429425,G
WiggleZ R01J005811087-01075081,14.546234500000004,-1.130809,G
LEDA 1629602,9.002558652195,20.519799284285273,G
WiggleZ S15J150342398+05445018,225.92665929999998,5.747272999999999,G
WISE J182507.31+440123.3,276.2804237124783,44.02312592727333,G
SDSS J083314.90+153527.5,128.312111,15.590992000000002,G
VIPERS 111129319,31.767944,-5.003926,G
OGLE 2014-SN-122,39.232958333333336,-72.16677777777778,G
SDSS J080720.29+155713.2,121.834575,15.953685999999998,G
SDSS J154515.36+444802.3,236.31402623386126,44.80065446746083,G
SDSSCGB 7841.3,259.3598333333333,26.074213888888888,G
SDSS J142057.81+433600.9,215.240913,43.600264,G
SDSS J094929.91+191551.0,147.374665,19.264179000000002,G
VIPERS 118147281,38.297379,-4.882239,G
2MASX J18433734+5608250,280.9054033157049,56.14034104959528,G
COSMOS2015 1042720,149.76545833333333,2.8855,G
COSMOS2015 1032127,149.727375,2.871027777777778,G
SDSS J094652.78+014222.1,146.719942,1.706165,G
SDSS J154758.40+452236.0,236.99336084408128,45.37667603765639,G
[RTG2015] 1934,53.149741,-27.807375,G
WiggleZ S15J150205815+04405286,225.5242271,4.68135,G
SDSS J154303.04+452910.1,235.76271694710164,45.486138198875,G
WiggleZ R01J005758827-01154596,14.495148999999996,-1.2627950000000001,G
SDSS J155632.47+442641.3,239.13531901049913,44.44481429306917,G
LEDA 3763857,164.74270706651,24.18585645289,G
LEDA 1044837,197.6095833333333,-5.429444444444445,G
SDSSCGB 28630.2,327.258113,-8.118574,G
WiggleZ R01J005932502-00352393,14.885462399999998,-0.5900079999999999,G
LEDA  870492,197.62333333333333,-18.256666666666668,G
2MFGC 15529,306.87393333333324,-25.22708611111111,G
[RTG2015] 1820,53.175996,-27.808124,G
GSN 178,18.523333333333333,-35.65333333333333,G
SDSS J140346.98+332115.6,210.94576394669085,33.35435076363528,G
LCRS B001519.5-444036,4.452458333333333,-44.39908333333334,G
SDSS J140640.52+423327.0,211.668846,42.557527,G
2dFGRS TGS302Z093,27.648333333333333,-29.168333333333333,G
WiggleZ R01J010003609-01531413,15.015075999999999,-1.8872860000000002,G
[RTG2015] 1939,53.158325,-27.807367,G
2MASX J18430739+6118311,280.78085835651706,61.30852930367444,G
SDSS J085537.24+323436.2,133.905174,32.576749,G
COSMOS2015 1020901,149.82287499999998,2.855111111111111,G
2dFGRS TGS438Z088,5.954999999999999,-32.66833333333333,G
[RTG2015] 1718,53.169096,-27.808788,G
WISE J191232.64+531548.2,288.1360392159662,53.26336761078972,G
COSMOS2015 1054461,149.8612083333333,2.902111111111111,G
LEDA  410399,35.00916666666667,-55.33388888888889,G
WiggleZ R01J005931986-00463998,14.883311400000002,-0.7777989999999999,G
WiggleZ R01J010026829+00090321,15.111824399999998,0.150863,G
VIPERS 121029136,32.745828,-4.556628,G
2MASX J18510008+5513040,282.7501470181204,55.21773826907944,G
COSMOS2015 1040171,149.84029166666664,2.8821111111111115,G
GAMA 927285,174.06773,0.32988,G
SDSS J101828.68+090248.9,154.619531,9.046927,G
WISE J042422.89-263641.8,66.0954253620775,-26.611650682810282,G
SDSS J082550.30+235427.2,126.45962,23.907582,G
WISE J191614.87+541420.8,289.0620416305716,54.23906129153389,G
LEDA  962501,199.05625,-11.7225,G
SWIRE J033233.60-285037.1,53.14004166666667,-28.843638888888886,G
LEDA  921840,355.13659531257,-14.649605935100002,G
WISE J043625.07-245243.0,69.10448668098458,-24.87869236454556,G
LEDA 1890682,168.5314267982,30.110483013850004,G
COSMOS2015 1046824,149.74666666666667,2.891472222222222,G
WiggleZ R01J005951145+00244230,14.963141399999998,0.41172100000000006,G
WiggleZ S15J150322311+05140484,225.8429638,5.234677,G
[IML2013] 149.45023+01.87088,149.45023,1.87088,G
COSMOS2015 263367,150.33903333333336,1.681758333333333,G
WISE J042845.15-255942.3,67.1881575984921,-25.995091066135835,G
COSMOS2015 1019119,149.75541666666663,2.852638888888889,G
SDSS J152804.21+434143.1,232.01757483094877,43.69530364969334,G
SDSSCGB 61129.6,339.8574791666666,-0.016916666666666667,G
[RGD2013] J084229.254+361547.845,130.6218633321,36.26330938001999,G
WiggleZ S15J150329811+01085884,225.8742119,1.149677,G
LCRS B224713.9-413147,342.52408333333335,-41.264694444444444,G
2MASX J18090410+6054523,272.2669256027175,60.91449479760277,G
WISE J181434.11+560247.5,273.64216112105544,56.04651776226693,G
SDSS J090112.62+150613.4,135.302585,15.103728,G
COSMOS2015 1060692,149.77033333333333,2.9107499999999997,G
2dFGRS TGS222Z176,28.50875,-27.114444444444445,G
[RTG2015] 1797,53.169294,-27.808302,G
LCRS B004202.5-382558,11.110166666666666,-38.1595,G
SDSS J101935.46-011243.0,154.897787,-1.211959,G
GAMA 3065374,173.52296,0.7091,G
SDSS J152232.86+430506.2,230.63689607517503,43.08508263091694,G
WiggleZ S15J150227168+04530122,225.61320029999996,4.883672,G
SDSS J010011.85+004217.9,15.049400000000002,0.704975,G
SDSS J015708.12-002925.6,29.283873000000007,-0.4904510000000001,G
SDSS J222004.57+093343.2,335.019043,9.562007,G
LCRS B014349.8-411520,26.491083333333336,-41.00591666666667,G
WISE J044041.24-251157.3,70.17187807063416,-25.199265432232778,G
LCRS B234833.1-383839,357.78875000000005,-38.36611111111111,G
WISE J191012.91+480923.4,287.5537646429975,48.15646944145416,G
VIPERS 115168360,35.759936,-4.816103,G
COSMOS2015 1041613,149.85004166666664,2.8842222222222222,G
WiggleZ R01J010016673+03531902,15.069507999999999,3.888590000000001,G
[ECD2009] 52.48321-28.43203,52.48320833333334,-28.43202777777778,G
COSMOS2015 377504,149.35652,1.8627500000000001,G
COSMOS2015 1025789,149.88575,2.862138888888889,G
COSMOS2015 1058152,149.84145833333332,2.907166666666667,G
2MASX J18303242+5159350,277.63526623714415,51.99298684407917,G
COSMOS2015 1023121,149.75949999999997,2.8583611111111114,G
LEDA  858627,14.26125,-19.192222222222224,G
WISE J182839.39+462105.3,277.16417277036203,46.35149736517222,G
COSMOS2015 246627,149.45729166666663,1.6575833333333334,G
LCRS B002006.4-382359,5.646587819730835,-38.12268186251056,G
WiggleZ S15J150159431+06021943,225.49762779999998,6.038730999999999,G
COSMOS2015 1030173,149.88966666666667,2.867027777777778,G
2dFGRS TGS520Z351,40.745958333333334,-34.15163888888889,G
SDSS J085830.17+141435.5,134.625727,14.243212000000002,G
WISE J043925.26-261709.1,69.85531879341917,-26.285864028033615,G
WISE J182853.33+540234.1,277.22219750538534,54.0428179224586,G
WISE J182807.81+572900.0,277.03295019955124,57.483510181060836,G
WISE J011029.70-502145.7,17.62382318377708,-50.36270574443277,G
2MASX J18435365+4533186,280.9733736708429,45.55533381428999,G
WISE J182937.91+561722.4,277.40794376930955,56.28959469051277,G
SDSS J031624.56+421219.9,49.102360999999995,42.205531,G
VIPERS 114198983,34.11484,-4.803199,G
SDSS J140637.31+030616.3,211.655461,3.104552,G
LCRS B020829.2-390046,32.64233333333333,-38.777861111111115,G
LEDA 2353407,188.12874999999997,49.786944444444444,G
SDSS J160121.97+455118.5,240.34155721860165,45.855149920005,G
WISE J182214.35+451311.0,275.55974757565247,45.21967735365417,G
LEDA 2630579,199.07727584427835,62.102796941429446,G
SDSS J154857.72+441857.3,237.2405294907642,44.31591958079333,G
SDSS J022514.72-090813.5,36.311359,-9.137091,G
COSMOS2015 300979,149.52654166666667,1.7444166666666667,G
GAMA 4343046,141.021,-0.11673,G
COSMOS2015 1024962,149.7365,2.8608333333333333,G
LEDA 1798341,243.31056441674997,27.12034025714,G
Anon J105229+5739,163.124467,57.662308,G
WiggleZ S15J150237543+06120728,225.6564278,6.202021,G
WiggleZ R01J005752236-01173374,14.467685499999998,-1.2927330000000006,G
SDSS J154407.53+460840.1,236.03139272903874,46.14448831693028,G
SDSS J135227.99+432306.2,208.11665899999997,43.385074,G
SDSS J094147.29+053043.4,145.447044,5.512076,G
COSMOS2015 694447,149.6155,2.353111111111111,G
COSMOS2015 1048403,149.7508333333333,2.8922777777777777,G
WiggleZ S15J150417342+05110919,226.07225929999998,5.185886,G
WISE J044713.18-244621.5,71.80490688721916,-24.772631897124718,G
SDSS J233631.72+000252.4,354.1322416666667,0.047920000000000004,G
NGVS J122959.81+123812.5,187.49919969999996,12.636819099999999,G
COSMOS2015 1020304,149.73441666666668,2.8541111111111115,G
LEDA 3371343,341.49973029267,-9.12642646418,G
WiggleZ R01J005824863+01043796,14.603631999999996,1.077183,G
SDSS J020453.26+044145.1,31.221944000000008,4.695875999999999,G
[RGD2013] J115631.322+332440.710,179.13052848081,33.41129182813,G
2dFGRS TGS362Z011,6.193333333333333,-29.976666666666667,G
LEDA 2051164,202.80232858667998,34.56664585153,G
SDSS J152752.49+443724.0,231.9687462048546,44.62335471039777,G
WiggleZ R01J010032525+00143860,15.1355559,0.24402799999999997,G
COSMOS J095907.56+025425.4,149.78149999999997,2.9070555555555555,G
SDSS J031616.68+421214.8,49.069509,42.204123,G
COSMOS2015 1041300,149.8465,2.8828888888888886,G
COSMOS2015 258460,149.71866666666668,1.676722222222222,G
COSMOS2015 1046409,149.81820833333333,2.888361111111111,G
LEDA 2382371,180.41958333333335,50.80138888888889,G
COSMOS2015 1032609,149.89225,2.87175,G
2MASX J18045692+5750235,271.23697083595914,57.84003767486277,G
COSMOS2015 1041254,149.87129166666668,2.883,G
SDSS J013050.74+001541.9,22.711422999999996,0.26164999999999994,G
WISE J190751.21+555413.6,286.9632723367592,55.90374125377,G
GAMA 3355743,141.04562,0.91314,G
WiggleZ S15J150344553-01121123,225.93563849999998,-1.203118,G
LCRS B123522.5-114842,189.494125,-12.086611111111111,G
SDSS J102541.52+164225.8,156.423029,16.707181,G
2dFGRS TGN152Z266,148.19491666666667,-3.773138888888889,G
LEDA  986427,21.205067147619996,-9.787567228709998,G
COSMOS 3111999,149.823625,2.9,G
2MASX J07191690-7038534,109.82042973880043,-70.64831199284473,G
SDSS J150551.63+412908.9,226.4651403047592,41.4857909979039,G
COSMOS2015 1018703,149.87429166666666,2.8521111111111113,G
COSMOS2015 1031256,149.8758333333333,2.8693333333333335,G
WISE J185456.22+615753.0,283.7342418390995,61.96471572180056,G
SDSS J234501.22+041337.2,356.25510699999995,4.227021,G
WiggleZ S15J150314088+03292534,225.80870089999996,3.490373,G
WiggleZ R01J010013227+00245387,15.0551484,0.41493499999999994,G
COSMOS2015 1031364,149.73841666666667,2.8691388888888887,G
WISE J044628.05-244020.2,71.61691427568041,-24.672309552260838,G
SDSS J154530.94+440303.8,236.3789148365271,44.051063968520005,G
COSMOS2015 1058073,149.88916666666668,2.906722222222222,G
VIPERS 111154295,31.95345,-4.881678,G
WiggleZ S15J150323567+05064554,225.8481962,5.11265,G
WISE J182643.34+612217.8,276.68054275992495,61.37161184768527,G
WiggleZ R01J005951870+02040405,14.966163999999996,2.067763,G
2MASX J18391811+5732414,279.825586741582,57.544809131718885,G
WiggleZ S15J150240745+01305600,225.66977239999997,1.5155560000000003,G
SDSS J095057.03+060433.3,147.73764,6.075928000000001,G
2dFGRS TGS456Z191,28.04125,-31.609722222222224,G
LEDA  411384,33.86208333333333,-55.23388888888889,G
NGP9 F322-0112756,192.19295833333334,31.835916666666666,G
2dFGRS TGS222Z068,27.809583333333336,-27.93138888888889,G
LEDA 1273122,131.2266587378,4.776263013290001,G
WISE J044946.67-243355.3,72.44443863336542,-24.565376561905005,G
[RTG2015] 3691,53.163872,-27.79782,G
NGP9 F322-1906543,191.4045,26.46011111111111,G
LCRS B233627.6-382151,354.7762066617133,-38.08722446423056,G
WISE J190339.14+473338.6,285.9132150874921,47.56075935301722,G
NGVS J123749.09+052623.8,189.45455049999998,5.439947699999999,G
[MBR2003] CDFS-H 1344,53.31175,-27.695788888888888,G
WiggleZ R01J005819206+03374741,14.580064000000002,3.629808,G
SDSS J155141.49+465752.0,237.9228621631483,46.96444989591917,G
EGSIRAC J141656.24+523043.1,214.23445262500002,52.51194197222221,G
SDSS J092329.18+055459.1,140.871616,5.916419,G
WiggleZ S15J151104785+03231536,227.76993569999996,3.387601,G
COSMOS2015 254303,149.47975,1.6683333333333332,G
COSMOS2015 1017826,149.84495833333332,2.8487500000000003,G
SDSS J154337.95+440322.8,235.90812882590416,44.056345461879715,G
WiggleZ S15J150252864+06424296,225.72026869999996,6.711934,G
COSMOS2015 300442,149.625,1.7440000000000002,G
DEEP2-GRS 32030620,352.6376,0.32974,G
COSMOS J095919.89+025343.3,149.832875,2.8953611111111113,G
WISE J184013.23+574232.6,280.05511536885956,57.70904598903278,G
GAMA 624045,141.42366,0.74755,G
2dFGRS TGS187Z215,347.2926861021899,-27.077784579850004,G
LEDA 2752814,197.54625,72.97638888888889,G
GOODS J123739.51+621546.7,189.4146775,62.26308083333333,G
SDSS J152331.75+462311.8,230.88229105388206,46.38660624330944,G
LEDA 3570863,246.8715976157116,30.25370424716806,G
COSMOS2015 1052250,149.82399999999998,2.8983333333333334,G
LEDA 1055575,307.91625,-4.6288888888888895,G
2dFGRS TGS363Z172,5.628749999999999,-29.984722222222224,G
LCRS B235941.7-413515,0.5636666666666666,-41.30913888888889,G
WiggleZ S15J150338940+01444025,225.9122519,1.7445140000000001,G
[RTG2015] 3774,53.185794,-27.797583,G
SDSS J003403.28+172209.6,8.513673,17.369333999999995,G
WISE J044050.26-260713.4,70.20944494451834,-26.120437660530285,G
WiggleZ S15J150135646+03191023,225.39852639999998,3.319508,G
[TYZ2012] II  71,13.813958333333332,-0.9166388888888888,G
NGP9 F378-0572715,193.09270833333332,21.656694444444444,G
WiggleZ R01J005848531-02124506,14.702247999999997,-2.212544,G
WiggleZ R01J005801816+05082809,14.507602100000001,5.141109000000001,G
WiggleZ S15J150139933+05423229,225.4163866,5.7089680000000005,G
WiggleZ R01J005836165-02372636,14.650726,-2.6240179999999995,G
LCRS B234558.2-444702,357.1486666666667,-44.50588888888889,G
LEDA  628957,33.41375,-37.059444444444445,G
2MASX J07353638-6844286,113.90201944680125,-68.74125988338666,G
COSMOS2015 1043636,149.746375,2.887027777777778,G
WiggleZ S15J150439998+05181424,226.16665979999996,5.303955000000001,G
WISE J182407.99+460723.5,276.0333229523528,46.12321492118333,G
2MASX J00580853-5053507,14.535540811567081,-50.89730274802583,G
WiggleZ R01J005834779-01284427,14.644949500000003,-1.478991,G
WiggleZ R01J010008666-03165183,15.036144999999998,-3.281091,G
[MWC2015] MG J1654+1346 15179,253.63451,13.80014,G
SDSS J094319.20+204711.6,145.830041,20.786557,G
COSMOS2015 255788,149.62624999999997,1.6688333333333332,G
2dFGRS TGS512Z218,28.537499999999998,-33.113055555555555,G
WISE J180340.45+540955.5,270.91854694679876,54.16541993126666,G
LEDA  108220,11.8095,-39.13827777777777,G
[RTG2015] 3746,53.12566,-27.797727,G
COSMOS2015 1041416,149.74691666666666,2.8830555555555555,G
COSMOS2015 301906,150.29883333333333,1.7465555555555556,G
WISE J044502.89-253040.8,71.26206003200458,-25.511316168653618,G
SDSS J154852.29+192329.7,237.21788399999997,19.391599,G
COSMOS2015 1047070,149.87775,2.891888888888889,G
SDSSCGB 2533.1,202.33003555503998,-0.32940473093,G
NGVS J124343.16+102551.4,190.92984179999996,10.430945099999999,G
WiggleZ R01J005834978-01330400,14.645777500000001,-1.5511399999999997,G
COSMOS2015 1032249,149.87124999999997,2.871055555555556,G
SDSS J151826.26+411610.7,229.60944120348037,41.26965504579111,G
2dFGRS TGS360Z061,3.0212499999999998,-30.78611111111111,G
[RTG2015] 1771,53.166868,-27.808413,G
WiggleZ R01J005950712+01074396,14.961338500000004,1.128851,G
WISE J190107.02+530336.7,285.2792812179438,53.06018693501471,G
WISE J184020.23+620926.5,280.0843383038979,62.157339585031956,G
WiggleZ S15J150243757+06303066,225.68232249999997,6.508517,G
WiggleZ R01J005836213-01065760,14.650924,-1.116027,G
[RTG2015] 4757,53.204316,-27.787893,G
VIPERS 111190213,31.665305,-4.713381,G
LEDA 1646753,230.27638429343003,21.28067975937,G
SDSSCGB 46055.1,225.29567557637998,56.27046283296001,G
SDSS J073140.45+393924.3,112.918562,39.65676,G
COSMOS J100021.82+022918.3,150.09091666666666,2.4884166666666667,G
SDSSCGB 6416.3,342.51721067483,14.618319388929999,G
LEDA 2196753,102.88041666666666,42.330000000000005,G
SDSS J151900.12+045755.4,229.750534,4.965395,G
2dFGRS TGN152Z268,148.19045833333334,-4.429638888888889,G
WiggleZ R01J010007046-00202556,15.029393399999996,-0.34046199999999993,G
WISE J192851.87+523605.7,292.21609335641415,52.601579759349725,G
SDSS J145022.57+030853.9,222.594061,3.148324,G
COSMOS2015 1020502,149.76458333333332,2.850611111111111,G
SDSS J152241.34+421923.4,230.67226462418915,42.323173100943606,G
SDSS J151123.23+404640.3,227.8468354403646,40.777874419762774,G
LEDA   91213,189.04,48.82083333333334,G
WiggleZ S15J150451387+01052990,226.2141108,1.091638,G
WISE J000352.01-563722.5,0.9667574458670832,-56.62295894556195,G
WiggleZ S15J150440886+02390641,226.17035739999997,2.6517819999999994,G
WISE J181421.02+485231.0,273.58758460278915,48.875253426476945,G
COSMOS2015 1029652,149.80870833333336,2.8668333333333336,G
COSMOS J100254.78+014049.1,150.72825,1.6803055555555553,G
COSMOS2015 1051517,149.83904166666667,2.89825,G
SDSS J001402.56-001017.8,3.5106810000000004,-0.171614,G
LEDA 2542864,197.60166666666666,56.63055555555555,G
COSMOS2015 1039444,149.8305,2.8814722222222224,G
WISE J181000.46+474654.2,272.5019162669112,47.781732506751666,G
WiggleZ S15J150225524+01072590,225.606349,1.1238600000000003,G
WiggleZ S15J150156765+06223176,225.48652129999996,6.37549,G
SDSSCGB 33123.2,205.2538125,27.12226111111111,G
WiggleZ S15J150315805+05415914,225.81585599999997,5.699761,G
WiggleZ R01J005817446+01051970,14.572730500000006,1.088778,G
COSMOS2015 1018154,149.80395833333333,2.8515,G
LEDA 1627648,174.80458333333334,20.448888888888888,G
GAMA 3168972,173.67064,1.23783,G
COSMOS2015 1044966,149.79112499999997,2.888333333333333,G
WiggleZ R01J005800124-00501164,14.500551900000001,-0.836595,G
LCRS B000352.0-443605,1.6015000000000001,-44.323055555555555,G
WISE J180846.07+573955.5,272.1918242984225,57.66553606736028,G
COSMOS2015 1049863,149.79475,2.895638888888889,G
WiggleZ S15J150225112+05015701,225.6046332,5.032503000000001,G
LEDA 1053352,184.81,-4.796111111111111,G
WiggleZ R01J005858921-01255014,14.745539500000001,-1.4306219999999998,G
SDSSCGB 27004.3,140.46804166666666,6.0261,G
COSMOS2015 1019283,149.7818333333333,2.8531666666666666,G
2MASX J00302282-2255237,7.595157212614165,-22.923178165660552,G
WISE J180807.98+585213.4,272.0333359888508,58.87038515526835,G
WISE J182928.09+454336.9,277.36709301008545,45.726902609547786,G
SDSS J230204.17+241756.7,345.517395,24.299102,G
SDSS J082101.31+232107.6,125.255466,23.352116,G
LEDA 1043929,164.50583333333333,-5.5008333333333335,G
2MFGC 13995,265.75064166666664,3.547211111111111,G
SDSS J160044.91+462115.8,240.187158567167,46.35438573045667,G
COSMOS2015 1054694,149.85445833333333,2.9022777777777775,G
SDSS J094907.19+023037.7,147.279994,2.5104870000000004,G
GAMA 916286,140.42123,-0.12746,G
2dFGRS TGS363Z260,5.587916666666667,-31.0675,G
COSMOS2015 1043536,149.78691666666666,2.8835,G
2MASX J18004676+5420256,270.19476104657576,54.34032408817195,G
WISE J182830.20+472750.9,277.12587241794705,47.464137676369724,G
COSMOS2015 1058508,149.72879166666667,2.9067777777777777,G
SDSS J142630.57+382201.4,216.62743689009167,38.36708231533277,G
WiggleZ S15J150335429+02444420,225.8976226,2.7456110000000007,G
SDSSCGB 48069.3,155.07772500000002,31.23078888888889,G
COSMOS2015 1017661,149.8175,2.85025,G
WISE J190207.76+604056.6,285.53233521557706,60.68239476594584,G
LCRS B235904.0-390310,0.40741666666666665,-38.77433333333333,G
WiggleZ R01J005759678-02330420,14.498695000000003,-2.5511949999999994,G
[GDW2019] J137.38420860+51.50386479,137.3842086,51.50386479,G
SDSS J100752.89+075143.1,151.970409,7.861995999999998,G
2MASX J18524279+5320416,283.1785213345192,53.34493086172139,G
COSMOS2015 1055116,149.85879166666666,2.903111111111111,G
GAMA 772465,174.19266,0.9564300000000002,G
COSMOS2015 1049499,149.77595833333334,2.8950833333333335,G
SDSS J101709.83+102409.7,154.290982,10.402696999999998,G
COSMOS2015 1018243,149.827625,2.850777777777778,G
COSMOS2015 381374,150.44268,1.86866,G
LEDA 2060665,229.34541666666664,35.18138888888889,G
SDSSCGB 33155.1,174.06447080893,33.292605993920006,G
NGP9 F268-0375636,190.81504166666667,37.05477777777777,G
[RTG2015] 3582,53.130399,-27.798391,G
VIPERS 127032892,38.162336,-4.539388,G
WiggleZ R01J005957112+04505235,14.9880041,4.847847000000001,G
SDSS J100800.35+081305.4,152.001463,8.218175,G
2dFGRS TGS125Z157,347.52945928806,-25.47475212747,G
SDSS J140947.79+344701.0,212.4491564724921,34.783644351082216,G
2dFGRS TGS323Z281,53.2665,-29.078611111111112,G
WISE J044554.86-251820.2,71.47854719719957,-25.30562987470278,G
COSMOS J095916.64+025129.5,149.81933333333333,2.8581944444444445,G
LEDA 1939759,249.21048311570289,31.277760636232774,G
NGVS J121048.93+121218.4,182.70389539999996,12.205105900000001,G
COSMOS2015 1016469,149.87304166666667,2.8487777777777783,G
ShaSS 418026889,200.1174491,-31.6132672,G
WiggleZ S15J150400212+04053554,226.00088439999996,4.0932070000000005,G
SDSS J151628.28+441717.8,229.11785263942582,44.28828440956416,G
COSMOS2015 1035636,149.88054166666666,2.8760000000000003,G
SDSS J085201.87+231135.8,133.007792,23.19328,G
COSMOS2015 1017056,149.76875,2.849027777777778,G
[RTG2015] 1671,53.184066,-27.809052,G
WiggleZ R01J005804119-03053138,14.517199,-3.092078,G
GAMA 205288,141.29926,-0.36969,G
[RTG2015] 1809,53.142328,-27.808253,G
WiggleZ S15J150307719+05454858,225.7821615,5.763495,G
LCRS B011207.2-383030,18.601625000000002,-38.24413888888889,G
WISE J184109.78+424805.7,280.2907963002021,42.80161216644667,G
WISE J042857.88-263950.9,67.24120945416625,-26.664153735887496,G
WiggleZ S15J150144086-00055466,225.43368989999996,-0.09851700000000001,G
2MASX J20155666+0704552,303.98612659896,7.081997224499999,G
2dFGRS TGS202Z180,3.3008333333333333,-27.192777777777778,G
2dFGRS TGS507Z342,21.987166666666663,-34.111222222222224,G
SDSSCGB 42165.2,174.982604,49.659867000000006,G
WiggleZ R01J005950951-00375645,14.962334400000001,-0.6323740000000001,G
LEDA  654455,197.53583333333333,-35.01361111111111,G
COSMOS2015 1015782,149.89120833333334,2.848055555555556,G
2MFGC 14643,283.42975,-53.31240555555555,G
LEDA 3558724,211.70882683393998,55.55094248071,G
COSMOS2015 1037337,149.8383333333333,2.8771666666666667,G
LEDA 2159690,228.65208333333334,40.04416666666666,G
2MASX J18383287+5032489,279.63720581382125,50.54693941730221,G
SDSS J000534.33+043608.8,1.3930690000000001,4.602445,G
2MFGC 17669,353.20239166666664,23.532419444444443,G
WiggleZ S15J150307736+05341107,225.7822323,5.569742999999999,G
SDSSCGB 59556.2,130.75882083333335,3.821325,G
GMP 5859,193.91500000000002,29.193333333333335,G
LEDA 2072276,153.56371135657,35.93530735323,G
WiggleZ S15J150214669+06090712,225.56112239999996,6.151979,G
SDSS J150545.68+413159.3,226.44034948020666,41.533152690013615,G
LCRS B230434.9-382310,346.83770833333335,-38.11536111111111,G
WiggleZ R01J010016989+00565316,15.070826399999998,0.948073,G
SDSS J100319.89+010136.4,150.832911,1.0267929999999998,G
WiggleZ R01J005844644-03015486,14.686052500000004,-3.031933,G
WISE J160318.17+461143.1,240.8257003703383,46.195291325362774,G
COSMOS2015 1058139,149.82808333333332,2.907166666666667,G
WiggleZ S15J150253199+06135895,225.72166449999997,6.233042,G
2MFGC 14034,266.8111875,6.438805555555556,G
2MFGC 16944,337.29045221207,-20.788206045279995,G
SWIRE J033455.43-281515.8,53.73094990574,-28.254373979130005,G
SDSS J155144.63+454037.4,237.93598452147916,45.6770606926425,G
COSMOS2015 1024117,149.88808333333333,2.859638888888889,G
WiggleZ R01J010009753-03292971,15.040674999999997,-3.491614,G
COSMOS J095916.13+025217.0,149.81720833333333,2.8713888888888888,G
WiggleZ S15J150346467+05135388,225.94361129999996,5.231633,G
WiggleZ S15J150417692+03074167,226.073717,3.128241,G
2dFGRS TGS437Z086,6.0649999999999995,-31.860277777777778,G
2dFGRS TGS456Z095,27.729166666666668,-32.461111111111116,G
LEDA  107383,351.527875,-39.013666666666666,G
[SAB2013] SDSS J2222+2745 source a,335.53575,27.756861111111114,G
WISE J183113.07+463804.1,277.8045129345928,46.63447561241277,G
WiggleZ R01J010039579-02070217,15.164948499999998,-2.1172970000000007,G
SDSS J115907.39-000123.0,179.78081552151,-0.02303678412,G
COSMOS2015 1050258,149.85120833333332,2.896277777777778,G
2dFGRS TGS548Z232,359.13412500000004,-34.953611111111115,G
SDSS J215755.18+173837.6,329.479937,17.643804,G
WISE J182931.13+511252.4,277.37973041237785,51.21454693953556,G
GOODS J123736.05+621610.2,189.40022708333333,62.269595555555554,G
SDSS J031621.38+410304.3,49.089123,41.051213,G
COSMOS2015 1060693,149.86804166666664,2.906555555555556,G
LEDA 1910112,168.79124926457,30.5979928675,G
WISE J184053.27+541006.0,280.2219525359234,54.16830888342389,G
WiggleZ S15J150233157+06461315,225.63815299999996,6.770321000000001,G
LEDA  712062,28.02541666666667,-30.861944444444447,G
LEDA  107190,347.0537083333333,-40.98458333333333,G
WiggleZ R01J010007214+04303316,15.030094100000005,4.509184,G
COSMOS2015 1049806,149.82099999999997,2.8955,G
6dFGS gJ221501.9-270608,333.75775,-27.102191666666666,G
LCRS B124310.2-122810,191.445375,-12.742833333333332,G
2MASX J00585974-2302555,14.748943105151254,-23.04877609777806,G
WISE J181747.93+492028.0,274.44970024885254,49.34110118750028,G
2MASX J19473385-0112230,296.89115057308993,-1.20646315244,G
WISE J190704.42+562448.5,286.76841340983873,56.413470565358054,G
WISE J202817.63+534905.1,307.0735673495458,53.81807801068751,G
SDSS J152639.29+451757.9,231.66375474572916,45.29942828827111,G
GOODS J123622.52+620838.2,189.09382083333333,62.14394055555555,G
WISE J070236.25-711811.2,105.65102007976584,-71.30311912185334,G
WiggleZ S15J150416803+06280548,226.0700116,6.46819,G
2MASX J18461162+4516527,281.54856336483624,45.28141239203473,G
SDSS J095013.78+073503.2,147.557456,7.584225000000001,G
LEDA  922972,199.95208333333335,-14.564444444444446,G
WISE J183346.14+544250.1,278.44228074333046,54.71398114176833,G
COSMOS J095921.82+025349.5,149.84091666666666,2.8970833333333332,G
WISE J180550.66+611608.9,271.46109146947083,61.269155451116106,G
COSMOS2015 1051092,149.87675,2.896472222222222,G
COSMOS2015 299398,150.6747083333333,1.7421666666666666,G
WiggleZ R01J005852123-00321866,14.717216400000002,-0.538546,G
SDSS J082600.00+175111.6,126.500015,17.853237000000004,G
2dFGRS TGN094Z309,150.55166666666668,-4.726166666666667,G
GOODS J123604.14+621424.8,189.01720708333335,62.2403275,G
LEDA 2488575,123.06485489239292,55.04000995340805,G
LCRS B234603.0-384931,357.16558333333336,-38.54722222222222,G
SDSS J225132.60+200632.4,342.885862,20.109021999999996,G
SDSS J215351.49+030604.2,328.464543,3.1011700000000006,G
2MASX J18213114+5210161,275.3796592540396,52.171257238390275,G
LCRS B015325.9-393651,28.888666666666666,-39.36988888888889,G
EGSIRAC J141723.72+522127.5,214.34884004166665,52.35767402777778,G
SDSS J080641.15+102644.4,121.671476,10.445689,G
UDF  1850,53.155785,-27.806628,G
COSMOS2015 1055851,149.83245833333334,2.904055555555556,G
WISE J184630.17+550908.3,281.62567038787665,55.15230783000056,G
WISE J192623.92+483045.0,291.59968480367166,48.512498492293886,G
2MASX J18064056+4137155,271.6690256408701,41.62080790897361,G
WiggleZ S15J150154561+06394483,225.47733579999996,6.662450999999999,G
2MASX J18231215+5629448,275.8005973204596,56.49583970691166,G
WISE J180046.01+573350.4,270.1917174770225,57.56398642485999,G
COSMOS2015 1046279,149.76316666666665,2.8897500000000003,G
COSMOS2015 1031647,149.80925000000002,2.865583333333334,G
WiggleZ S15J151954972+06085298,229.97904909999997,6.14805,G
WISE J190536.96+481556.1,286.40395458967464,48.26556632215278,G
COSMOS2015 304683,149.48570833333332,1.747111111111111,G
SDSS J085124.54+134332.2,132.852259,13.725633000000002,G
WiggleZ R01J005917511-00300900,14.823000899999998,-0.5025269999999998,G
COSMOS2015 699375,149.494625,2.360638888888889,G
WiggleZ R01J005854217-02120785,14.7259405,-2.202209,G
WISE J180103.64+550326.1,270.26516504866584,55.05727638632695,G
SDSS J094208.33+060206.6,145.534736,6.035184,G
LEDA 2073074,179.94916666666663,35.981944444444444,G
COSMOS2015 1059714,149.82116666666664,2.9074166666666663,G
WISE J184719.26+463528.1,281.8302656440129,46.59113581575,G
SDSS J085757.46+180543.3,134.489436,18.095382999999998,G
WISE J180724.93+590040.6,271.8538440620863,59.011297357088615,G
COSMOS2015 1027413,149.7507083333333,2.8642222222222222,G
2dFGRS TGS382Z138,27.550833333333337,-30.391944444444444,G
WiggleZ S15J150225603+02561165,225.6066809,2.9365680000000003,G
GNS 3315,189.29656125000002,62.34033027777778,G
COSMOS2015 1036841,149.76762499999998,2.875888888888889,G
SDSS J151651.92+440653.0,229.21638695970708,44.114744537213895,G
WiggleZ S15J150221755+06031615,225.59064519999998,6.054486,G
COSMOS2015 1054508,149.88741666666664,2.901416666666667,G
[RTG2015] 1696,53.138569,-27.808908,G
LEDA  998289,199.12208333333334,-8.858055555555556,G
[RTG2015] 1881,53.138976,-27.807706,G
SDSSCGB 67151.5,236.04941399999996,14.893143,G
SDSS J154750.65+441810.0,236.9610699210321,44.30280059440139,G
SDSS J012154.15+230304.0,20.475652999999998,23.051113,G
COSMOS2015 1017996,149.88629166666666,2.8476944444444445,G
WiggleZ R01J010031571+00513090,15.131580900000001,0.858554,G
WISE J182053.55+521825.2,275.2231485487408,52.30697485280222,G
MCG-05-56-030,358.1251020166499,-28.342519117019997,G
WiggleZ R01J005937901-02282573,14.907957999999999,-2.473841,G
WiggleZ S15J150146529+05395530,225.44386889999998,5.665360000000001,G
SDSS J090619.86+051730.8,136.582776,5.291894,G
LCRS B123752.5-054448,190.114625,-6.021222222222222,G
2MFGC 14073,267.67746056152,26.90207541107,G
SDSSCGB 63408.2,129.98641666666666,39.31775833333334,G
[RTG2015] 4775,53.154265,-27.787986,G
COSMOS2015 247012,149.49895833333332,1.6580555555555554,G
LCRS B011022.1-392421,18.162874999999996,-39.14105555555555,G
[RTG2015] 1708,53.165011,-27.808747,G
WISE J043127.63-254209.2,67.86516417992875,-25.70257249773833,G
SDSS J073837.12+290203.2,114.654668,29.034241,G
LEDA 3793064,189.66072562968,23.30416257073,G
LEDA  429326,34.45333333333333,-53.498333333333335,G
SDSS J152010.43+434051.0,230.04347813002505,43.680825116453605,G
WiggleZ S15J150336436+06144407,225.90181759999996,6.245575999999999,G
WiggleZ R01J005836850-01554972,14.653577499999999,-1.9305050000000001,G
WISE J044337.28-245528.7,70.90539221106833,-24.924628485793054,G
COSMOS2015 1055611,149.87916666666666,2.9028055555555556,G
WiggleZ S15J150425806+02130567,226.1075251,2.2182399999999998,G
SDSS J152417.97+454617.8,231.07488671622667,45.771616736896945,G
2dFGRS TGS426Z039,353.81125,-32.388888888888886,G
COSMOS2015 294514,150.47954166666668,1.7453333333333334,G
COSMOS2015 257064,149.4726083333333,1.672986111111111,G
SDSS J150835.32+411846.4,227.14718335121293,41.31287225223805,G
COSMOS2015 1018256,149.82054166666666,2.851527777777778,G
[RTG2015] 3505,53.152362,-27.798756,G
SDSS J150158.77+000105.9,225.494878,0.018326,G
WiggleZ S15J150236239+00530994,225.6509952,0.8860939999999999,G
[RTG2015] 3696,53.161503,-27.797716,G
[VFK98] 5545,164.2604583333333,-3.6283611111111114,G
COSMOS2015 1058372,149.76583333333332,2.9076388888888887,G
WiggleZ S15J152018508+06182503,230.0771147,6.306953,G
WiggleZ R01J005950304+00404709,14.959635899999999,0.6797179999999999,G
SDSS J085613.69+152158.5,134.05706,15.366251999999998,G
SDSS J003411.38+102647.9,8.547444,10.44665,G
WiggleZ S15J151631122+06323326,229.12967389999997,6.542574000000001,G
WiggleZ S15J150318893+03562037,225.828719,3.9389920000000003,G
COSMOS2015 1015264,149.866625,2.8473333333333333,G
COSMOS2015 1030008,149.77883333333332,2.8671111111111114,G
SDSS J101624.95+090715.7,154.103999,9.121048000000002,G
WiggleZ S15J150348610+01082426,225.95254209999996,1.140074,G
SDSS J114233.11+280536.2,175.637978,28.093400999999997,G
COSMOS2015 1035424,149.75812499999995,2.8754166666666667,G
LEDA 2796986,33.90708333333333,58.52166666666667,G
WiggleZ R01J010033700+01485134,15.1404535,1.814232,G
COSMOS2015 1020947,149.79254166666666,2.8533611111111115,G
SDSS J151612.08+031248.4,229.050365,3.2134679999999998,G
WiggleZ S15J150138127+00094820,225.40886069999996,0.16339,G
COSMOS2015 1018775,149.72866666666667,2.8520555555555553,G
LEDA 2066233,204.26538663296,35.55033652256999,G
WiggleZ S15J150401163+07005314,226.00484749999998,7.014761,G
LCRS B002215.6-385020,6.183041666666667,-38.56188888888888,G
2dFGRS TGS204Z137,5.741666666666666,-28.050833333333333,G
2dFGRS TGN094Z209,151.05995833333333,-5.907222222222223,G
LEDA 1275461,21.881666666666668,4.931388888888889,G
LEDA 1762818,346.85462110807,26.10607896018,G
ZW    V 274,40.76077531969,32.31276833891,G
COSMOS2015 1049776,149.87608333333333,2.895777777777778,G
LEDA  381840,34.675,-58.13333333333333,G
WISE J191938.40+474631.1,289.91003563847005,47.77535031575389,G
SDSS J154432.85+461719.2,236.13690790781166,46.288683599267216,G
GOODS J123802.72+621534.6,189.51128958333334,62.259726944444445,G
SDSS J003546.85-031729.7,8.94524,-3.2915879999999995,G
[RTG2015] 4720,53.164125,-27.787746,G
SDSS J162241.88+003121.1,245.67450899999994,0.522536,G
LCRS B214548.3-392013,327.2165416666667,-39.10388888888889,G
WiggleZ S15J150448777+04234216,226.2032381,4.395044,G
COSMOS2015 1031842,149.76516666666663,2.8703333333333334,G
COSMOS2015 1045809,149.78116666666665,2.889111111111111,G
2dFGRS TGN174Z232,176.43112499999998,-3.9252777777777776,G
COSMOS2015 1052894,149.82429166666665,2.8998055555555555,G
WiggleZ R01J005847685+04415467,14.6987246,4.698491,G
LEDA  848112,197.52166666666665,-19.96222222222222,G
COSMOS2015 1024358,149.77420833333332,2.858916666666667,G
WiggleZ S15J150313733+01422490,225.8072226,1.706917,G
GAMA 827754,140.43911,0.9933000000000001,G
COSMOS2015 1049983,149.86308333333335,2.895777777777778,G
SDSS J152036.14+451242.1,230.1505889178966,45.21170151564111,G
WiggleZ R01J005941317+02065330,14.922189999999999,2.1147770000000006,G
WiggleZ R01J005927292+04540818,14.863754599999998,4.902245,G
2dFGRS TGS836Z493,18.574375000000003,-39.89011111111111,G
LEDA  946864,324.99909819296,-12.83751553247,G
COSMOS2015 1022245,149.79183333333333,2.8559444444444444,G
COSMOS2015 1019059,149.82358333333332,2.8523055555555556,G
WISE J191543.04+470000.4,288.92936449706417,47.00011169644139,G
SDSS J092533.93+072313.9,141.391377,7.3872040000000005,G
GNS 2339,189.05684291666665,62.18711916666666,G
GAMA 927279,174.0287,0.2871,G
2dFGRS TGS547Z175,358.8036666666667,-35.56113888888889,G
2MFGC 10257,194.4280083333333,-47.4718888888889,G
SDSS J082926.16+174433.8,127.359038,17.742723,G
WiggleZ S15J150222454+01270379,225.59355969999996,1.451052,G
WiggleZ R01J005946481+01390813,14.9437075,1.6522299999999999,G
COSMOS2015 1016319,149.75304166666666,2.848027777777778,G
SDSS J095002.72+010602.1,147.511346,1.1006079999999998,G
[RTG2015] 1838,53.163579,-27.8076,G
WiggleZ R01J005947136+04563081,14.946439099999997,4.941863,G
COSMOS2015 1016698,149.78241666666665,2.849361111111111,G
WiggleZ R01J005832472+01083637,14.635338999999998,1.143408,G
WISE J182710.19+403619.8,276.7924568643504,40.60552312196667,G
WISE J191508.30+483731.5,288.7845947489563,48.6254281822075,G
COSMOS2015 1038879,149.8048333333333,2.880888888888889,G
WiggleZ R01J005819830-00411261,14.5826634,-0.686865,G
COSMOS2015 298828,149.62458333333333,1.7413333333333334,G
SDSS J140348.08+335306.6,210.95035776447082,33.885173805055,G
WiggleZ R01J005814287+03324849,14.559568,3.5467739999999996,G
2dFGRS TGS204Z071,6.185416666666668,-27.665555555555553,G
WiggleZ S15J150345479-00074083,225.9394948,-0.12800700000000004,G
SDSS J171504.46+344853.5,258.768592,34.814878,G
WISE J185409.29+535102.6,283.5387262609075,53.85070811662917,G
WiggleZ S15J150415591+05215616,226.0649621,5.365599,G
WiggleZ S15J150419760+05100925,226.0823322,5.169236,G
WISE J042626.04-262053.9,66.60858218926,-26.348322471711665,G
[RTG2015] 3701,53.144897,-27.797939,G
WiggleZ R01J010026092-02074694,15.108752500000001,-2.129733,G
EGSIRAC J141649.76+522952.2,214.207408125,52.49778588888889,G
WiggleZ R00J232311425-13063938,350.7976041667,-13.1109388889,G
WiggleZ R01J005943476+04563879,14.931187099999997,4.94408,G
COSMOS2015 1017921,149.82241666666664,2.8488888888888892,G
LEDA  357897,33.21166666666667,-61.111666666666665,G
GAMA 3031008,141.22659,0.24624000000000001,G
SDSS J150230.74+413816.0,225.6280922207025,41.63777022275806,G
SDSS J021046.58+261508.8,32.694093,26.252451,G
WiggleZ S15J150322332+05501173,225.84304869999997,5.836592,G
GOODS J123547.60+621207.2,188.94835083333334,62.201997222222225,G
WISE J044637.20-252753.2,71.65506652714333,-25.46478426822639,G
SDSS J090258.18+353549.0,135.742433,35.596967,G
COSMOS2015 1024038,149.83216666666664,2.8594166666666667,G
COSMOS2015 1018592,149.74300000000002,2.851861111111111,G
[RTG2015] 3822,53.159566,-27.797309,G
SDSSCGB 55326.2,244.23586542416996,45.14202529814,G
2MASX J01153683-4919279,18.903587444217084,-49.32448865688418,G
WISE J182843.67+500638.7,277.18195468095917,50.11072433248112,G
SDSS J154543.91+442441.2,236.43299797038662,44.4114361387125,G
SDSS J140802.77+343556.1,212.01155955919793,34.59894699559584,G
WiggleZ R01J005850031-00404908,14.708498400000002,-0.680327,G
WiggleZ R01J005822757-03034040,14.594820833333333,-3.061222222222222,G
SDSS J151842.56+033103.8,229.677363,3.517725,G
SDSS J092646.13+155955.3,141.692215,15.998709000000003,G
LEDA  665824,27.677020499887917,-34.192375299232495,G
COSMOS2015 1058281,149.84504166666665,2.905611111111111,G
SDSS J152520.87+472025.1,231.33697782311125,47.34032331885222,G
COSMOS2015 1047256,149.8515,2.891361111111111,G
WISE J044159.60-264417.9,70.49835557176084,-26.738366205780554,G
SDSS J151351.55+414211.0,228.46483307094,41.70308243685028,G
SDSSCGB 12789.2,197.7139208333333,56.67563611111111,G
SDSS J155423.53+464412.1,238.5980628981817,46.73669886541083,G
SDSS J171600.35+335221.3,259.00148899999994,33.872604,G
WiggleZ R01J005956923-03240796,14.987214999999999,-3.40224,G
GOODS J123720.38+621047.6,189.3349325,62.17988777777777,G
LEDA 2036991,230.26083333333332,33.68388888888889,G
COSMOS2015 258348,149.82079166666668,1.6757499999999999,G
COSMOS2015 1032072,149.88754166666666,2.868916666666667,G
SDSS J102523.66+090512.9,156.348591,9.086923,G
SDSS J134927.79+432347.5,207.365829,43.396554,G
WiggleZ R01J005951737+04390071,14.9656061,4.65017,G
WISE J042908.96-272040.0,67.28730474834751,-27.34441128435278,G
COSMOS2015 255435,149.62029166666665,1.6714722222222222,G
COSMOS2015 1028737,149.73316666666668,2.8660277777777776,G
WiggleZ S15J150200267+01091722,225.50111279999996,1.154783,G
[RGD2013] J111224.952+132337.751,168.10396666666665,13.393819722222222,G
SDSS J154324.57+431436.2,235.85240599999997,43.24340000000001,G
WISE J180423.73+410426.7,271.0988978232146,41.07406925187334,G
COSMOS2015 297070,149.434,1.738,G
2dFGRS TGS362Z205,5.604583333333332,-30.996111111111112,G
COSMOS2015 1028657,149.80954166666666,2.8664722222222223,G
[RGD2013] J133231.992+502100.393,203.13330000000002,50.35010916666667,G
SDSS J153126.00+450848.5,232.85836321661287,45.146810116685835,G
GAMA 3032319,173.64265,0.32987,G
NGP9 F322-0217595,192.137625,31.39880555555556,G
SDSS J091914.71+164017.0,139.811325,16.671403,G
SDSSCGB 60415.1,138.56808500373,9.84903855775,G
LEDA 1409769,197.10124999999996,12.449444444444445,G
[RTG2015] 1854,53.17697,-27.807902,G
GOODS J123628.29+621315.7,189.11786999999998,62.22103944444445,G
WiggleZ R01J010032176-03395322,15.134102499999997,-3.6648100000000006,G
GAMA 3032638,173.99877,0.21929,G
WiggleZ S15J150409855+00423169,226.0410628,0.7088030000000001,G
WiggleZ S15J150417467+06284205,226.07278099999996,6.478347000000001,G
COSMOS2015 1040452,149.88933333333333,2.8825,G
COSMOS2015 1030126,149.88916666666668,2.868055555555556,G
LCRS B123645.0-063253,189.833625,-6.822722222222222,G
WiggleZ S15J150152126+01401411,225.4671904,1.6705860000000001,G
WiggleZ S15J150206937+06243466,225.5289025,6.409628,G
WiggleZ R01J010009562-03164692,15.039878499999999,-3.2797289999999997,G
LEDA 3092312,158.67853554667,3.02022739611,G
WISE J180121.60+571730.1,270.3400678321186,57.29159750318528,G
LEDA  882988,199.90291666666667,-17.454444444444444,G
WISE J185030.83+540509.8,282.62845666513664,54.08610277182278,G
2dFGRS TGS362Z044,5.744166666666667,-30.6825,G
COSMOS2015 1041293,149.87812499999998,2.883722222222222,G
2MASX J07284637+6911284,112.19323695833336,69.19123805555556,G
DEEP2-GRS 33048122,352.9852,0.33414,G
WiggleZ R01J005918541-01533244,14.827292499999997,-1.8923729999999999,G
SDSSCGB 48744.1,56.18070300955,-5.90834905145,G
2dFGRS TGS497Z265,5.970416666666665,-33.91277777777778,G
LCRS B011106.7-384722,18.34954166666667,-38.52480555555556,G
GAMA 851243,140.22732,0.9333199999999999,G
LEDA 2169356,161.27791666666667,40.68,G
[RGD2013] J150005.771+213415.027,225.02403656943,21.57082834124,G
COSMOS2015 1030811,149.80200000000002,2.867277777777778,G
LEDA   39579,184.7075,-43.4975,G
SDSS J223603.60+182122.4,339.01500699999997,18.356232,G
NGP9 F379-0464470,193.91774999999998,23.030805555555556,G
SDSS J155457.29+454259.9,238.73868733056378,45.71664368339251,G
SDSSCGB 13761.2,162.87345833333333,8.856466666666664,G
[FBC2017] J001323.7-301234.0,3.34875,-30.209444444444443,G
2dFGRS TGN135Z120,199.03416666666666,-4.364999999999999,G
2MASX J18022901+6151068,270.62090977646835,61.85198925543028,G
2dFGRS TGS371Z066,14.259583333333332,-29.881944444444446,G
LEDA 3454800,137.30877654862,38.411793991150006,G
COSMOS2015 1021594,149.84599999999998,2.8546666666666667,G
COSMOS2015 253298,149.48179166666665,1.6671944444444444,G
LCRS B123329.7-114658,189.02354166666666,-12.05813888888889,G
WISE J011201.63-215844.0,18.006758411145412,-21.978921594911107,G
COSMOS2015 1046828,149.794625,2.891888888888889,G
2dFGRS TGS281Z157,6.061666666666667,-28.862222222222222,G
LEDA 2609170,285.1620833333333,60.93138888888889,G
NGP9 F322-0599847,193.05945833333337,30.070944444444443,G
WiggleZ S15J151914855+06085815,229.81189519999998,6.149487,G
2MASX J18124962+5446190,273.2068367808304,54.77206111740556,G
COSMOS2015 1038756,149.78116666666665,2.8793333333333337,G
[RTG2015] 1775,53.141601,-27.808230000000002,G
LEDA  906962,197.53958333333333,-15.752222222222223,G
GAMA 3989200,173.90198,0.48511999999999994,G
LCRS B011225.8-393958,18.676000000000002,-39.40211111111111,G
WiggleZ S15J150309034+05064494,225.78764029999996,5.112484,G
COSMOS2015 1058453,149.77454166666666,2.9077777777777776,G
SDSS J094337.24+042821.4,145.905184,4.472624999999999,G
LCRS B000407.2-413727,1.6652083333333334,-41.346027777777785,G
COSMOS2015 1050088,149.81283333333332,2.89575,G
WiggleZ S15J150351225+05091304,225.96343629999998,5.153621,G
2dFGRS TGS534Z065,341.99529166666673,-35.55972222222222,G
SDSS J020600.99+010346.5,31.504149999999996,1.0629229999999998,G
GOODS J123628.25+621237.9,189.11768874999999,62.21053472222223,G
WiggleZ R01J010025794+01391202,15.107513500000005,1.65331,G
LEDA  949138,232.07783333333333,-12.685850000000002,G
AM 2339-404,355.60416666666663,-40.45166666666667,G
WiggleZ S15J151835410+06161636,229.64754359999998,6.271211,G
SDSSCGB 14839.4,206.54976179502,54.61284790346,G
SDSS J135717.94+423155.7,209.324779,42.532145,G
WiggleZ S15J152004689+06224829,230.0195372,6.380079,G
COSMOS2015 1054429,149.81125,2.9016111111111114,G
WISE J181631.60+452330.6,274.1316879471467,45.39183769001611,G
COSMOS2015 1021361,149.7375,2.855166666666667,G
WISE J043628.54-252236.3,69.11896035833418,-25.376757195311946,G
WiggleZ S15J150336081+04093879,225.9003377,4.160776,G
COSMOS2015 1042725,149.83816666666667,2.8848888888888893,G
COSMOS2015 1050998,149.837375,2.8968333333333334,G
WiggleZ R00J232319638-03502672,350.831825,-3.8407583333,G
WISE J011107.55-490938.4,17.781544410260835,-49.16073624592834,G
WiggleZ R01J005848697-00144291,14.702942400000001,-0.24528099999999994,G
SDSS J151103.06+054950.1,227.76272456204998,5.830637099629998,G
2MASX J04383786-2617101,69.6578024812929,-26.28623785495,G
SDSS J090149.22+195722.7,135.455108,19.956318000000003,G
WiggleZ R01J010040275+01411482,15.167850999999999,1.687421,G
WiggleZ R01J005903753+04491875,14.765674099999998,4.821846999999999,G
[MWC2015] B1152+200 21335,178.80277395823,19.53088683019,G
LCRS B234333.2-384751,356.54387499999996,-38.519666666666666,G
[RTG2015] 3664,53.158463,-27.798041,G
WiggleZ S15J150210616+06071745,225.54423339999997,6.121513,G
WiggleZ S15J150246439+06483397,225.6934946,6.809435000000001,G
COSMOS2015 1055903,149.7325,2.9029444444444445,G
2MFGC 14420,277.16562083333326,8.376591666666666,G
COSMOS2015 1028822,149.8783333333333,2.86625,G
2MASX J18223969+5953147,275.66541613995753,59.887423802415555,G
LCRS B123949.3-063541,190.60216666666665,-6.868777777777779,G
WiggleZ S15J151652323+07003668,229.21801259999998,7.010187999999999,G
COSMOS2015 1053824,149.76324999999997,2.8981944444444445,G
LCRS B014738.7-391105,27.44875,-38.937083333333334,G
[RTG2015] 3512,53.1732,-27.798716,G
COSMOS2015 1029307,149.88058333333333,2.8664444444444444,G
WiggleZ R01J005759208-01374549,14.496736000000002,-1.629332,G
COSMOS2015 1037417,149.87204166666666,2.878388888888889,G
WiggleZ S15J151648358+06460794,229.20149000000004,6.768870999999999,G
SDSS J155313.78+444514.3,238.30739940675994,44.75396393087389,G
WiggleZ S15J150231348+01170087,225.63061509999997,1.283574,G
EGSIRAC J141659.78+522537.2,214.24906449999997,52.42702630555556,G
COSMOS2015 1037019,149.84966666666668,2.877638888888889,G
COSMOS2015 1044655,149.75212499999998,2.8880277777777774,G
SDSS J151448.93+411945.2,228.7039211960904,41.329249359948626,G
SDSS J094907.16+085859.2,147.279869,8.983134,G
WISE J182107.64+580240.8,275.28184190244247,58.04469824433444,G
WiggleZ R01J005953092-02240524,14.971252,-2.4014839999999995,G
WISE J183408.35+551251.5,278.5348117257646,55.21434034873362,G
SDSS J091526.03+134336.8,138.858462,13.726906,G
COSMOS2015 1022830,149.7955,2.8577222222222223,G
COSMOS2015 1040448,149.74870833333333,2.8822222222222225,G
Anon J123625+6206,189.1083075,62.11542055555555,G
WiggleZ R01J010037729+04164695,15.157241499999998,4.279679999999999,G
WISE J180803.01+480517.6,272.01253869948334,48.0882283602511,G
2dFGRS TGS363Z167,5.723333333333333,-30.684722222222224,G
SDSS J074635.55+174729.4,116.648134,17.791505000000004,G
SDSS J154828.85+462120.6,237.12022908882125,46.35572220674833,G
COSMOS2015 1034789,149.77058333333332,2.8741666666666665,G
LEDA 3378104,5.67970895003,15.60232467319,G
2MASX J18023448+5840112,270.6436128791142,58.66981903081278,G
WiggleZ R01J005750293-02112865,14.459593,-2.19132,G
GOODS J123723.46+621720.2,189.34793,62.28896444444444,G
LEDA 1075610,190.1158333333333,-3.1494444444444443,G
COSMOS2015 1021192,149.87183333333334,2.855916666666667,G
2MASX J18305812+6022087,277.7424017784946,60.36916152207195,G
GNS 3898,189.32522916666667,62.2134725,G
COSMOS2015 1049866,149.84237499999998,2.8959444444444444,G
LEDA 2561781,171.08295578539875,57.275496703544164,G
SDSS J075007.24+165737.1,117.530205,16.960309,G
WiggleZ R01J010011548-02291346,15.048155499999998,-2.487101,G
WISE J043852.16-250620.0,69.71737519771958,-25.105581622895837,G
[HMF2009] 20,213.8025,36.186027777777774,G
LEDA 1083517,34.57375,-2.7622222222222224,G
SDSS J004459.92+194559.0,11.249682,19.76639,G
2dFGRS TGN153Z090,150.24729166666668,-3.4488888888888893,G
WiggleZ S15J151901582+06280862,229.7565925,6.469060999999999,G
[RTG2015] 1850,53.175538,-27.807965,G
NGP9 F322-0522588,192.21862500000003,30.27483333333333,G
VIPERS 112160893,32.577587,-4.86671,G
WiggleZ R01J005941378+00132581,14.922443400000002,0.223809,G
WiggleZ R01J005901928-02403662,14.758068999999995,-2.676868,G
GAMA 280146,141.08591,1.0401399999999998,G
COSMOS2015 1032903,149.88704166666665,2.8719166666666665,G
2MASX J18592827+5936012,284.86793610942664,59.60027596162778,G
SDSS J015603.24+120139.5,29.01353500000001,12.027662,G
SDSS J021659.75+070410.0,34.24896,7.069467,G
SDSS J124825.07+054148.1,192.10448899999997,5.696719,G
SDSS J093328.03+070658.6,143.366816,7.116283,G
WiggleZ R01J005829365-00051429,14.622390900000001,-0.08733,G
GAMA J092113.18+003319.2,140.30493,0.55537,G
WiggleZ R01J005827581+00254703,14.614956899999997,0.42970299999999995,G
SDSS J094517.19+241440.4,146.321652,24.244560000000003,G
WiggleZ R01J010021304-01234601,15.088804,-1.396142,G
SWIRE J032929.73-283225.0,52.37394989167,-28.54032612134,G
WISE J045105.38-243855.8,72.77246519809667,-24.648907951357227,G
UVISTADR1 J095751.64+013947.0,149.465125,1.6630833333333332,G
[RGD2013] J113515.033+660204.997,173.8126375,66.0347213888889,G
SDSSCGB 9594.3,24.59467426645,-1.00998135606,G
WiggleZ R01J005826355-00591590,14.6098494,-0.9877780000000004,G
LEDA 1833050,215.98166666666665,28.340555555555554,G
ShaSS 409044217,201.9440466,-30.434035300000005,G
SDSS J151349.45+414226.1,228.45607432106166,41.70726736048501,G
NGP9 F268-1552450,190.754,33.72855555555555,G
LCRS B005815.8-390136,15.149041666666667,-38.75763888888889,G
LCRS B011247.8-385933,18.768875,-38.72858333333333,G
WiggleZ R01J005817601+00341493,14.573373899999998,0.5707869999999999,G
WiggleZ R01J005751447-03165444,14.4644005,-3.281817,G
SDSS J142030.05+024620.3,215.12523399999998,2.772321,G
SDSS J090457.47+244322.3,136.239474,24.722866,G
SDSS J023148.90-090059.8,37.953755,-9.016615,G
[RGD2013] J171804.186+563949.211,259.51750113009996,56.66365983384,G
SDSS J153243.90+454649.0,233.182901416885,45.78029785035833,G
SDSS J152527.18+424736.3,231.36329412578917,42.79344582399138,G
COSMOS2015 298265,150.66575,1.740611111111111,G
WiggleZ S15J150331160+02134377,225.87983509999998,2.228824,G
COSMOS2015 1047849,149.88516666666663,2.892138888888889,G
LEDA  924673,352.62503697697,-14.432886112090001,G
COSMOS2015 1030504,149.8399583333333,2.8690277777777777,G
COSMOS2015 1055668,149.86149999999998,2.903111111111111,G
GAMA 765066,174.11415,0.47045999999999993,G
COSMOS2015 1047887,149.82375,2.89275,G
SDSSCGB 64498.4,209.65867499999996,42.765997222222225,G
LEDA  457170,35.909166666666664,-51.36138888888889,G
LEDA 2694691,270.15914999999995,67.07447777777777,G
WiggleZ R01J010009388+01205807,15.039155500000003,1.3494370000000004,G
SDSSCGB 62361.1,125.17451666666665,27.97856388888889,G
GMP 5961,193.88625,26.674722222222222,G
WiggleZ R01J010010913-01490950,15.045506500000002,-1.8193329999999999,G
2MFGC 13901,262.7030625,42.050419444444444,G
WiggleZ R01J005938995-01240381,14.912515000000003,-1.4010850000000004,G
SDSSCGB 30707.2,316.2447375,-0.2086555555555556,G
SDSS J090330.63+160509.8,135.877634,16.086067,G
LEDA  125601,160.42175,-3.499694444444444,G
2dFGRS TGS561Z195,14.42375,-34.42861111111111,G
SDSSCGB 36859.2,132.12784921716,33.65891464396999,G
GAMA 927145,140.58323,0.3682,G
SDSS J031753.88-002153.5,49.47451100000001,-0.364875,G
WiggleZ R01J010000000+04431882,15.0000386,4.721867,G
WiggleZ S15J150218125+04494322,225.57551999999998,4.828673000000001,G
SDSS J022200.10+005457.5,35.500427,0.9159899999999997,G
LEDA 1006223,199.21000000000004,-8.244166666666667,G
LEDA 1845924,34.20916666666666,28.78777777777778,G
SDSS J151548.53+450956.4,228.95223996314039,45.16567360840889,G
WiggleZ S15J150343225+01305884,225.93010559999996,1.5163440000000001,G
2MASX J13034670-1918332,195.94464667581,-19.30917468301,G
WiggleZ S15J150438756+04174706,226.16148129999996,4.296404,G
2MASX J00294053-2308072,7.418948687155834,-23.13545813970139,G
2MFGC 13475,252.4487625,-63.58150833333334,G
NGP9 F268-0032798,191.85533333333333,38.14783333333333,G
2dFGRS TGS302Z104,27.557916666666667,-28.97861111111111,G
SDSS J152311.80+451407.2,230.79916525866335,45.23533222097556,G
SDSS J095434.01+190321.8,148.641709,19.056068999999997,G
[RTG2015] 3647,53.166667,-27.798024,G
SDSS J003241.49-002041.1,8.172881,-0.344772,G
LCRS B230547.3-384659,347.1390416666666,-38.51213888888889,G
SDSSCGB 44543.4,174.105578,53.880653,G
COSMOS2015 1051059,149.76725,2.897222222222222,G
SDSS J131617.03+100329.6,199.07102181961,10.05820914165,G
2MASX J19383406-0612480,294.64181050723994,-6.21330723231,G
LCRS B011026.9-381655,18.18575,-38.01705555555555,G
WiggleZ R01J005916769-02165754,14.8199065,-2.282677,G
SDSS J154821.84+450535.4,237.09101694460838,45.093198733952505,G
WiggleZ R01J010015978-00041311,15.066609899999998,-0.07033599999999998,G
WiggleZ R01J005812736-02594625,14.5531045,-2.996209,G
COSMOS2015 1017178,149.88958333333335,2.85,G
WiggleZ S15J150155853+02091420,225.4827214,2.1539429999999995,G
LEDA  782726,199.0788780416667,-25.095723660439162,G
COSMOS2015 1016939,149.77466666666666,2.8487222222222224,G
[FBC2017] J201014.5-572207.9,302.56041666666664,-57.368861111111116,G
SDSS J001109.04+115132.9,2.7876859999999994,11.859141,G
COSMOS2015 1030624,149.854875,2.868916666666667,G
SDSS J140819.43+344224.0,212.08098060594915,34.706699163295276,G
SDSS J224104.08+073632.7,340.267036,7.609111000000001,G
WISE J191411.74+533416.1,288.54900123180164,53.57117270759779,G
WiggleZ R01J005839733+01313791,14.6655895,1.52717,G
COSMOS2015 1058020,149.74929166666666,2.907027777777778,G
SDSSCGB 65110.3,207.64884166666664,39.272974999999995,G
LEDA  709482,27.741402792543333,-31.07567426290556,G
WiggleZ R01J010005797-00061083,15.024189899999996,-0.103037,G
LEDA  973300,197.5845833333333,-10.824166666666667,G
2dFGRS TGS303Z216,27.757083333333334,-28.162499999999998,G
SDSS J151839.64+050539.6,229.66518999999994,5.094354,G
COSMOS2015 1053757,149.77224999999999,2.9010833333333332,G
WiggleZ R01J005835545-03133113,14.648141499999998,-3.225342,G
LCRS B003055.6-394315,8.340250000000001,-39.445277777777775,G
WiggleZ S15J150428698+05321797,226.11957419999996,5.5383249999999995,G
2MASX J14393280-0909471,219.88679618197997,-9.16286061402,G
COSMOS2015 1053613,149.81341666666665,2.899833333333333,G
COSMOS2015 1032428,149.76999999999998,2.871055555555556,G
2MFGC 12398,230.13565,-13.489905555555556,G
WiggleZ S15J150223012-00335339,225.59588279999997,-0.56483,G
WiggleZ R01J005950997-02372868,14.962526499999994,-2.6246619999999994,G
GOODS J123804.41+621708.8,189.51840041666665,62.285866666666664,G
2MASX J22483867-2803573,342.16120318908,-28.06589433117,G
WiggleZ R01J005945704-03152550,14.940472000000002,-3.2571110000000005,G
GOODS J123716.17+622011.1,189.31736375,62.3364275,G
WiggleZ S15J150303346+03151736,225.76394189999996,3.2548220000000003,G
WiggleZ S15J150354587+03212198,225.9774454,3.356107,G
SDSS J133814.85+514412.0,204.561906,51.73668500000001,G
2MASX J19214306+4518244,290.4296045645925,45.306837286223335,G
COSMOS2015 1025548,149.86795833333332,2.8617222222222223,G
WISE J194426.41+563137.1,296.1101598210192,56.526905635018046,G
2MASX J18175535+4346144,274.48061592600084,43.77058345838333,G
WiggleZ R01J010036342-02493121,15.151460499999999,-2.8253649999999992,G
COSMOS2015 1033199,149.87720833333333,2.8720833333333333,G
2MASX J18332509+6126108,278.3546750692358,61.43626153133777,G
DEEP2-GRS 31036677,351.4343,0.17065,G
SDSS J095749.00+060245.9,149.454204,6.0461030000000004,G
WiggleZ R01J005926938-02432129,14.862278500000004,-2.722609,G
SDSS J092904.93+010955.2,142.270577,1.165351,G
WiggleZ S15J150316612+05042991,225.81921769999997,5.0749759999999995,G
GAMA J092312.98+003309.7,140.80411,0.5527099999999999,G
[RTG2015] 3599,53.188255,-27.798219,G
WISE J181117.14+490158.3,272.82133273042876,49.03286967454138,G
LEDA  600095,354.42900000000003,-39.26144444444444,G
[RTG2015] 1724,53.179525,-27.808747,G
COSMOS2015 1046024,149.81004166666665,2.8900833333333336,G
WISE J180449.55+501411.0,271.20651804748496,50.236352762429725,G
COSMOS2015 1030277,149.85379166666664,2.86825,G
SDSS J100821.82+181526.4,152.090934,18.257339999999996,G
[RTG2015] 3693,53.146255,-27.797919,G
LEDA 2024980,14.382916666666667,33.15694444444444,G
LEDA 1792295,33.20166666666667,26.91722222222222,G
LEDA 1879995,355.3175666666667,29.83707777777778,G
WISE J180454.66+532504.9,271.22775284258375,53.41801693637137,G
ShaSS 406070548,202.04877169999997,-33.7010583,G
SDSSCGB 50622.3,239.92300833333326,46.13238611111112,G
WiggleZ R01J005823664+03325370,14.5986385,3.5482230000000006,G
2MFGC 17019,339.09802083333335,-5.092352777777776,G
SDSS J135724.09+433823.6,209.35041299999997,43.639904,G
ShaSS 408071321,202.2792508,-31.056689500000005,G
WiggleZ R01J010023012+05080420,15.095918600000003,5.134470999999999,G
WiggleZ S15J150315750+01243490,225.8156265,1.409694,G
WISE J062227.79-723901.3,95.61588522425957,-72.65034462699835,G
COSMOS2015 1053234,149.78608333333335,2.9005277777777776,G
LCRS B123502.1-114002,189.40875,-11.942194444444445,G
WISE J190730.95+565846.0,286.87898567759294,56.9794209089375,G
SDSS J003539.56+002638.8,8.914859,0.44411399999999995,G
LEDA 3082181,198.98375000000001,-49.58027777777778,G
WiggleZ S15J150226081+03090389,225.6086694,3.1510810000000005,G
SDSS J081846.28+081741.9,124.692851,8.294984999999999,G
[RTG2015] 3575,53.162878,-27.798288,G
VIPERS 118151811,38.402984000000004,-4.859262,G
LEDA 1836969,199.93249999999998,28.479166666666664,G
SDSS J095430.31+034729.5,148.62631699999997,3.791541999999999,G
VIPERS 113125162,33.158432,-5.052823,G
WISE J010636.67-242911.8,16.652812559406666,-24.486613360616943,G
COSMOS2015 1036550,149.76454166666664,2.8769166666666663,G
GOODS J123719.42+621114.2,189.33090833333335,62.187284722222216,G
LCRS B002921.2-385735,7.9495000000000005,-38.683749999999996,G
WiggleZ R01J005920814+00570078,14.836760400000001,0.9501879999999998,G
SDSS J092759.25+013821.8,141.996883,1.639402,G
COSMOS2015 1045418,149.81904166666666,2.8868055555555556,G
WiggleZ R01J005958403-03281278,14.993382999999998,-3.470244,G
2dFGRS TGS150Z079,23.623458333333332,-25.831833333333332,G
COSMOS2015 1053658,149.84258333333332,2.9005,G
2MASX J14140958-4313364,213.53988324845997,-43.2266982639,G
WiggleZ R01J005925128-02285458,14.854738000000003,-2.4818549999999995,G
GAMA 53543,173.53655,-0.26804,G
2dFGRS TGS180Z206,337.72920833333336,-26.493166666666667,G
WiggleZ R01J005859997-02551311,14.750026,-2.920337,G
SDSS J031629.74+415853.5,49.123937,41.98153,G
COSMOS2015 1018320,149.73858333333334,2.8515,G
SDSS J074850.27+171153.4,117.20946000000004,17.198185,G
COSMOS J095923.36+025159.5,149.84733333333332,2.866527777777778,G
WiggleZ R01J005944521+01081860,14.935541500000001,1.138471,G
SDSSCGB 62003.4,137.607875,8.834180555555555,G
SDSS J151633.88+440811.6,229.14121198100878,44.13654868041639,G
WiggleZ S15J150322630+05524427,225.8442898,5.878964,G
SDSS J082307.97+562959.2,125.783239,56.499793,G
GAMA 905666,140.51262,-0.49639,G
[RGD2013] J115915.787+333250.178,179.81576680837,33.54725615682,G
SDSS J114151.00+072509.2,175.46253,7.4192469999999995,G
WISE J182309.69+454242.8,275.79040578443,45.71191513417972,G
[RTG2015] 1722,53.146802,-27.808762,G
WiggleZ R01J005916010-01270255,14.816746,-1.450736,G
WiggleZ S15J150238269+01370306,225.65945459999998,1.617517,G
WiggleZ R01J005953498+01221366,14.9729455,1.370433,G
COSMOS2015 1044395,149.8524583333333,2.887138888888889,G
2dFGRS TGS552Z017,3.507083333333333,-34.2075,G
SDSS J154501.52+462510.8,236.25641017437584,46.41969928364361,G
WISE J180603.49+540724.9,271.5146197646408,54.1236151055925,G
[RTG2015] 4761,53.154892,-27.787936,G
WISE J005139.31-240952.4,12.913719506474585,-24.16472067294444,G
2MFGC 15527,306.84036249999997,-16.561236111111114,G
WiggleZ R01J010038853+00072623,15.161924399999997,0.123924,G
WISE J184249.20+572634.3,280.7049262919279,57.44287041900611,G
SDSS J154327.30+444444.4,235.8637876391171,44.745655587221115,G
SDSS J082906.98+081154.4,127.279125,8.198467,G
WiggleZ R01J005945636-01135587,14.940186999999998,-1.232213,G
SDSSCGB 53699.4,152.8367875,29.512324999999997,G
WiggleZ R01J005951792-01044402,14.965838499999998,-1.0789230000000003,G
SDSS J155033.52+445345.3,237.63968792565754,44.89591796474501,G
LEDA 2228380,126.85094583333331,43.75555833333333,G
VIDEO J022712.37-042920.17,36.801612500000005,-4.488833333333333,G
COSMOS2015 1055075,149.867125,2.9016666666666664,G
NGP9 F268-0899336,191.78895833333334,35.65880555555555,G
SDSS J154851.66+450917.5,237.2153091979596,45.15486040688083,G
2MASX J18380521+5816240,279.52168618685164,58.273326155609716,G
COSMOS2015 1026815,149.85208333333333,2.863111111111111,G
SDSS J020052.74+030655.8,30.219762000000003,3.115502,G
LCRS B002515.7-420950,6.927458333333334,-41.88730555555556,G
LEDA  808470,197.54333333333335,-22.81722222222222,G
GAMA 905613,140.33015,-0.60322,G
2dFGRS TGS359Z228,2.6504594385179168,-31.095423496312225,G
COSMOS2015 246942,149.49995833333332,1.657722222222222,G
WiggleZ R01J005851961+01133512,14.716542999999998,1.2263950000000003,G
WISE J181612.33+610831.6,274.05136909946043,61.14207115971805,G
2dFGRS TGN102Z031,161.59141666666665,-5.018055555555556,G
SDSSCGB 61139.4,170.867105,45.78589899999999,G
LEDA  748974,23.81429363733,-27.852742884500003,G
WISE J183908.79+582329.9,279.7866856155333,58.39165466557306,G
COSMOS2015 1049918,149.77816666666666,2.8955833333333336,G
SDSS J150349.25+042534.8,225.955243,4.426336,G
WISE J010633.18-501154.0,16.638331249797922,-50.1983308212375,G
SDSS J031622.83+413612.8,49.095167000000004,41.603557,G
2MASS J09573534+4524274,149.39752978327292,45.407709623719164,G
WiggleZ S15J150326634+05124488,225.8609736,5.212466,G
COSMOS2015 1041123,149.77349999999996,2.8822500000000004,G
WiggleZ R00J232323586-12352433,350.848275,-12.5900861111,G
WiggleZ R01J005902292-00010894,14.759585399999999,-0.019179,G
LEDA  637602,79.94666666666667,-36.37166666666667,G
VIPERS 411082320,334.198845,2.071689,G
WISE J010916.24-492713.6,17.317817826792915,-49.453855910773335,G
SDSS J151624.45+420023.8,229.1018962789162,42.00660739481249,G
2MASX J19194747+4733513,289.94768035424954,47.56439563322638,G
WINGS J001107.42-290243.1,2.78088,-29.04533,G
WiggleZ S15J150232395+05431490,225.6349804,5.720806,G
GAMA 535844,179.47789,-0.99594,G
SDSS J000516.32-004704.1,1.3180290000000001,-0.7845,G
LCRS B124146.9-054239,191.09141666666665,-5.984388888888889,G
SDSSCGB 40907.2,144.00932916666667,15.070858333333332,G
GOODS J123807.41+621621.5,189.5308983333333,62.27272861111111,G
SDSS J152723.77+450322.1,231.84906714744417,45.05614136440694,G
SDSS J081525.27+121028.2,123.85533199999999,12.1745,G
SDSS J151248.58+404921.8,228.20248429944746,40.82274209498307,G
SDSS J152134.90+455054.7,230.39539837742413,45.84852532650529,G
SDSS J152055.05+460308.0,230.22938825545415,46.05222203067639,G
SDSS J080204.95+114830.9,120.52064400000002,11.808602,G
LEDA 2377356,139.88945891070375,50.59549124851945,G
WiggleZ R01J005925807+00281816,14.857566900000002,0.47168400000000005,G
WISE J043351.35-243229.1,68.4639904043575,-24.54141466237861,G
WiggleZ R01J010032640+01131709,15.136037499999999,1.221386,G
WISE J044645.41-245334.1,71.68915609365,-24.892866038271944,G
SDSS J155430.08+465401.4,238.6253513086558,46.90039052599056,G
WiggleZ R01J005847355-01405581,14.6973475,-1.6821979999999999,G
Shk 269-10,24.439999999999998,-10.28361111111111,G
LEDA 2795756,14.4025,-39.91305555555555,G
SDSS J151626.85+451743.9,229.11186966995209,45.29551432762056,G
GAMA J092222.59+000641.0,140.59413,0.11141,G
ShaSS 418007374,200.3177882,-31.9906122,G
COSMOS2015 296886,150.09975,1.7373888888888889,G
SDSS J154646.77+464331.5,236.69490764203664,46.725424968483054,G
COSMOS2015 698290,149.53804166666666,2.3589722222222225,G
COSMOS2015 1021389,149.87191666666666,2.8564444444444446,G
SDSS J092049.64+181345.7,140.206839,18.229381,G
2dFGRS TGS153Z302,27.977083333333333,-26.283333333333335,G
GRDG 36,185.625,17.033333333333335,G
COSMOS2015 1058739,149.849875,2.907722222222222,G
WiggleZ S15J150248280+01244706,225.7011649,1.413073,G
WISE J191514.32+481348.1,288.8096427087958,48.230053369148614,G
WiggleZ S15J150138923+05200412,225.41217949999998,5.334478000000001,G
COSMOS2015 1032278,149.82937499999997,2.871027777777778,G
COSMOS2015 1032212,149.7885,2.8709722222222225,G
2dFGRS TGS461Z022,34.802,-32.88430555555556,G
WiggleZ R01J005803719+03291978,14.515531000000001,3.488799,G
WiggleZ S15J150134154-01270326,225.39230879999997,-1.4509059999999998,G
SDSSCGB 45867.4,260.16471249999995,56.36664722222223,G
2dFGRS TGS152Z197,27.61666666666667,-26.3625,G
GOODS J123724.26+622150.0,189.35108291666666,62.36396583333333,G
GOODS J123718.76+621604.9,189.32816458333335,62.26803083333333,G
2dFGRS TGS281Z029,5.850833333333332,-28.111111111111114,G
[RTG2015] 3530,53.145424,-27.798634,G
2MASX J00245817+3008181,6.24254714468,30.13837238841,G
[RTG2015] 3844,53.183554,-27.797072,G
SDSS J092525.44+022825.0,141.356026,2.4736120000000006,G
WiggleZ R01J005848823+01592105,14.703466000000004,1.989153,G
COSMOS J095917.21+025204.2,149.82170833333333,2.8678333333333335,G
WISE J004942.35-235324.2,12.426463617928333,-23.890158965078058,G
2dFGRS TGN144Z039,212.97829166666668,-3.626555555555556,G
SDSS J234610.78+050734.9,356.544929,5.126367000000001,G
WiggleZ R01J005821431+00201374,14.589333900000002,0.337121,G
2dFGRS TGS136Z217,3.5366666666666666,-25.26,G
2dFGRS TGS131Z285,356.740375,-26.678916666666666,G
WISE J192116.20+462856.7,290.31746784406295,46.48247257247889,G
SDSS J095202.52+015825.1,148.010515,1.973665,G
WiggleZ S15J150202767+06284223,225.51152779999998,6.478398,G
WISE J042752.19-270454.1,66.96752968327792,-27.081781887265,G
SDSS J140055.94+335955.6,210.2331083953458,33.9987912657175,G
WiggleZ R01J005754053-01081743,14.475256,-1.138202,G
WiggleZ R01J005807588-02581010,14.531653000000002,-2.969499,G
COSMOS2015 1031404,149.88204166666665,2.8690277777777777,G
LEDA  605552,1.5585833333333334,-38.75786111111111,G
COSMOS2015 1050524,149.7289166666667,2.895166666666667,G
COSMOS2015 1045564,149.85466666666665,2.887611111111111,G
2MASX J18514645+6158009,282.9433808514388,61.96692881056112,G
WiggleZ R01J005911158-03303626,14.796527499999996,-3.510101,G
2dFGRS TGN292Z144,157.11616666666666,-1.5080833333333332,G
COSMOS J095907.86+025206.9,149.78275,2.868583333333333,G
COSMOS2015 1042205,149.74979166666665,2.8850277777777777,G
SDSS J000857.89-110230.9,2.2412364484700005,-11.041895760879997,G
COSMOS2015 257196,150.36295833333335,1.6713888888888888,G
SDSS J150534.34+413142.1,226.3930906175271,41.52835911458416,G
WiggleZ R01J010035394-02365066,15.147512500000005,-2.614099,G
WiggleZ R01J005849344+03495784,14.705636499999999,3.8327059999999995,G
WiggleZ R01J005814870+05054660,14.561995100000003,5.0962510000000005,G
GOODS J123701.67+621814.7,189.25696833333333,62.30409194444444,G
GAMA 3989062,173.83439,0.4459700000000001,G
SDSS J150123.47+415001.3,225.34779951928206,41.833701903195276,G
WiggleZ R01J010019390+01071658,15.080828499999997,1.1212429999999998,G
COSMOS2015 1043530,149.75020833333332,2.886277777777778,G
WiggleZ R01J005937683-02550157,14.9070475,-2.917131,G
COSMOS2015 1041760,149.873,2.883388888888889,G
WISE J070258.64-721126.0,105.7441985725025,-72.19056112232556,G
LEDA  756674,42.69571352082,-27.324412790440004,G
SDSS J140330.15+333551.8,210.87564493852915,33.59773795234889,G
[RTG2015] 4770,53.202088,-27.78795,G
SDSS J085718.67+164711.8,134.327822,16.786613,G
COSMOS2015 252502,149.49541666666667,1.6665555555555553,G
WINGS J220725.76-051627.2,331.85736,-5.27422,G
LEDA  627242,102.90708333333332,-37.18055555555555,G
COSMOS2015 1054729,149.8325833333333,2.9020277777777777,G
COSMOS2015 1023071,149.77416666666664,2.857611111111111,G
WiggleZ S15J150146986+03231511,225.4457741,3.38753,G
2MASX J00434380-2053014,10.932477873878334,-20.883622502551116,G
2MFGC 14557,280.96450833333336,48.2796361111111,G
SDSS J080003.66+155855.5,120.01528899999998,15.982089000000002,G
WiggleZ S15J151915798+06181143,229.81582679999997,6.303175999999999,G
GAMA 936931,174.09893,0.8271900000000001,G
GAMA J092400.19+001017.1,141.00082,0.17143,G
SDSS J154345.70+422956.9,235.94043885181208,42.499166340926394,G
WiggleZ S15J150216327+01504223,225.5680279,1.845063,G
WISE J184201.25+433502.7,280.5052152845708,43.58405351329084,G
WiggleZ R01J005900280+04524594,14.7512051,4.879399,G
COSMOS2015 1034529,149.88929166666665,2.873555555555556,G
LEDA  125140,14.650291666666668,-41.52433333333333,G
VIPERS 113131777,33.738293,-5.024469,G
WiggleZ R01J010022184+00512431,15.092469900000001,0.8567259999999999,G
2dFGRS TGN287Z019,152.56521853856,-0.9451531588200001,G
SDSS J151722.68+050038.4,229.344519,5.010689,G
WISE J181021.35+561808.9,272.5889651264842,56.30248116938056,G
LEDA  365046,33.19316547570959,-60.23117577603168,G
COSMOS2015 1032812,149.80920833333334,2.870027777777778,G
SDSS J155351.97+444728.8,238.46654800405665,44.79133560630528,G
COSMOS2015 261718,149.81520833333332,1.6818611111111108,G
2dFGRS TGS204Z214,5.851666666666667,-26.510833333333334,G
2MASX J19222737+4712475,290.6140257615842,47.21324883227222,G
SDSS J095516.57+022610.2,148.819056,2.436173,G
COSMOS2015 1048184,149.7945,2.893722222222222,G
SDSS J082552.65+324132.9,126.4694,32.692491,G
[RTG2015] 3815,53.125827,-27.797335,G
LEDA  198228,9.539095231350002,-22.50430332169,G
LEDA 3562893,225.20964914157997,35.57219628677,G
COSMOS2015 1025440,149.80991666666665,2.86125,G
WiggleZ R01J005921699+01572723,14.840448999999996,1.957535,G
WISE J183949.82+571937.5,279.9575948952583,57.32709072818806,G
SDSS J082213.94+054946.7,125.558102,5.829646999999999,G
LEDA  125061,3.31075,-41.156416666666665,G
SDSS J150355.31+012008.3,225.980491,1.3356379999999999,G
ShaSS 408042826,201.76888839999998,-31.5605619,G
2dFGRS TGS497Z036,5.959166666666666,-33.656388888888884,G
WiggleZ S15J150432327+04421996,226.1346947,4.705546,G
WISE J042437.09-271258.9,66.15457462834084,-27.216412075743886,G
WISE J183020.25+595848.9,277.58439087357374,59.98024733364056,G
SDSS J093757.32+013606.8,144.488854,1.6018890000000001,G
[RTG2015] 4716,53.145832,-27.787767,G
[RTG2015] 3797,53.172561,-27.797364,G
WISE J044627.21-252611.3,71.61345187351667,-25.436474676136665,G
WiggleZ S15J150253797+05580404,225.72415509999996,5.967787999999999,G
WISE J190630.97+524239.4,286.6290963098333,52.710959381396115,G
2dFGRS TGS858Z240,5.8085786102100005,-12.212704565779998,G
WISE J041906.47-271422.7,64.77697803563083,-27.239635666287505,G
WISE J011127.39-495624.5,17.864139346781258,-49.94021085359639,G
SDSS J003646.39+100133.2,9.193308000000002,10.025908,G
WISE J011108.11-501638.9,17.783880282554584,-50.277491048383055,G
COSMOS2015 262509,150.8235,1.6823888888888887,G
LEDA  195529,350.9850458333333,-9.883819444444443,G
GAMA J092528.31-002839.7,141.36795,-0.4777000000000001,G
SDSS J080444.85+063904.8,121.18688800000001,6.651343000000001,G
SDSS J155941.48+455705.0,239.92285793419495,45.951403020378336,G
SDSS J151149.36+445204.6,227.95570293503374,44.86795590285639,G
SDSS J092542.41+124902.5,141.426736,12.817364000000001,G
WISE J193112.88+475321.3,292.8038255908375,47.88923963976861,G
GAMA J092221.64+001221.9,140.59016,0.20609,G
COSMOS2015 1052849,149.83074999999997,2.899027777777778,G
LEDA 2661931,190.96591941320997,63.86320662254,G
SDSS J145448.18-022044.2,223.700774,-2.3456160000000006,G
GAMA 936800,140.70048,0.7816099999999999,G
LEDA  124848,359.597,-39.395944444444446,G
SDSS J151124.70+443408.2,227.85295161004206,44.56895462740195,G
COSMOS2015 1038605,149.80245833333333,2.8796944444444446,G
2dFGRS TGS858Z056,5.666249999999999,-12.311666666666667,G
COSMOS2015 1044027,149.7532083333333,2.886222222222222,G
WISE J042510.49-265415.9,66.29377033011419,-26.904426245977493,G
COSMOS2015 1052178,149.8538333333333,2.899,G
WiggleZ R01J005915499-02331881,14.814617500000002,-2.555253,G
SDSSCGB 44407.3,207.3781166666666,14.612372222222227,G
WiggleZ R01J005844851-03270790,14.6869165,-3.452223,G
KUG 0842+400B,131.5056218703,39.84559566228,G
2dFGRS TGS222Z215,27.851666666666667,-27.232499999999998,G
COSMOS2015 1045977,149.85862499999996,2.8903611111111114,G
2MASX J01173455-2204336,19.393906192381245,-22.07608581637528,G
SDSS J094002.43+030233.3,145.010138,3.0426069999999994,G
WiggleZ S15J150445440+06063853,226.18933319999996,6.110703999999999,G
WiggleZ R01J005952941+04321411,14.970625099999998,4.537226,G
LEDA 1390639,205.37105815997,11.23178670083,G
SDSS J142750.83+380710.0,216.96178764683833,38.11946797394556,G
SDSS J092129.93+082115.2,140.374736,8.354242,G
2dFGRS TGS253Z026,333.77141666666665,-28.941499999999998,G
SDSS J101101.49+153114.9,152.75623,15.520824,G
COSMOS2015 1029469,149.85254166666667,2.866611111111111,G
[RTG2015] 4794,53.198502,-27.788043000000002,G
WiggleZ S15J150422882+01453768,226.09534289999996,1.760467,G
[RTG2015] 3509,53.166135,-27.798439,G
WISE J190035.03+474329.7,285.14594614571166,47.72491955605278,G
SDSS J151848.54+434122.6,229.70228473671122,43.689613880546375,G
LEDA  379478,69.38083333333333,-58.41027777777778,G
SDSS J154901.51+450014.4,237.2563191402583,45.00399978793388,G
WiggleZ R01J005842158+00583534,14.675696399999998,0.9764550000000001,G
LEDA 1840398,197.80358333333334,28.594888888888885,G
WISE J184027.06+623548.4,280.11266358988087,62.59680910045223,G
WiggleZ R01J010001005+04405458,15.004223600000001,4.681801,G
LCRS B010423.7-382816,16.677333333333333,-38.20411111111111,G
DEEP2-GRS 41037563,36.81421,0.64365,G
LEDA 2429959,240.24575395928002,53.02876184689,G
COSMOS2015 1018385,149.8168333333333,2.8512777777777782,G
COSMOS2015 1048444,149.78270833333332,2.893138888888889,G
COSMOS2015 1030962,149.8467083333333,2.869222222222222,G
WiggleZ S15J150132997+04252642,225.38748819999998,4.424006,G
SDSS J155316.57+445218.2,238.31907484624247,44.871743909685556,G
WiggleZ R01J005922217-03140795,14.842605999999998,-3.235569,G
WiggleZ S15J151812279+06563195,229.55116389999998,6.942208,G
WiggleZ S15J151947659+06405025,229.94857800000003,6.680623999999999,G
[RTG2015] 3721,53.147773,-27.797807,G
COSMOS2015 1047057,149.837375,2.892138888888889,G
WISE J004602.70-244420.3,11.511338811014582,-24.738873542677222,G
[RTG2015] 1674,53.15201,-27.808815,G
WiggleZ R01J005846395-01053902,14.6933485,-1.094199,G
WiggleZ R01J005813232-01373259,14.555171499999998,-1.625747,G
2dFGRS TGN251Z035,189.42045833333333,-0.6175,G
SDSS J085936.67+195706.8,134.902801,19.951891999999997,G
COSMOS J095924.49+025150.3,149.85204166666665,2.8639722222222224,G
DEEP2-GRS 32045644,352.15042,0.41686,G
WISE J184021.02+603807.5,280.0875771509729,60.63535677419195,G
SDSS J093402.74+144846.0,143.511445,14.812805,G
WiggleZ S15J150143208+06091207,225.43003369999997,6.153352,G
SDSS J031605.77+415227.6,49.02404400000001,41.87434199999999,G
SDSS J155933.75+455544.7,239.89063290086085,45.92907987852222,G
2dFGRS TGS456Z036,28.531,-32.27722222222222,G
WiggleZ S15J150317199-00025473,225.8216644,-0.048537,G
[RTG2015] 1711,53.167817,-27.808812,G
COSMOS2015 254058,149.44975,1.6690277777777776,G
LCRS B215733.0-391828,330.1429166666667,-39.06730555555556,G
WiggleZ R01J010012514-03110916,15.0521785,-3.185906,G
WISE J043754.30-262244.5,69.47650660396125,-26.379159877860555,G
2MASX J00210631-3220482,5.276462962100001,-32.34661145261,G
NGVS J122725.51+160949.2,186.85629829999996,16.163664699999998,G
COSMOS2015 298956,149.90874999999997,1.7417222222222222,G
SDSS J155144.84+455453.2,237.93685456531665,45.91479226184612,G
COSMOS2015 1058489,149.73575000000002,2.9068333333333336,G
NGP9 F268-0146856,189.28500000000003,37.838055555555556,G
VIPERS 119026232,30.52436,-4.571716,G
WISE J065059.26-702817.7,102.74698974599875,-70.47158904650307,G
WISE J005323.77-214745.6,13.349114817703748,-21.796043100387777,G
LEDA 1657694,174.72041666666667,21.808055555555555,G
LCRS B000000.2-382417,0.6404583333333334,-38.12627777777778,G
WISE J185736.53+602947.7,284.4022470272062,60.49658564323971,G
WiggleZ S15J150214574+06250217,225.56072679999997,6.417268,G
2MASX J00000955+3009092,0.039666782260000005,30.152543185199995,G
Anon J232814+0005,352.062074,0.085725,G
SDSSCGB 63400.2,143.75991666666667,56.883116666666666,G
WiggleZ R01J005952401+00532308,14.968373400000003,0.889717,G
WiggleZ R01J010012171+00355556,15.050750400000002,0.598738,G
SDSS J003157.53+002000.6,7.989713000000002,0.3335060000000001,G
SDSS J152254.25+444846.4,230.72608649048,44.81289882362027,G
[RTG2015] 1687,53.149086,-27.808843,G
AM 2305-282,347.0583333333333,-28.183333333333334,G
WiggleZ S15J150411121+00545482,226.0463392,0.915227,G
COSMOS2015 1056147,149.8143333333333,2.903388888888889,G
SDSS J140714.85+433148.0,211.811895,43.530001,G
WISE J005641.85-242247.0,14.174375487105001,-24.379749542437228,G
LEDA  920659,197.65791666666667,-14.733888888888888,G
SDSS J101229.92+103503.7,153.124679,10.584367,G
SDSSCGB 17452.4,131.2844,41.32547777777778,G
WiggleZ R01J005805577+00000874,14.5232739,0.0024,G
COSMOS2015 1043009,149.86487499999998,2.886222222222222,G
WiggleZ R01J005758855-00495054,14.4952659,-0.830734,G
LCRS B003904.0-444712,10.359416666666668,-44.5125,G
COSMOS2015 1058758,149.81645833333332,2.9080555555555554,G
COSMOS2015 1043400,149.72920833333333,2.887,G
[RGD2013] J091546.095+515221.142,138.94199397241,51.87249604215,G
SDSS J081356.30+225930.6,123.48458999999998,22.991835000000002,G
SDSS J092431.14+032207.4,141.129758,3.3687400000000003,G
SDSS J151415.12+443354.8,228.56298932769246,44.56518416532555,G
SDSSCGB 11373.3,187.51229999999998,7.05416111111111,G
WISE J062634.44-733839.6,96.64353087246208,-73.64431767417862,G
WiggleZ R01J010027490+00023752,15.114579899999994,0.043727999999999996,G
COSMOS2015 1033910,149.77004166666666,2.873138888888889,G
GMP 6171,193.76458333333332,28.328055555555554,G
WiggleZ S15J150215170+06190001,225.56320809999997,6.316671,G
WiggleZ S15J150357569+02005352,225.98987139999997,2.014866,G
WISE J044323.40-244416.7,70.84754604967834,-24.73805011068306,G
WiggleZ R01J005859674-00591741,14.7486804,-0.988197,G
NGP9 F378-0097101,187.907375,25.02572222222222,G
WISE J043830.58-254838.4,69.62742604164042,-25.810740018895,G
SDSS J151809.64+045824.1,229.54017999999996,4.973383,G
LEDA 2264249,199.36416666666668,45.39361111111111,G
WISE J192625.03+430121.5,291.60425862331454,43.022643221344445,G
SDSS J031634.49+421801.7,49.14373200000001,42.300495,G
SDSS J101428.88+035051.3,153.620356,3.84761,G
WISE J185459.21+493417.5,283.7467583767825,49.571483816744724,G
WISE J181628.78+585205.0,274.11991901727333,58.868073463832225,G
WiggleZ R01J005835808-01024120,14.6492365,-1.044805,G
WiggleZ R01J005908968+01460831,14.787404500000003,1.768947,G
COSMOS2015 1045843,149.76262499999999,2.889638888888889,G
SDSS J165304.08+220015.1,253.26700459124996,22.004206578380003,G
SDSS J084950.07+171520.1,132.458662,17.255598999999997,G
SDSS J075022.94+162005.5,117.595589,16.334884000000002,G
LEDA 1686997,168.05257619263,23.41757028303,G
SDSS J142714.81+381338.5,216.81173604660123,38.227352313053885,G
WiggleZ S15J150433509+05472466,226.13962129999996,5.790182,G
VIPERS 410047270,333.437872,1.9687329999999998,G
2MASX J04462233-2355092,71.5931585128375,-23.919255158714165,G
WISE J192046.85+453932.1,290.19525271123376,45.658925201615,G
LEDA 2614178,201.17662596524,61.22522096299,G
WISE J192158.38+435602.4,290.49326402238086,43.934025698048885,G
2MASX J08361921+3325153,129.08010667475,33.42090444385,G
SWIRE J033409.60-275553.9,53.54004166666666,-27.93163888888889,G
GOODS J123715.95+622229.0,189.3164475,62.37472638888889,G
COSMOS2015 1050236,149.81120833333333,2.8963888888888887,G
WISE J193213.49+435026.7,293.05619351106964,43.84071549570973,G
WiggleZ R01J005848384-00090360,14.701635900000003,-0.15102699999999997,G
COSMOS2015 1042283,149.81304166666666,2.8847222222222224,G
SDSS J090358.08+083324.8,135.992039,8.556908000000002,G
WISE J082030.60-702235.1,125.1275148260304,-70.37641385233694,G
WiggleZ S15J150246977+03172503,225.69573719999997,3.290286,G
WiggleZ S15J150432017+05044295,226.13340279999997,5.078597,G
LEDA 2079168,119.3125,36.350833333333334,G
[RTG2015] 3744,53.189006,-27.797673,G
LEDA  597996,356.34072699804,-39.45962168715,G
COSMOS2015 1049664,149.8757083333333,2.895138888888889,G
WISE J193744.14+473437.8,294.4339060203233,47.57714675869806,G
[RTG2015] 3807,53.134872,-27.797384,G
2MASX J23570112-1717255,359.2546704996,-17.29050570938,G
WiggleZ S15J151947447+06064852,229.9476963,6.113478999999999,G
2dFGRS TGS836Z184,19.87708333333333,-39.336,G
WiggleZ R01J005948568+01092907,14.952403,1.158048,G
WISE J184253.12+511942.1,280.72127663259494,51.32836755458944,G
Anon J100328+0724,150.86920833333335,7.410805555555556,G
WiggleZ R01J010033157+00281647,15.1381914,0.47121399999999997,G
WISE J192500.88+464205.8,291.25366244380626,46.701632382933894,G
COSMOS2015 1020830,149.84891666666664,2.854722222222222,G
SDSS J140513.31+332508.2,211.30548542646792,33.41897844346278,G
SDSSCGB 35138.2,149.2677918712,49.38245835035,G
NGP9 F268-0841392,192.77170833333332,35.835,G
WiggleZ R01J005940255+04460546,14.917768100000002,4.768155,G
WiggleZ R01J010010049-03341941,15.0419065,-3.5720850000000004,G
WiggleZ R01J005838154-00535467,14.6590134,-0.898547,G
[FBC2017] J113150.3-195536.0,172.9595833333333,-19.92666666666667,G
COSMOS2015 1049448,149.79274999999998,2.8954444444444447,G
WiggleZ R01J005926106-01542805,14.858812000000002,-1.90782,G
SDSS J031600.28+420820.7,49.001186,42.139089999999996,G
COSMOS2015 259087,149.445,1.6771388888888887,G
COSMOS2015 1039879,149.82829166666667,2.8823333333333334,G
SDSS J154034.50+444957.4,235.14376716396913,44.83261300656251,G
WISE J184822.24+604804.1,282.09266595684744,60.80111451576694,G
VIPERS 111153389,31.949547,-4.887218,G
SDSS J154737.80+462803.9,236.90753544881252,46.46777496108028,G
WISE J181946.15+544812.9,274.94229355564,54.80355982975555,G
WISE J181208.69+513651.5,273.0362172081783,51.61429262688501,G
2dFGRS TGS383Z154,27.58916666666667,-30.41638888888889,G
LEDA 1381114,257.51449583333334,10.55186388888889,G
LEDA 3734981,133.11239673671582,14.899144148751112,G
LEDA  574440,36.019625000000005,-41.55494444444444,G
WiggleZ S15J150133673+05171879,225.3903042,5.2885539999999995,G
2dFGRS TGS204Z072,6.165416666666667,-27.296111111111113,G
COSMOS2015 1054832,149.8645,2.901722222222222,G
WiggleZ S15J150442071+04590398,226.1752943,4.984438,G
SDSS J154141.26+434158.3,235.42189690012168,43.69953271806777,G
2MASX J23095796-2426069,347.49155948416,-24.43535128551,G
LEDA 3341708,135.82870427884,54.37935248887,G
SDSS J151318.19+435455.7,228.32582594512166,43.91546404065472,G
SDSS J151607.63+035041.1,229.031831,3.844756,G
WiggleZ S15J150404862+00340883,226.0202591,0.569119,G
LEDA  572144,349.2043333333333,-41.779250000000005,G
WiggleZ R01J005854560-00541806,14.7273714,-0.9050459999999999,G
LCRS B015058.7-384032,28.281041666666667,-38.42988888888888,G
LCRS B010333.1-383838,16.46708333333333,-38.37652777777778,G
WiggleZ R01J005815265-02254847,14.563642,-2.4301589999999997,G
2MASX J19174950+4429505,289.45638400775545,44.49724885223889,G
SDSS J162820.45+395900.4,247.08526502206996,39.98344976406999,G
WISE J190757.50+484738.4,286.989640572755,48.79398676776194,G
COSMOS2015 1019896,149.82466666666667,2.8511388888888893,G
SDSSCGB 37804.3,160.34003685395,7.980160725909998,G
COSMOS2015 249332,150.62920833333334,1.6612222222222222,G
WiggleZ S15J150242261+01363620,225.6760885,1.610055,G
COSMOS2015 1043138,149.73666666666668,2.885972222222222,G
SDSS J001611.82+145134.2,4.049264,14.859519,G
COSMOS2015 1052433,149.85212499999997,2.898861111111111,G
COSMOS2015 296824,149.47133333333332,1.7381944444444446,G
2MASX J18084232+5655051,272.17658859911876,56.91824081599305,G
SDSS J141040.75+344843.0,212.66980222849583,34.81196014801,G
SDSS J100027.49+062511.5,150.114545,6.419884,G
LEDA 2571984,147.60345811908,57.8741643627,G
2dFGRS TGS204Z070,6.178333333333334,-27.3475,G
SDSS J160630.17+470432.8,241.62573917870253,47.07577691896445,G
WiggleZ S15J150248078+07041374,225.70032409999996,7.0704839999999995,G
SDSS J170547.94+241258.3,256.44976494097,24.21621893512,G
LEDA 1865901,223.92170149179998,29.42535463243,G
SDSS J095048.64+215523.0,147.702706,21.923063,G
GAMA J092434.69+003249.8,141.14456,0.54719,G
LEDA  215393,34.18958333333334,-88.08,G
WISE J181347.74+565830.6,273.4490087808625,56.975168929931954,G
2MASX J19415121+5429062,295.4632339526346,54.48521076695611,G
WiggleZ S15J151852322+07015061,229.71800749999997,7.030726,G
2dFGRS TGS497Z263,6.0008333333333335,-33.945277777777775,G
WISE J010631.76-244503.9,16.63238795725917,-24.751111960696946,G
[RTG2015] 3635,53.138218,-27.798144,G
WISE J180004.07+551356.1,270.01692239466536,55.23225616986,G
COSMOS2015 1019228,149.86841666666666,2.852638888888889,G
WiggleZ R01J005951594-00085788,14.965010399999997,-0.149438,G
SDSS J130439.28+180920.1,196.16368999999997,18.155592999999996,G
SDSSCGB 19440.3,132.89682182971,15.983499239859999,G
[RTG2015] 1846,53.16304,-27.808026,G
UVISTADR1 J095728.16+015208.5,149.36733,1.86903,G
LCRS B002611.2-415607,7.157958333333333,-41.65886111111111,G
COSMOS2015 1015708,149.82491666666664,2.847666666666667,G
COSMOS2015 1041796,149.78808333333333,2.8839722222222224,G
2MFGC 14280,273.70960255317,4.79756943453,G
2MFGC 14414,276.87710518715,42.00985812231,G
SDSS J081343.15+125756.9,123.429811,12.965809,G
SDSS J221205.46+254140.1,333.022755,25.69448,G
GAMA 583242,173.56144,-0.09583,G
2MFGC 13473,252.41742083333335,-57.12102777777778,G
SDSS J140356.25+332132.6,210.98440857989166,33.359084672631944,G
LEDA 1242729,329.80708333333337,2.9955555555555557,G
2MASX J14124956+6840178,213.20651195833327,68.67162305555557,G
COSMOS2015 1057041,149.82199999999997,2.905,G
2dFGRS TGS435Z036,3.0341666666666667,-32.64138888888889,G
LCRS B221851.0-391407,335.44883333333337,-38.98277777777778,G
COSMOS2015 1031110,149.84025,2.8698055555555557,G
BLAST J033134-282344,52.891416666666665,-28.40083333333333,G
LEDA 1038164,198.929625,-5.980972222222222,G
WiggleZ S15J150242361+06082796,225.6765028,6.141100000000001,G
2MASX J19205701+4456042,290.2375502161233,44.93441677647194,G
WISE J185336.82+490335.7,283.4033753287041,49.05987331738361,G
WiggleZ S15J150338622+04233527,225.910926,4.393131000000001,G
ShaSS 422030792,198.3970928,-32.71835339999999,G
WISE J181548.23+472316.8,273.9508998868213,47.38799665671,G
WiggleZ S15J151825616+07011608,229.60673129999998,7.021132999999999,G
ShaSS 423028737,198.71180459999997,-31.5564073,G
2MASX J19392209+5622481,294.8420182770104,56.38000958826251,G
WiggleZ R01J005849300+01231230,14.705455,1.3867229999999997,G
WiggleZ S15J150317819+00390969,225.82424739999996,0.6526909999999999,G
SDSS J013139.04+004016.0,22.912682999999998,0.67113,G
WISE J191743.80+471242.7,289.4324872572392,47.211853360687776,G
LEDA  301833,33.91166666666667,-66.79916666666666,G
WiggleZ R01J010034251-00054160,15.142748400000002,-0.094917,G
COSMOS2015 1020702,149.74975,2.855138888888889,G
SDSS J155417.41+470430.2,238.57254818788044,47.07504593175972,G
WISE J190257.81+611746.6,285.74086796364753,61.29625858181611,G
WISE J181433.10+550840.2,273.6379001449983,55.144535935335,G
LEDA 1246787,31.083750000000006,3.1758333333333333,G
SDSS J102809.73+141235.5,157.040555,14.209882,G
WiggleZ R01J010038889-02024740,15.1620745,-2.046528,G
2dFGRS TGS839Z457,3.3945833333333333,-49.39083333333333,G
SDSSCGB 38196.1,233.59069961625,36.23622780353,G
WiggleZ R01J010020623+05075590,15.0859661,5.132166,G
COSMOS2015 1035825,149.88008333333335,2.875611111111111,G
SDSS J142603.66+382456.3,216.51528484416914,38.41565657270528,G
WiggleZ S15J150445954-00094826,226.1914768,-0.163406,G
WISE J190603.63+534147.2,286.5151456829475,53.69640598735,G
GAMA 870201,139.77678,2.8674000000000004,G
2dFGRS TGN429Z028,160.78233333333333,1.1906666666666668,G
SDSS J082655.25+170929.0,126.730223,17.158076999999995,G
WiggleZ S15J151804884+06355383,229.5203496,6.598285,G
WiggleZ S15J150234542+01574800,225.6439262,1.9633340000000006,G
WiggleZ S15J150231674+06240354,225.63197469999997,6.400984000000001,G
COSMOS2015 1046454,149.80554166666664,2.8902222222222225,G
SDSSCGB 55075.2,179.49343225999,42.43539118961,G
WISE J010342.66-500720.6,15.92781405278375,-50.12243315583221,G
WiggleZ R01J005916038-02362495,14.816861500000005,-2.606958,G
SDSS J031640.92+414635.3,49.17053200000001,41.77649799999999,G
WiggleZ R01J005828010-03093442,14.616743499999998,-3.1595890000000004,G
2MASX J18533871+5110303,283.41112940748667,51.175124298972776,G
WiggleZ S15J150423473+04111702,226.0978042,4.188061000000001,G
SDSSCGB 71141.3,217.3074708333333,-2.1413055555555554,G
WiggleZ S15J150145638+02100629,225.44015849999997,2.168413,G
SDSS J103000.82+301952.9,157.503427,30.331365999999996,G
LEDA  281723,33.3393457462,-69.04179847914,G
WiggleZ S15J151730755+06473795,229.37814620000003,6.793875,G
SDSS J213131.65+072914.4,322.881875,7.487359,G
SDSS J140546.95+340315.8,211.44562794946586,34.05439522452861,G
WISE J191718.65+520720.6,289.32774083979297,52.12243754928611,G
LEDA 1515302,210.42125,16.716666666666665,G
SDSS J094131.80+044442.2,145.382513,4.745068,G
WiggleZ S15J150303361+06311409,225.7640029,6.52058,G
LCRS B232122.8-384443,351.0218333333333,-38.47061111111111,G
SDSSCGB 73938.4,21.154925000000002,0.035577777777777785,G
COSMOS2015 1020230,149.84,2.8535000000000004,G
SDSS J142324.13+370012.7,215.85058188109207,37.00354802144222,G
WISE J010906.64-495145.2,17.27781825767708,-49.86261614046472,G
WiggleZ R01J005906587+00514495,14.777483399999998,0.862457,G
[RGD2013] J215517.507+123420.136,328.8229458333334,12.57226,G
WiggleZ R01J005944684+01092211,14.936221,1.1561130000000002,G
WiggleZ R01J005819311-02282797,14.580499000000003,-2.474463,G
2dFGRS TGS570Z317,27.86416666666667,-34.919444444444444,G
SDSS J152623.80+434621.5,231.59920912281748,43.77267425699111,G
WISE J180036.52+561259.4,270.1521691421392,56.21649090486362,G
LCRS B222904.7-422212,338.00658333333337,-42.112500000000004,G
WISE J195642.91+542611.6,299.17875504268125,54.436549904702225,G
WiggleZ R01J005900236-03040983,14.751022,-3.069425,G
WISE J044442.77-245042.9,71.17822859210958,-24.845230368128334,G
GMP 6271,193.72708333333335,27.396944444444443,G
[FCB2017] J052912.9-393930.4,82.30375,-39.65844444444444,G
SDSS J154506.08+451052.7,236.2753469686346,45.18129210975332,G
WISE J181311.47+612337.5,273.29774733203453,61.393774541955004,G
SDSS J232357.03-040705.5,350.987647,-4.118219,G
2dFGRS TGS362Z186,6.11625,-30.891666666666666,G
LEDA 3331207,258.21963269524997,62.36266854143,G
WiggleZ R01J010032975+04264088,15.137431100000002,4.44466,G
WiggleZ S15J150300543+06300894,225.7522646,6.502482999999999,G
WiggleZ S15J150259931+03533012,225.74971229999997,3.891701000000001,G
LEDA 1725510,353.1691666666667,25.102222222222224,G
WiggleZ S15J150413184+01510688,226.0549351,1.851912,G
WiggleZ S15J150153899+05140627,225.47457949999998,5.235076,G
WiggleZ R01J005759419-02381100,14.497615000000001,-2.636416,G
LCRS B234035.2-413342,355.8068333333334,-41.28411111111111,G
SDSSCGB 59419.5,358.25285833333334,1.082463888888889,G
WISE J044833.64-234357.1,72.1402259068154,-23.732555524016114,G
LEDA 1610891,216.11083333333335,19.941111111111113,G
[KAG2008] g81,41.92865416666667,60.335111111111104,G
ShaSS 423031914,199.1915369,-31.489994100000008,G
WISE J191916.87+473259.0,289.8203143201775,47.5497383286975,G
COSMOS2015 1044517,149.851125,2.888111111111111,G
LCRS B010111.7-422818,15.871541666666667,-42.20355555555555,G
LEDA  424282,31.35750000000001,-53.96472222222223,G
COSMOS J095905.06+025248.4,149.7710833333333,2.880111111111111,G
WiggleZ S15J150400243+02313063,226.0010134,2.5251750000000004,G
WiggleZ R01J005859880-02580551,14.749535499999997,-2.9682260000000005,G
WiggleZ R01J005821363+03402698,14.5890505,3.674132,G
2dFGRS TGS438Z087,5.966249999999999,-32.4,G
WISE J011059.12-234534.8,17.746405127617916,-23.759725500945553,G
2MASX J00302675-2338467,7.611342935660002,-23.646412662695553,G
WiggleZ R01J005925075+00065092,14.8545144,0.11411600000000002,G
2MASX J06293994-7350328,97.41659203408251,-73.84258506678806,G
2MFGC 14675,284.91329421767,-79.54099519913,G
WISE J182912.60+595656.5,277.3025448403771,59.949047958757774,G
LEDA 2420099,242.49406281299997,52.6443396823,G
WiggleZ R01J005935767-02083913,14.899067500000001,-2.1442319999999997,G
2dFGRS TGS238Z227,45.69666666666666,-27.232277777777774,G
[CFC97] Sc 30,12.095833333333333,-25.46833333333333,G
SDSS J212852.54+040511.4,322.21894399999996,4.086523,G
WISE J011413.62-494328.6,18.556718381176665,-49.72468334699917,G
SDSSCGB 39407.3,172.2616083333333,42.83181666666667,G
SDSSCGB 14467.5,149.2448291666667,60.95378611111111,G
WISE J181337.08+402322.1,273.4044926479437,40.38946978627361,G
WISE J184354.68+543633.2,280.97797596279827,54.609174521576946,G
LEDA 2492320,196.99166666666667,55.152499999999996,G
WISE J182703.18+581222.0,276.7632369452408,58.20612625213057,G
WiggleZ S15J151847522+06285230,229.6980099,6.481194,G
WISE J190757.42+482005.4,286.98923245468836,48.334819330015286,G
WISE J043045.09-255408.5,67.68791413120208,-25.90240424549028,G
[MET2007] 73.465843-3.088047,73.46584166666668,-3.0880472222222224,G
WISE J182423.54+562600.7,276.0980836264087,56.4335253843125,G
SDSS J160320.48+463443.2,240.83533658846957,46.578689125088346,G
SDSS J234147.92+045051.0,355.449669,4.847518,G
WISE J004849.44-210921.9,12.20604448061375,-21.156127002519444,G
SDSS J160042.69+453603.9,240.17787770986124,45.601092087960275,G
COSMOS2015 255834,150.41020833333334,1.6696666666666664,G
WISE J183327.71+433922.6,278.36545993256124,43.65630620064972,G
WISE J044402.68-261218.3,71.01111555223375,-26.205053597211943,G
GOODS J123609.98+621016.4,189.041575,62.171232777777774,G
NGVS J123521.64+123724.9,188.84018569999998,12.6235888,G
[RTG2015] 3655,53.166579,-27.79798,G
SDSS J152221.59+415349.5,230.59001066077963,41.89706490320416,G
COSMOS2015 1022196,149.88629166666666,2.856027777777778,G
COSMOS2015 261284,150.05258333333333,1.681361111111111,G
LCRS B001624.9-444152,4.723666666666667,-44.42036111111111,G
GAMA J091956.29+000329.0,139.98454166666667,0.0580888888888889,G
WISE J191259.03+584856.6,288.2459366168696,58.815737095622225,G
SDSS J152205.42+470521.5,230.5226288577487,47.08933798581778,G
WiggleZ R01J005826403-02121425,14.6100505,-2.203987,G
WISE J183946.10+550504.9,279.9420668537896,55.08468320191222,G
LEDA  742337,28.549166666666665,-28.384444444444444,G
WiggleZ S15J150222617+05351855,225.5942395,5.588485,G
SDSS J151701.12+052207.1,229.254668,5.368647,G
GAMA 3065375,173.53941,0.7186300000000001,G
WiggleZ R01J005906994+01210725,14.779180000000002,1.3519849999999998,G
LCRS B011426.1-383728,19.177875,-38.361111111111114,G
WiggleZ S15J150446848+05493446,226.1951986,5.826238,G
WiggleZ S15J151900485+06090527,229.75202100000004,6.151463,G
LEDA 1647050,174.76291666666665,21.294444444444448,G
WISE J185627.18+603013.7,284.11324087887294,60.503804716404176,G
WiggleZ S15J151856548+06394982,229.73561700000002,6.663837999999999,G
SDSS J154258.03+453228.9,235.74179738695295,45.54137375318138,G
WiggleZ S15J150155814+02034326,225.48255889999996,2.062016,G
COSMOS2015 1022381,149.82262499999996,2.857166666666667,G
SDSS J150245.95+422056.1,225.69150728754997,42.34895289353334,G
2MASX J14405262-4535154,220.21919046892,-45.58760264208,G
SDSS J003707.42-011549.8,9.280946999999998,-1.263847,G
2MASX J19193688+4708363,289.9037329767425,47.14348922036972,G
COSMOS2015 1039251,149.784125,2.881083333333333,G
COSMOS2015 1053698,149.73766666666666,2.8992777777777774,G
LEDA 2534588,197.76166666666666,56.37027777777778,G
WiggleZ R01J005932051-02460093,14.883583000000002,-2.766954,G
WiggleZ R01J005836975+01524067,14.654098000000003,1.877935,G
COSMOS2015 1022349,149.7809583333333,2.857138888888889,G
COSMOS2015 1052513,149.77149999999997,2.8966388888888885,G
VIPERS 114158903,34.382516,-4.968205,G
COSMOS2015 1025827,149.76483333333329,2.8618333333333337,G
SDSS J162106.70+342115.0,245.277954,34.354181999999994,G
LEDA 2083991,141.79375,36.62638888888889,G
VIPERS 121038701,32.223407,-4.517869,G
WiggleZ R01J005921427+00532825,14.8393149,0.891153,G
WISE J194459.95+512641.9,296.24984736785046,51.444942045314995,G
SDSS J155715.34+453720.0,239.3139726657287,45.62224597510721,G
COSMOS2015 1031235,149.79941666666664,2.8682222222222227,G
WiggleZ R01J005855755+00180751,14.7323514,0.302059,G
WISE J011255.10-500509.2,18.229619306259583,-50.08593540529528,G
LCRS B012507.8-393709,21.839083333333335,-39.360166666666665,G
WISE J151658.64+403027.9,229.24433508946254,40.50776360691861,G
SDSS J160150.01+462849.1,240.45839126500204,46.48030628665639,G
WiggleZ R01J005859022-00205287,14.7459624,-0.3480480000000001,G
WiggleZ R01J005909124-03035371,14.7880555,-3.0649470000000005,G
LCRS B232905.1-384105,352.9407083333333,-38.40858333333333,G
GAMA 936803,140.71051,0.64863,G
WiggleZ S15J150253177+05523408,225.72157089999996,5.876135,G
COSMOS2015 1029894,149.77099999999996,2.867666666666667,G
SDSS J090920.33+032508.1,137.334735,3.4189359999999995,G
VIPERS 110173087,30.957187,-4.822542,G
WiggleZ S15J150203811+05053620,225.5158791,5.093389,G
COSMOS2015 1045548,149.83754166666665,2.8900555555555556,G
2MASX J18143211+4113443,273.6339944191738,41.229015412582775,G
WISE J080850.31-684425.0,122.20944659216002,-68.74025866884693,G
LEDA  493845,34.39541666666666,-47.91305555555555,G
WiggleZ R01J005955118+04262850,14.9796971,4.441221,G
GOODS J123551.32+621039.9,188.96382,62.177843333333335,G
LCRS B010125.5-413136,15.93079166666667,-41.25852777777778,G
SDSS J093807.47+070717.7,144.531142,7.1215959999999985,G
GAMA 3619645,141.00431,-1.3945699999999999,G
SDSSCGB 54970.4,266.97876666666673,59.510733333333334,G
2MFGC 13972,265.15412423351995,-8.23837274592,G
LEDA 2483168,179.65842306286083,54.87522762699194,G
SDSS J084517.28+073628.7,131.322039,7.607994,G
COSMOS2015 1050868,149.78466666666668,2.8967777777777775,G
2dFGRS TGS498Z157,5.9087499999999995,-32.6425,G
SDSS J151627.67+040334.2,229.115296,4.059522,G
COSMOS2015 1035193,149.80491666666666,2.8752222222222223,G
WiggleZ R01J005832852-00363652,14.6369214,-0.6101730000000001,G
SDSS J150419.30+014921.0,226.080418,1.822502,G
2MASX J00523606-2152170,13.150295283465834,-21.87151837482778,G
SDSS J152023.18+044134.7,230.096601,4.692973,G
2MASX J00234126-2433510,5.92194156302625,-24.564265314439723,G
WISE J042955.64-262500.3,67.48189218195292,-26.416837009667223,G
2MFGC 15537,306.94970211172,-10.9231479851,G
SDSS J154951.43+445127.0,237.46430659147916,44.857507573067224,G
WiggleZ R01J010017270-00382981,15.0719934,-0.641642,G
LEDA  462883,328.2941666666666,-50.79805555555556,G
LCRS B121411.7-051737,184.19125,-5.571555555555555,G
WISE J044637.49-253225.7,71.65624192404542,-25.540513597185555,G
COSMOS2015 1045723,149.783,2.8900833333333336,G
LEDA 1798546,34.07249999999999,27.12777777777778,G
WISE J003622.04-244136.6,9.092008083482916,-24.693539239920558,G
WiggleZ R01J005845137+03341673,14.688109000000003,3.571287,G
SDSS J031441.70+000033.7,48.673776000000004,0.009368,G
[RTG2015] 1980,53.178863,-27.807064,G
SDSS J150350.13+412407.4,225.95890452460958,41.402057647109444,G
SDSS J081357.38+223821.9,123.48908700000001,22.639423999999998,G
WISE J011655.19-491137.0,19.230022058707085,-49.193599034902775,G
LEDA 1980560,197.65661516449248,32.10630707551111,G
WiggleZ S15J150338335+06120871,225.90973079999998,6.202419,G
WiggleZ R01J005919528-01233251,14.8314025,-1.392392,G
WiggleZ S15J150330320+03564327,225.87633179999997,3.945353,G
[RTG2015] 1664,53.168059,-27.809123,G
[RTG2015] 1844,53.162158,-27.80797,G
LEDA   54784,230.315,30.764166666666668,G
[RTG2015] 3535,53.184682,-27.798614,G
[AMS2018] PSZ2 G216.62+47.00  1,9.830956999999998,17.12188,G
SWIRE J033049.84-282444.4,52.70770833333333,-28.412361111111107,G
LEDA 2599093,199.05291666666668,60.19333333333333,G
LCRS B015026.6-412347,28.137375000000002,-41.15044444444444,G
WiggleZ R01J010010949-03363348,15.045658,-3.609329,G
WiggleZ S15J150337022+04301932,225.9042569,4.505366000000001,G
[RTG2015] 3494,53.131268,-27.79873,G
[FBC2017] J051524.2-542110.5,78.85083333333334,-54.35291666666667,G
WiggleZ S15J150447239+05383204,226.1968284,5.642232000000001,G
WiggleZ S15J150131346+06493689,225.3806079,6.826914999999999,G
WISE J184146.06+620854.7,280.4419388913642,62.14851529879388,G
GAMA J092311.60-001249.3,140.7983649,-0.213711,G
2dFGRS TGS152Z194,27.637500000000003,-26.250833333333333,G
GAMA 927354,174.46753,0.36697,G
2dFGRS TGS282Z220,5.894583333333332,-28.828611111111112,G
SDSS J021512.98+072905.8,33.804102,7.484961,G
WISE J185253.07+570154.2,283.2211607996537,57.03168088473723,G
LCRS B231834.1-385314,350.32200000000006,-38.61325,G
WiggleZ R01J010035313+05111911,15.147173600000004,5.188615,G
WiggleZ R01J005900235-01091152,14.751017499999994,-1.153229,G
Anon J083612+4400,129.05,44.00666666666667,G
WiggleZ R01J010007860+03465986,15.032788,3.7832660000000002,G
SDSS J144014.55+031635.9,220.060659,3.276662,G
NGP9 F268-1661939,192.6025833333333,33.43172222222222,G
COSMOS2015 1022502,149.86033333333333,2.857638888888889,G
WISE J043441.91-242918.7,68.674643999955,-24.488511223133607,G
LEDA  711981,28.02,-30.869722222222222,G
[RTG2015] 3626,53.186848,-27.798215,G
WiggleZ R01J005835220-02303962,14.646787,-2.511033,G
SDSS J142449.17+380958.4,216.2049208412508,38.16623731983027,G
LEDA 2337012,170.57208333333332,49.22972222222222,G
WiggleZ R01J005947899-02492839,14.949616,-2.8245820000000004,G
GAMA 927157,140.48722,0.26228000000000007,G
WiggleZ R01J005926412+01025256,14.860086999999998,1.0479060000000004,G
SDSSCGB 12004.4,134.047325,46.74816388888889,G
SDSS J150208.03+411240.8,225.53348897395122,41.21135592394528,G
SDSSCGB 15272.5,164.0251041666667,14.861608333333336,G
2MASX J19275665+4600098,291.98605727367584,46.00263675239583,G
COSMOS2015 1044724,149.77366666666666,2.888472222222222,G
GAMA 4278509,141.34988,0.15509999999999996,G
LEDA 2795755,14.397499999999997,-40.325833333333335,G
WISE J192749.97+432043.4,291.9581905502262,43.345378772393616,G
SDSS J100745.80+095334.9,151.940847,9.893048999999998,G
WiggleZ R01J010007053-02143095,15.029425000000003,-2.241959,G
SDSS J235419.48+033339.4,358.581191,3.5609539999999997,G
WISE J184951.84+510320.3,282.4660660715575,51.055669783035825,G
WiggleZ R01J010002572-01031097,15.010754500000004,-1.0530760000000001,G
LCRS B233905.7-394253,355.43429166666664,-39.43744444444444,G
GOODS J123755.62+621542.5,189.48187499999997,62.261802777777774,G
[RGD2013] J215505.889+123649.680,328.77453750000006,12.6138,G
COSMOS2015 1056800,149.82420833333333,2.9039444444444444,G
GAMA J092303.89+002741.6,140.76623,0.46162,G
WiggleZ R01J005753957+00582531,14.474858399999999,0.97367,G
2MASX J18434965+5530243,280.9569593392958,55.50667323409111,G
SDSS J155833.50+461349.0,239.63957588440582,46.23028138037167,G
[WLC2022] 01999,190.86860099999998,35.916441,G
SDSSCGB 46967.1,133.33197083333332,37.43805277777777,G
2dFGRS TGN134Z119,197.62508333333332,-3.8669444444444445,G
WiggleZ R01J005826064+02072399,14.608638999999998,2.123303,G
[FBC2017] J051646.5-543146.3,79.19375,-54.52952777777778,G
SDSS J101240.10+310013.3,153.167111,31.003703000000005,G
SDSS J090323.00+071659.9,135.845875,7.283332,G
AM 2230-284,338.31666666666666,-28.479999999999997,G
SDSSCGB 65195.3,214.78738560345,49.38122035362,G
2MASX J00452997-3243145,11.374908358509998,-32.72087454999,G
COSMOS2015 1038743,149.84566666666663,2.879166666666667,G
[RTG2015] 3603,53.15919,-27.798202,G
COSMOS2015 1034932,149.78283333333331,2.87475,G
NGP9 F268-0754909,191.56374999999997,36.076194444444454,G
2MASX J04494269-0627074,72.42784112424,-6.452034771739999,G
WiggleZ R01J005929668-02082979,14.873654500000004,-2.1416360000000005,G
SDSS J093937.81+275659.4,144.907574,27.949851,G
SDSS J151539.63+442214.0,228.9151310771521,44.370552013807504,G
SDSS J024645.10+034906.8,41.687953,3.8185729999999993,G
WiggleZ R01J005828384-00162612,14.618303399999999,-0.273949,G
LCRS B002004.0-422520,5.6339999999999995,-42.14508333333333,G
COSMOS2015 1030057,149.785,2.867888888888889,G
NGP9 F268-0899416,191.79916666666665,35.74638888888889,G
WISE J010414.52-241243.6,16.06057547429459,-24.212121843246113,G
2dFGRS TGS436Z022,3.3145833333333337,-32.45777777777778,G
GOODS J123657.10+622042.2,189.23791,62.345148333333334,G
2dFGRS TGS165Z020,47.111291666666666,-26.441083333333335,G
2MFGC 14431,277.5152291666667,-53.24036944444445,G
WiggleZ R01J005913067+00551896,14.8044819,0.9219050000000001,G
COSMOS2015 1042612,149.88,2.8844166666666666,G
COSMOS2015 1017627,149.84383333333332,2.850305555555556,G
SDSS J154706.75+463311.9,236.77813659086917,46.55330740019612,G
WISE J182441.22+471620.2,276.1717506458812,47.27226567132028,G
SDSS J150820.35+403146.0,227.08483821208125,40.52945477051362,G
WISE J191108.48+503430.4,287.78544990928754,50.575057184376675,G
SDSS J002501.38+160948.0,6.25579,16.163344000000002,G
[RTG2015] 1714,53.180393,-27.808802,G
2dFGRS TGS456Z083,27.83791666666667,-32.480555555555554,G
WISE J184425.24+621349.1,281.105061546445,62.2303151004236,G
SDSS J095440.28+190506.4,148.667845,19.085131,G
[RTG2015] 3793,53.125893,-27.797455,G
WISE J002749.93-232807.2,6.958118557685834,-23.4687099241725,G
GAMA 4066155,140.27146,-0.56839,G
SDSS J102413.76+055418.5,156.057345,5.905167000000002,G
UVISTADR1 J095918.56+022125.9,149.82729166666667,2.357222222222222,G
SDSS J091703.80+165420.1,139.265838,16.905587000000004,G
6dFGS gJ021809.1-275258,34.53813333333333,-27.88271388888889,G
SDSS J213126.36+041844.8,322.859836,4.312449000000001,G
NGP9 F378-0375776,191.46025,22.89697222222222,G
WISE J010605.16-232021.3,16.52153237908708,-23.339320393837774,G
SDSSCGB 73753.1,246.60295833333333,0.4595388888888888,G
COSMOS2015 1049517,149.74025,2.890388888888889,G
2dFGRS TGS370Z231,14.642083333333334,-31.003055555555555,G
WiggleZ R01J005825432-00095336,14.606004900000002,-0.16485099999999997,G
WISE J182613.44+440616.2,276.55596506752835,44.104442154156665,G
WISE J182622.59+621829.9,276.59407768227834,62.30825534264361,G
WiggleZ S15J150431197+06071343,226.12998849999997,6.120397999999999,G
WiggleZ R01J005951449+00165811,14.9644059,0.28278099999999995,G
LEDA 2797012,34.238749999999996,57.52916666666667,G
WiggleZ R01J005856826-03223516,14.736812500000001,-3.3764620000000005,G
COSMOS2015 263565,149.581175,1.6830694444444443,G
zCOSMOS 832066,150.04773,2.40935,G
WISE J180312.86+564258.4,270.80348921555503,56.71623189110722,G
WiggleZ S15J151930229+03265971,229.8759544,3.44992,G
SDSS J082516.60+073325.8,126.31917399999999,7.557190000000001,G
SDSS J002017.43+105326.6,5.07266,10.890741,G
WiggleZ S15J150149935+02511470,225.45806319999997,2.8540830000000006,G
WISE J043751.67-253411.0,69.46530831684917,-25.56973282589139,G
[RTG2015] 3666,53.142124,-27.798111,G
COSMOS2015 1032775,149.81562499999998,2.8696944444444443,G
2dFGRS TGN012Z030,192.61575000000002,-6.308777777777777,G
WiggleZ R01J010030407+04460289,15.126734600000002,4.767441,G
GOODS J123737.30+621411.6,189.4054279166667,62.236559166666666,G
WiggleZ S15J151924889+06244398,229.8537057,6.412216999999999,G
2MASX J18053035+5813434,271.37656760680125,58.228647238722495,G
2MASX J05551206+5054065,88.80013555478166,50.901663308493056,G
WiggleZ S15J150301189+05530230,225.75495239999998,5.883972000000001,G
WISE J184902.90+583747.5,282.26207102065825,58.62985199343417,G
GOODS J123808.37+621616.4,189.5349325,62.27135972222222,G
LEDA  572401,350.2175524664,-41.75435359135,G
WiggleZ R01J005822404-03020654,14.593387000000003,-3.035178,G
SDSS J031640.62+413116.2,49.169267,41.521167,G
SDSSCGB 28732.1,131.08072546198,52.38570238172001,G
LCRS B233627.4-412308,354.7786666666666,-41.10861111111111,G
COSMOS2015 1044259,149.75487499999997,2.8848888888888893,G
2MFGC 14058,267.3734749999999,-46.900349999999996,G
2dFGRS TGS222Z063,27.877916666666668,-27.746111111111112,G
WiggleZ R01J005859591+02071227,14.748332499999995,2.120047,G
COSMOS2015 1022749,149.84820833333333,2.8580277777777776,G
WiggleZ R01J010012369+01250688,15.051572500000002,1.41855,G
WISE J065338.65-712737.4,103.41097570072375,-71.46039288571028,G
WiggleZ R01J005926042+01362424,14.858546499999997,1.6067050000000003,G
GAMA 3032346,173.7508,0.26213,G
IRAS 17481+2135,267.5684189999999,21.572922,G
COSMOS2015 1048957,149.88374999999996,2.8941388888888886,G
LEDA  820257,197.65416666666667,-22.028888888888886,G
SDSSCGB 52144.1,138.3878916666667,0.40456666666666663,G
WISE J194552.16+550115.5,296.46740796692995,55.02089067599779,G
2dFGRS TGN324Z073,192.39675000000003,-0.05658333333333333,G
COSMOS2015 296848,150.41895833333336,1.7379166666666668,G
WiggleZ S15J150325947+05232940,225.85811219999997,5.391500000000001,G
WISE J181033.13+502807.7,272.6380518331254,50.468831201324726,G
GAMA 4068660,173.8527,-0.49084,G
LEDA 2603606,197.3905829015496,60.54609632120279,G
LCRS B011524.5-382035,19.421299947441664,-38.07953729638556,G
SDSS J151758.58+441139.4,229.49410360007874,44.19428991889444,G
WiggleZ R01J005816911-02282366,14.570498499999996,-2.4732669999999994,G
WISE J044626.75-235313.6,71.61148257371833,-23.887125996553895,G
WiggleZ S15J150450322-01550138,226.2096734,-1.9170489999999998,G
SDSS J100301.76+181810.8,150.75736,18.303015,G
WiggleZ R01J005931074-00294655,14.879510400000001,-0.496293,G
LCRS B012627.1-394150,22.168,-39.43897222222222,G
ShaSS 405054001,203.5975583,-29.4842199,G
VIPERS 111190238,31.702578,-4.713313,G
WISE J044422.07-254000.3,71.09202138787042,-25.66676906885639,G
WiggleZ S15J150437938+01165059,226.15807559999996,1.28072,G
SDSS J144034.27+272719.5,220.142813,27.455432,G
LEDA   49983,210.50375,-38.00388888888889,G
LEDA  518063,316.1045833333333,-46.17972222222222,G
WiggleZ R01J010034905-00342309,15.145475400000002,-0.573108,G
[ORN2011] 003.548750-30.473223,3.54875,-30.473222222222212,G
WISE J044201.10-270102.2,70.50466297770959,-27.017267070491386,G
GAMA 3063843,141.18467,0.82153,G
WISE J185922.36+610141.3,284.84319995618415,61.02823226845667,G
WiggleZ S15J150155745+06515478,225.48227,6.865217,G
WiggleZ R01J010010707+05063712,15.0446501,5.110284,G
2MASX J00484580-2813345,12.190886685109998,-28.226265014280003,G
2MASX J19453002-0449508,296.37505139918,-4.83070587567,G
[RTG2015] 1970,53.160229,-27.807043,G
GAMA J091917.29-001343.0,139.82207,-0.22860999999999998,G
COSMOS J095918.48+022135.4,149.827,2.3598333333333334,G
2MASX J18064759+4814195,271.698379150715,48.23883848682333,G
SDSSCGB 29156.2,204.84419166666663,61.026041666666664,G
LEDA  719044,70.29361924706,-30.290885769269998,G
[RTG2015] 1795,53.144622,-27.808322,G
[RTG2015] 3555,53.142301,-27.798537,G
SDSS J152659.80+443001.8,231.74921355399496,44.50052233230582,G
LEDA  608426,351.4307916666667,-38.49002777777778,G
WISE J180443.49+525626.2,271.1811903521829,52.94057283491806,G
2dFGRS TGS570Z299,27.97583333333333,-34.53444444444444,G
SDSSCGB 39904.1,9.713962659869999,15.62831872248,G
COSMOS2015 1037322,149.87941666666666,2.8775,G
GOODS J123638.58+621111.8,189.16108333333335,62.186416666666666,G
COSMOS2015 251790,149.47825,1.662972222222222,G
WISE J185152.60+572346.7,282.9691826254017,57.39630008098722,G
SDSS J150432.89+414902.4,226.13708766954704,41.81734977311528,G
LEDA 1579439,14.25875,19.066944444444445,G
SDSS J132304.25+172842.4,200.76771406921,17.47847939623,G
WiggleZ R01J010024353+00590139,15.101508900000004,0.9836919999999999,G
SDSS J152350.09+445334.3,230.9587035291579,44.892867606140555,G
SDSS J143503.49+371325.4,218.76457719716788,37.22373857679056,G
LEDA 2130575,162.18625,38.566944444444445,G
[RTG2015] 3569,53.171262,-27.79844,G
SDSS J115942.63+280119.4,179.92766,28.022058,G
COSMOS2015 1028434,149.84845833333333,2.8656388888888893,G
WISE J072838.41-680745.9,112.16008736422208,-68.12945970138443,G
SDSS J154526.26+460104.2,236.35944152699037,46.01783982699972,G
2MASX J18164055+6223558,274.16911649018374,62.398883122967774,G
WiggleZ S15J150405681+05091184,226.0236722,5.15329,G
DEEP2-GRS 14100782,215.74089,53.4186,G
WISE J192555.20+434511.2,291.4801448866809,43.75324463611611,G
WiggleZ R01J005806739-01351587,14.528116000000002,-1.587771,G
VIPERS 110133554,30.248001,-5.01032,G
WISE J181420.71+611015.2,273.5862442329621,61.17093602215916,G
[RTG2015] 3586,53.142577,-27.798381,G
COSMOS2015 1017770,149.75437499999998,2.8497777777777777,G
WiggleZ S15J151045388+06431832,227.68911789999999,6.721756,G
SDSS J104757.51+082735.7,161.989629,8.459921,G
SDSS J151203.19+422927.6,228.01332314189,42.491004020098615,G
COSMOS2015 699401,149.77433333333332,2.3606666666666665,G
LEDA  439064,1.7595833333333335,-52.75944444444445,G
WiggleZ S15J150131178+02575086,225.37990799999997,2.964127,G
SDSS J151545.32+412406.1,228.93884408448832,41.40168564476333,G
SDSS J151229.91+425650.3,228.12467380018953,42.94733121463361,G
LCRS B005624.7-394354,14.686333333333334,-39.46205555555556,G
LEDA  732628,59.157916666666665,-29.16,G
COSMOS2015 1020514,149.8275416666667,2.8539722222222226,G
COSMOS2015 1040418,149.77066666666667,2.8805277777777776,G
GAMA 827816,140.66219,1.0952699999999997,G
WISE J044750.90-254253.0,71.96214642323292,-25.714755790349994,G
WiggleZ R01J005813804+00234381,14.557551899999996,0.395476,G
WiggleZ S15J150422667+05373236,226.0944463,5.625654999999999,G
WISE J180614.03+550631.1,271.5585322946704,55.10866591357166,G
2MASX J22455518-4505243,341.47988431356,-45.09011442125001,G
GOODS J123724.05+621606.5,189.35021458333333,62.26846444444444,G
WISE J182417.05+545347.0,276.07105366608084,54.896417001644174,G
COSMOS2015 1037538,149.8437083333333,2.8728611111111113,G
LEDA 1407344,166.05499999999998,12.314444444444446,G
WiggleZ S15J150221636+06061350,225.59014829999998,6.10375,G
2MASX J18203973+5151201,275.16564820065497,51.855530668006104,G
WISE J184322.97+594838.4,280.8456811997012,59.810708959618886,G
WISE J190741.03+485043.0,286.92105980618294,48.845265317938605,G
SDSSCGB 30065.1,120.88055416666668,41.421955555555556,G
WiggleZ R01J005911536+00583842,14.798102400000001,0.977312,G
WiggleZ S15J151702290+03182876,229.25954340000004,3.3079879999999995,G
SDSS J083102.23+571043.2,127.759311,57.17868500000001,G
WiggleZ S15J151856492+06431823,229.73538379999997,6.72173,G
WiggleZ R01J010014864+05064038,15.061969100000002,5.111189,G
COSMOS2015 297103,149.52341666666666,1.7387222222222223,G
SDSSCGB 13368.4,191.73232916666666,56.80495,G
SDSS J095131.61+151911.6,147.881722,15.319913000000001,G
LEDA 2551045,135.64745980867,56.89291140915,G
SDSS J125323.77+444129.8,193.34904299999997,44.691625,G
2MASX J19220968+4507400,290.54029084510086,45.12790388540667,G
COSMOS2015 1037760,149.85354166666664,2.8785000000000003,G
WiggleZ S15J150354937+01173945,225.97890219999996,1.2942909999999996,G
WiggleZ S15J150140927+06585908,225.4205294,6.983079,G
COSMOS2015 1039980,149.83799999999997,2.8806944444444444,G
LEDA 2073071,199.26245833333334,35.98116666666667,G
LEDA 2739011,238.77166666666665,70.86555555555555,G
2MASX J00514673-2114150,12.94473099843,-21.237509950153058,G
SDSS J140508.05+334900.3,211.2835378708571,33.816775475047784,G
WiggleZ S15J150208239+04410138,225.53432809999998,4.683716,G
NGVS J122528.65+101828.3,186.36937179999998,10.307858,G
WiggleZ R01J010012351-00192726,15.0514974,-0.32426799999999995,G
LEDA  124446,354.98770833333333,-41.332861111111114,G
SDSS J102113.46+035525.4,155.306099,3.92375,G
SDSS J152344.81+450600.3,230.93671064169874,45.100096165469175,G
WISE J042950.97-262011.5,67.4624295327725,-26.336558027206383,G
COSMOS2015 1046687,149.80545833333332,2.891222222222222,G
SDSS J113542.03-002039.0,173.92514166666666,-0.34416944444444436,G
SDSS J094451.32+012056.2,146.213869,1.3489659999999999,G
LCRS B223653.2-424006,339.9515416666666,-42.407583333333335,G
SDSSCGB 62189.4,262.9313291666666,63.67316666666666,G
2dFGRS TGS222Z249,27.610833333333336,-26.708333333333332,G
WISE J185311.80+570205.6,283.29912617418955,57.03490496849722,G
SDSS J152438.61+455706.6,231.16090970295375,45.951829577578884,G
COSMOS2015 1048207,149.79266666666666,2.892805555555556,G
LEDA  106913,337.1822112149599,-45.18986998533,G
WISE J183843.15+501408.4,279.6797671625208,50.23565290924501,G
2MASX J20541063+1852157,313.54441243366,18.87095174977,G
COSMOS2015 259750,149.43883333333332,1.67875,G
LEDA  107201,348.16152916666664,-40.99047777777778,G
WISE J185732.85+521204.6,284.3868936760833,52.20130145356223,G
SDSS J015032.36+005727.1,27.634856000000003,0.9575519999999997,G
SDSS J221044.50+075958.4,332.685422,7.999568,G
WiggleZ S15J150428389+04204929,226.11828849999998,4.3470249999999995,G
SDSS J155407.28+445204.0,238.5303439505921,44.86777108711083,G
WISE J042539.09-255317.1,66.41283270656209,-25.888138300384167,G
SDSSCGB 13351.4,136.32142083333335,23.155916666666663,G
SDSS J093825.67+222856.5,144.606963,22.482372999999992,G
SDSS J012303.70+102727.3,20.765435,10.457588,G
LEDA 3763876,164.76105043221,20.787574005490004,G
SDSS J094417.08+115023.0,146.071201,11.839728999999998,G
WiggleZ S15J150144489+00464029,225.4353726,0.7778589999999999,G
WiggleZ R01J005944106+00051337,14.933811899999998,0.08701900000000001,G
WiggleZ S15J150403440+04481570,226.0143347,4.804359999999999,G
COSMOS2015 1017659,149.77237499999998,2.8508333333333336,G
SDSS J213619.95+001806.8,324.08315,0.3019027777777778,G
SDSS J095525.00+070930.2,148.854169,7.158404,G
COSMOS2015 1020668,149.76287499999998,2.8546388888888887,G
LEDA  831314,197.69375,-21.204444444444444,G
SDSS J085827.66+192850.6,134.61525,19.48074,G
SDSSCGB 52611.2,248.19902985999,31.066716930039995,G
COSMOS2015 1052865,149.86124999999998,2.899972222222222,G
COSMOS2015 297858,149.53737500000003,1.7397222222222224,G
[RTG2015] 1903,53.172816,-27.807595,G
COSMOS2015 1018979,149.75499999999997,2.8524444444444446,G
WiggleZ R01J005826047-02394620,14.608566999999999,-2.6628619999999996,G
LCRS B124328.9-063116,191.5177083333333,-6.794333333333333,G
WiggleZ S15J150444235+06423844,226.18431329999999,6.7106770000000004,G
COSMOS2015 1037461,149.86983333333333,2.87825,G
LEDA  972668,350.7629166666666,-10.876111111111111,G
COSMOS2015 256530,149.69783333333334,1.6729444444444443,G
GAMA 936535,139.9994,0.6391799999999999,G
WISE J185141.87+533001.8,282.9245135597721,53.50045174399917,G
2dFGRS TGS281Z182,5.6154166666666665,-29.580555555555556,G
COSMOS2015 1044141,149.78029166666664,2.887527777777778,G
COSMOS2015 1023266,149.84941666666666,2.858638888888889,G
SDSS J093749.79+081208.1,144.457473,8.202269,G
SDSSCGB 15319.1,132.39611349649,35.42141733558999,G
SWIRE J032658.90-281815.6,51.745416666666664,-28.304361111111113,G
SDSS J151822.32+433838.0,229.59304079846788,43.64390472014195,G
GAMA 4295625,140.76801,0.87487,G
WiggleZ R01J005824353-02411667,14.601509500000004,-2.687993,G
WISE J183838.98+605312.4,279.6624146540387,60.88676890741696,G
WiggleZ R01J005943747-01311659,14.932317999999999,-1.521304,G
SDSS J001133.34+104112.2,2.888923,10.686746,G
SDSS J020350.64+010710.2,30.961012,1.1195190000000002,G
WISE J044545.07-254916.3,71.43781395950667,-25.821237049605,G
COSMOS2015 1042214,149.76299999999998,2.8848611111111113,G
WiggleZ S15J150434531-00484303,226.1438798,-0.8119539999999997,G
2dFGRS TGS570Z346,27.69875,-35.42722222222222,G
WISE J191218.15+471821.3,288.07568465182413,47.305956806814436,G
[RTG2015] 1744,53.175973,-27.808624000000002,G
WISE J181008.02+630113.7,272.53340647005837,63.02047408436111,G
WiggleZ S15J150339085+06272408,225.91285239999996,6.456688,G
[RTG2015] 3663,53.131148,-27.798042,G
SDSS J001626.12+080820.2,4.108844,8.138962,G
NGP9 F322-0999774,190.88554166666668,28.864694444444446,G
2dFGRS TGS137Z199,3.4533333333333336,-25.530277777777776,G
WiggleZ S15J150239351+06044874,225.663964,6.080204999999999,G
COSMOS2015 1032764,149.82591666666667,2.8722222222222222,G
COSMOS2015 1030998,149.87720833333333,2.8693333333333335,G
WiggleZ R01J005857501+01540108,14.739623499999999,1.900271,G
WiggleZ R01J005826066-03125697,14.608645,-3.215853,G
2dFGRS TGN228Z215,162.39695833333334,-2.565833333333333,G
2dFGRS TGS362Z203,5.654583333333333,-31.31222222222222,G
COSMOS2015 1018024,149.81370833333332,2.8505277777777778,G
WiggleZ R01J005852821-02372221,14.720124999999998,-2.622864,G
SDSS J101029.15+065348.5,152.6215,6.896822,G
COSMOS2015 1017075,149.8523333333333,2.850138888888889,G
SDSS J154421.84+461009.3,236.09101026461082,46.16927442383415,G
2MFGC 14131,269.1812314384799,19.284064554250005,G
COSMOS2015 1056126,149.74929166666666,2.9034166666666668,G
SDSS J154423.03+462859.6,236.09598389191666,46.483238849446664,G
WiggleZ S15J150201687+03135462,225.5070295,3.231839,G
WISE J044714.78-235239.2,71.8115713883854,-23.877634416832223,G
SDSS J151848.19+024136.1,229.700802,2.693378,G
2dFGRS TGN102Z314,160.39054166666668,-5.800583333333333,G
2dFGRS TGS282Z080,6.0375000000000005,-28.391388888888887,G
WiggleZ R01J005910722-03343325,14.794712500000001,-3.57593,G
2dFGRS TGN394Z076,195.48687500000003,1.5601111111111112,G
[RTG2015] 3568,53.182705,-27.798424,G
VIDEO J022715.36-044811.04,36.81405,-4.803011111111111,G
SDSSCGB 14147.4,192.64655000000002,-2.3770999999999995,G
WiggleZ R01J005822380+02064310,14.593284999999998,2.111944,G
WISE J192613.04+451351.1,291.55435940136454,45.23091809070667,G
WiggleZ S15J151607644+06275818,229.0318504,6.466162,G
LCRS B120829.9-031256,182.76616666666666,-3.49375,G
2MASX J14102201-4256355,212.59158115778,-42.94311515980999,G
SDSS J000136.84+030412.6,0.40352499999999997,3.070185,G
VIPERS 117056917,37.810357,-5.343684,G
SWIRE J032712.89-285705.6,51.80375,-28.951555555555554,G
GAMA 3947273,176.83019,-0.32351,G
WiggleZ R01J005849557+03513556,14.706526000000002,3.859850000000001,G
LEDA 2578869,124.98500000000001,58.452222222222225,G
LEDA 2764002,149.83874999999998,74.71222222222222,G
[RGD2013] J133709.414+411249.469,204.28922280339,41.21374911979,G
GAMA J092244.43-001659.3,140.68513,-0.28317000000000003,G
WiggleZ S15J150245569+06224849,225.68987159999998,6.380136,G
COSMOS2015 1035978,149.81537499999996,2.876361111111111,G
WiggleZ R01J005833936+01155537,14.641438,1.265353,G
WISE J190629.42+603015.5,286.62244840469833,60.50441772278557,G
WISE J043158.49-242235.6,67.99376558415541,-24.376558313161112,G
WISE J004736.22-224024.9,11.901020141814163,-22.67357488214861,G
WiggleZ S15J150345797+05302612,225.9408211,5.507255999999999,G
WiggleZ R01J005845737-00314584,14.690607900000003,-0.529427,G
WISE J083645.46-681450.1,129.18934652165916,-68.24722506532805,G
SDSS J081330.47+225447.4,123.376992,22.913172,G
WISE J181833.36+443417.9,274.6391407192429,44.57164433933973,G
SDSS J154932.60+441129.1,237.38586965230581,44.19142110672973,G
SDSS J112135.94+165511.2,170.399758,16.919778,G
WiggleZ R01J005822436+01055571,14.593520500000004,1.09878,G
SDSS J080643.11+075352.3,121.67964099999999,7.897869000000001,G
2MFGC 15948,315.8662125,22.577347222222222,G
LCRS B124036.5-121921,190.804125,-12.596388888888889,G
2MASS J04352740+3036474,68.86417827127,30.613220609690007,G
COSMOS J095927.42+025200.0,149.86425,2.8666666666666667,G
SDSS J080036.21+305020.0,120.150912,30.838891,G
GAMA J092411.81+012121.1,141.0492364,1.3558769999999996,G
2dFGRS TGS329Z186,327.7696666666667,-30.841638888888887,G
Z 500-60,9.69786445308,32.41625145458,G
COSMOS2015 257095,149.47475,1.673611111111111,G
SDSS J151838.44+440433.9,229.66019236536624,44.07608112237194,G
WISE J042406.78-270412.4,66.02829008533209,-27.070163854500834,G
GAMA 4295802,141.3055,0.8792600000000002,G
LCRS B122444.8-054551,186.83058333333332,-6.0409444444444444,G
SDSS J151956.20+033533.1,229.984193,3.592528,G
COSMOS2015 1038606,149.79949999999997,2.8797777777777775,G
2dFGRS TGS383Z129,27.78875,-30.760555555555555,G
LEDA 1724221,174.9295833333333,25.058333333333334,G
COSMOS J095902.27+025300.0,149.75945833333333,2.8833333333333333,G
WiggleZ R01J010028813+00403063,15.120092399999997,0.675146,G
COSMOS2015 1030514,149.7775,2.8658888888888887,G
GNS 440,189.06601125,62.1599425,G
COSMOS2015 299926,149.65779166666667,1.7425000000000002,G
2MFGC 14094,268.2041,-42.42903888888888,G
WiggleZ S15J151745450+06554636,229.43937299999993,6.929545,G
GAMA 3967494,173.64219,0.19615000000000002,G
WiggleZ S15J151654618+06522124,229.2275752,6.872565999999999,G
COSMOS2015 1015856,149.76804166666665,2.8474166666666667,G
GAMA 3371058,141.06581,1.2705199999999999,G
ShaSS 416035885,199.89800249999996,-33.5043511,G
SDSS J142954.06+374036.3,217.4752893864333,37.67676745115639,G
COSMOS2015 1043732,149.81912499999999,2.8861666666666665,G
SDSS J024737.70-080242.0,41.907118999999994,-8.045017,G
WiggleZ S15J151558294+06143438,228.99289039999996,6.242882000000002,G
WiggleZ R01J005942625-00162719,14.927642400000003,-0.274247,G
SDSS J125705.70+634242.9,194.27369337573998,63.71192059061,G
WiggleZ S15J150330845+03073420,225.8785193,3.126166,G
WiggleZ S15J150319899+01415454,225.832913,1.698483,G
SDSS J091837.55+154002.4,139.656487,15.667339000000002,G
COSMOS2015 1039211,149.85629166666664,2.8808333333333334,G
WISE J180010.09+575648.4,270.0420945381433,57.94676885775139,G
COSMOS2015 1041679,149.8494583333333,2.8844444444444446,G
2MFGC 16888,336.22628749999996,-25.19621666666667,G
WiggleZ R01J005952967+01044853,14.9707345,1.08012,G
LEDA 3864426,245.4690994559283,20.64240632453389,G
[BPG2011] irac114201,215.1186722083333,52.85028886111111,G
DEEP2-GRS 43017387,37.9378,0.53127,G
COSMOS2015 1032999,149.80474999999998,2.8719166666666665,G
SDSS J140408.54+340311.6,211.0355855542317,34.053242691571654,G
SDSS J151635.97+031600.3,229.149874,3.266754,G
[RTG2015] 1999,53.135444,-27.807031,G
SDSS J152008.06+461310.4,230.03360006219086,46.219562065482236,G
WISE J190552.22+511959.9,286.46760200862207,51.333263506255285,G
WiggleZ S15J150130038+06044422,225.375157,6.078950000000001,G
WISE J044648.05-252048.9,71.70029651411625,-25.34694501499139,G
SDSS J093910.04+030235.5,144.791835,3.0432049999999995,G
WiggleZ S15J150306204+07002310,225.77584859999996,7.006417,G
SDSSCGB 61633.4,120.8989041666667,12.937605555555555,G
SDSSCGB 12769.1,124.34818503868999,6.16575352782,G
SDSSCGB 53813.2,186.7644541666666,4.62676388888889,G
WiggleZ S15J150153531+05351709,225.47304749999998,5.58808,G
2MASX J18494156+5351559,282.4231527892591,53.86553177589167,G
LEDA 2680028,259.28583333333336,65.71944444444445,G
2MASX J23055523-2514461,346.48019671746994,-25.24623692163,G
[RTG2015] 1784,53.15689,-27.808308,G
COSMOS2015 301304,149.48308333333333,1.7446666666666666,G
WiggleZ S15J150346196+03382407,225.94248199999998,3.6400189999999997,G
SDSSCGB 28231.1,185.76524430079996,16.962629621039998,G
LEDA 1844456,269.12249999999995,28.73777777777778,G
SDSSCGB 62750.2,201.05951456408,28.730366448030004,G
WISE J005444.82-240141.3,13.686867323807917,-24.0282392454,G
SDSSCGB 21957.4,145.74357083333334,11.99451388888889,G
[RTG2015] 1962,53.15537,-27.807176,G
COSMOS2015 1016659,149.77041666666665,2.848916666666667,G
LEDA 2573755,202.94874999999996,58.0325,G
VIPERS 110176634,30.646948,-4.806679,G
COSMOS2015 1015845,149.86099999999996,2.8480000000000003,G
COSMOS2015 252860,149.63008333333335,1.667361111111111,G
WiggleZ S15J151832375+06585002,229.6348951,6.980561999999999,G
COSMOS2015 257018,150.09858333333335,1.6719166666666665,G
WiggleZ R01J005943584-00510093,14.931638400000006,-0.8502849999999998,G
COSMOS J095930.42+025303.8,149.87675,2.8843888888888896,G
SDSSCGB 49663.2,219.56021117119997,59.312050458189994,G
SDSSCGB 13519.1,184.57764863168998,21.07951950915,G
SDSS J140528.83+023822.0,211.370158,2.6394489999999995,G
COSMOS2015 1019592,149.84924999999998,2.853527777777778,G
SDSS J102511.89+091150.9,156.299543,9.197497,G
COSMOS2015 1034889,149.86066666666665,2.871888888888889,G
COSMOS2015 1034071,149.80287499999997,2.872638888888889,G
WISE J185421.48+544918.2,283.5895382844687,54.82174181173473,G
SDSS J031622.56+420607.6,49.094024,42.102139,G
SDSS J152105.70+462313.6,230.27378683558118,46.38711702507527,G
SDSS J015723.08-092705.3,29.346187,-9.451475,G
Anon J114952-0041,177.467786,-0.688721,G
COSMOS2015 1036920,149.887875,2.8774166666666665,G
WISE J184538.54+453501.9,281.4105691428025,45.58385241124194,G
WiggleZ R01J010026961+00554682,15.112376400000002,0.9296450000000004,G
COSMOS2015 1032937,149.74275,2.8719444444444444,G
WiggleZ R01J005928160-03182787,14.867371,-3.3077690000000004,G
SDSS J221712.77+064925.2,334.303221,6.823669,G
WiggleZ R01J005950252-02410720,14.959421500000001,-2.6853619999999996,G
SDSS J150350.36-000308.0,225.959844,-0.052231,G
SDSS J101039.79+061223.5,152.665823,6.206536000000001,G
SDSS J160205.95+470154.9,240.5248163838579,47.03190548001833,G
SDSS J022409.51+011430.5,36.039662,1.2418330000000002,G
SDSS J154558.49+434824.7,236.49373317379127,43.80688536435639,G
2MASX J18531237+5958351,283.30131289447917,59.97646418110083,G
SDSS J100508.33+100347.2,151.284749,10.063112,G
VIPERS 110175866,30.414169,-4.809502,G
LEDA 1365662,34.194583333333334,9.475555555555555,G
2MASX J18152007+4829039,273.8337224248396,48.48434392572334,G
WiggleZ R01J005827325-01160684,14.613890500000002,-1.268596,G
SDSS J152704.62+462926.5,231.7692498888983,46.49070190438473,G
WiggleZ R01J005919653-02522369,14.831924499999996,-2.873274,G
WiggleZ S15J151722296+06551694,229.34290120000003,6.921372,G
2dFGRS TGS444Z139,14.389166666666664,-31.13277777777778,G
WiggleZ R01J005917485-02392192,14.82289,-2.656115999999999,G
LEDA  142842,241.31705311925003,15.688806814819996,G
SDSS J152421.21+452856.2,231.08841834557708,45.482291974229994,G
COSMOS2015 1033830,149.88649999999998,2.869222222222222,G
LEDA 2215922,130.07427237204,43.23041724605,G
LEDA  890484,33.95375,-16.993055555555557,G
WiggleZ R00J232400658-03164514,351.0027416667,-3.2792055556,G
WiggleZ S15J150251163+03290980,225.7131809,3.486055,G
SDSS J100803.59+123631.4,152.014967,12.608731,G
WISE J190739.57+544614.5,286.91491212642796,54.770667646235275,G
2MASX J18392092+4320419,279.8371951643129,43.34510580919139,G
COSMOS2015 298436,149.53204166666666,1.740638888888889,G
WISE J182500.04+543403.1,276.2501140323116,54.567538649049446,G
SDSSCGB 16155.2,162.17984583333333,10.408841666666666,G
2dFGRS TGS152Z177,27.7675,-26.18888888888889,G
WiggleZ R01J005809179-03285757,14.538284499999996,-3.482687,G
SDSS J101245.63+085329.8,153.190155,8.891611,G
[BRS2016] J211513.66-470114.8,318.806906,-47.020771,G
2MASX J18081543+5416060,272.0643040896724,54.268470013766105,G
SDSS J095132.35+064241.0,147.884806,6.711390999999999,G
COSMOS2015 250188,150.10779166666666,1.662222222222222,G
WiggleZ S15J150356943+05463816,225.987264,5.777266,G
2MASX J18210651+5515541,275.2772211055483,55.26517011442667,G
COSMOS2015 249986,150.06883333333334,1.662972222222222,G
COSMOS2015 1029353,149.76591666666664,2.8665833333333333,G
WiggleZ R01J005829709+01425461,14.6238265,1.7151420000000004,G
WISE J183210.04+483542.2,278.0418773361238,48.59503451751556,G
WiggleZ R01J005822239-03083795,14.5927,-3.1439029999999994,G
SDSS J142611.63+383058.7,216.54851242075455,38.516334369910005,G
SDSS J080723.56+115514.8,121.84817499999998,11.920778999999998,G
SDSSCGB 72066.1,195.57035166242997,14.265957643809998,G
WiggleZ S15J150319620-00183593,225.83175149999997,-0.3099799999999999,G
COSMOS J095921.14+025134.5,149.83808333333334,2.8595833333333336,G
SDSS J151610.05+052456.1,229.041902,5.415582,G
SDSS J154536.61+454104.5,236.40253591793208,45.684575766964436,G
2MASX J18073418+5842145,271.89248809872834,58.704177054489726,G
COSMOS2015 1023059,149.885875,2.858777777777778,G
WISE J004235.41-564149.3,10.647602294943333,-56.69701946118943,G
WiggleZ R01J005930093+00315033,14.875425899999998,0.5306179999999999,G
WiggleZ R01J005826402+04282192,14.610046099999996,4.472728,G
SDSS J152520.80+471909.3,231.3366682093833,47.31924446365306,G
SDSS J151232.27+440116.1,228.13448078819164,44.02113800141444,G
SDSS J160914.42+471920.3,242.31011728627283,47.32230897713778,G
SDSS J002107.21+020013.6,5.2800780000000005,2.0037970000000005,G
COSMOS2015 1046518,149.81879166666664,2.890416666666667,G
WiggleZ R01J005856973+00460729,14.737425900000002,0.768665,G
SDSS J020324.68-080329.1,30.852872000000005,-8.058105,G
WiggleZ S15J150214020+05162829,225.55841779999997,5.274526,G
[RTG2015] 3616,53.124014,-27.798226,G
2dFGRS TGS303Z099,28.54,-29.076944444444443,G
2MASX J17034782+3443396,255.94938072758,34.7275685748,G
GAMA 916210,139.88096,-0.19306,G
WiggleZ R01J005831685+00212031,14.632056899999998,0.35561400000000004,G
WiggleZ S15J150140012+01474114,225.4167166667,1.7947611111000001,G
SDSS J090935.71+061949.4,137.398826,6.330398,G
SDSS J013101.24+005933.8,22.755179,0.9927469999999999,G
COSMOS2015 1018465,149.839,2.8515,G
COSMOS2015 1052300,149.86283333333333,2.8989722222222225,G
LEDA 1307663,159.02374999999998,6.796111111111111,G
SDSSCGB 52027.6,246.15208333333328,22.682888888888893,G
COSMOS2015 1027283,149.82883333333334,2.8631944444444444,G
LCRS B004607.8-442634,12.117750000000001,-44.17033333333333,G
SDSS J151500.27+444019.5,228.75118178643788,44.672092005445556,G
SDSS J020054.66+030719.6,30.22777200000001,3.122122,G
GAMA 936969,174.26284,0.6710099999999999,G
SDSS J150057.33+413518.6,225.23886325161376,41.58852281313195,G
NGP9 F322-1741430,193.14833333333334,27.009166666666665,G
COSMOS2015 1050134,149.83541666666667,2.8958333333333335,G
[RTG2015] 3622,53.192667,-27.798108,G
SDSS J114719.41-001642.4,176.83089901135,-0.27846405163,G
SDSS J152141.24+460901.0,230.42186391204703,46.150268881696114,G
COSMOS2015 1016350,149.83791666666664,2.8486111111111114,G
SDSS J074857.85+185920.4,117.24107400000001,18.989002999999997,G
WiggleZ R01J005828984-00092697,14.620802399999999,-0.15752099999999997,G
2dFGRS TGS858Z214,6.038333333333333,-11.685,G
2dFGRS TGN203Z142,208.29859423192,-2.85787435267,G
CLASHVLT J041518.6-241334,63.827665,-24.226215,G
WiggleZ R01J005805327-02140769,14.522233,-2.235498,G
GOODS J123559.30+621340.8,188.99706791666665,62.22800111111111,G
SDSS J101055.37+080647.3,152.730712,8.113155000000003,G
COSMOS2015 1055949,149.76412499999998,2.902611111111111,G
WiggleZ R01J005846096-00365935,14.692101900000003,-0.6165150000000001,G
SDSS J153732.49+251836.0,234.385407,25.310016,G
LCRS B002719.2-392555,7.442666666666667,-39.15580555555555,G
WiggleZ S15J150347356+02185391,225.94731569999996,2.3149750000000004,G
WiggleZ R01J010007589-01121140,15.031657,-1.2031939999999999,G
WISE J064551.49-712028.2,101.46466976749792,-71.34117834196694,G
WISE J010228.49-510328.8,15.61876911944959,-51.05802141149999,G
WISE J183032.77+405555.2,277.63653412635165,40.931982463943875,G
SDSS J080421.62+113401.8,121.09010499999998,11.567168,G
SDSS J151129.17+402537.2,227.87162517490626,40.42702498037888,G
WiggleZ S15J150210920+00550684,225.5455008,0.9185659999999999,G
2MASX J04392226-2620529,69.84264471123124,-26.348239660821665,G
LEDA  992704,197.73999999999998,-9.304722222222223,G
COSMOS 693218,149.42254166666663,1.7467222222222223,G
GAMA 827803,140.69711,1.0928400000000003,G
COSMOS2015 1055176,149.87599999999998,2.9026388888888888,G
COSMOS2015 1051563,149.77675,2.8970277777777778,G
COSMOS2015 1047307,149.81204166666666,2.8916666666666666,G
COSMOS2015 1040032,149.86654166666668,2.8819166666666667,G
WISE J044704.58-252715.1,71.7691039450875,-25.45420383198944,G
AM 0100-321,15.591666666666669,-31.935,G
SDSSCGB 61737.2,3.8257375000000002,-11.225044444444443,G
COSMOS J095924.08+025154.3,149.8503333333333,2.8650833333333336,G
WiggleZ S15J150441620+01505787,226.1734158,1.84941,G
2MASX J19210244+4614021,290.2602290465587,46.23400803819139,G
COSMOS2015 301056,150.44854166666667,1.7448333333333335,G
2dFGRS TGS826Z345,3.51375,-63.35944444444445,G
COSMOS2015 1049291,149.79104166666664,2.8953611111111113,G
WiggleZ S15J151824945+06035015,229.60393579999996,6.063931,G
WISE J003944.45-250417.2,9.935288886960416,-25.071528416073054,G
WISE J183638.76+445345.7,279.16147726708044,44.89610115444584,G
LCRS B001152.1-451047,3.5920000000000005,-44.901916666666665,G
SDSS J012043.58+024812.6,20.181606,2.8035009999999994,G
GAMA 69280,173.5653,0.11595000000000003,G
LCRS B000337.1-412023,1.5401666666666667,-41.061416666666666,G
2dFGRS TGS513Z256,29.785083333333333,-33.108472222222225,G
COSMOS2015 1054443,149.72795833333336,2.9011666666666667,G
WiggleZ S15J150347752+01441548,225.94896769999997,1.7376320000000003,G
WiggleZ R01J010028076-01195379,15.1170205,-1.331635,G
WISE J194156.27+533316.3,295.4844323687725,53.554524767965,G
GOODS J123710.11+622313.2,189.2921197,62.3869921,G
WiggleZ S15J150335852+06293267,225.8993821,6.492406999999999,G
LEDA  651371,14.654166666666667,-35.24638888888889,G
[RTG2015] 1760,53.161318,-27.808447,G
WISE J183948.46+601819.7,279.95190122234123,60.30546011880471,G
WISE J180751.80+624738.7,271.9658008882421,62.79408934232194,G
SDSS J003036.69+164134.1,7.652914,16.692818,G
WISE J011035.36-502011.5,17.64737511598125,-50.33657726883277,G
WiggleZ R01J005907695-03111004,14.7820975,-3.1861500000000005,G
6dFGS gJ131059.4-051200,197.74732742533996,-5.200139448859999,G
WiggleZ S15J151846575+07053894,229.69406169999996,7.094149999999999,G
LCRS B005736.2-420223,14.978333333333333,-41.77044444444444,G
2MASX J18430121+5712331,280.7550674237996,57.20911695247861,G
GAMA 936925,174.07438,0.63926,G
SDSS J152355.27+453316.9,230.9802693004725,45.55471375104862,G
LEDA 2321768,130.20013566930666,48.622863404066386,G
WISE J181408.51+410203.4,273.53549364239586,41.034287975832505,G
LEDA  177714,70.79875,-64.71638888888889,G
2dFGRS TGN261Z123,199.1329166666667,-0.9,G
2dFGRS TGS280Z006,3.365,-28.276666666666667,G
GAMA 4225518,173.67761,-1.4191799999999999,G
WiggleZ R01J005901762-01285385,14.757379,-1.481652,G
WISE J181548.00+562904.9,273.9500471517687,56.48472104486443,G
COSMOS2015 1051908,149.864375,2.8985833333333333,G
COSMOS2015 1051653,149.76379166666663,2.8970277777777778,G
SDSSCGB 59663.4,152.553525,12.310230555555556,G
WiggleZ S15J150413852+02015946,226.05771779999998,2.0331829999999997,G
LEDA  906132,45.498749999999994,-15.816111111111113,G
ZOAG G135.96-12.58,32.17883160666,48.33016432899,G
WISE J185152.45+612403.1,282.96857127948874,61.40088044791972,G
SDSS J082857.31+180443.1,127.23881800000001,18.078665,G
WISE J043611.33-254926.3,69.04702331889082,-25.82400890266361,G
2MASX J18512219+5818320,282.8424877302454,58.30903550004389,G
2MASX J18265983+6108229,276.7493728006033,61.1397911702275,G
WiggleZ S15J150153728+05583048,225.47386839999996,5.9751330000000005,G
SDSS J085658.77+150908.0,134.244888,15.152227000000002,G
2dFGRS TGN183Z043,187.22183333333334,-3.1732222222222224,G
LCRS B021421.3-390924,34.10391666666667,-38.92544444444444,G
WISE J180942.21+585729.4,272.4259168164046,58.95816486635055,G
WISE J183406.07+512950.9,278.5253012530645,51.4974645659175,G
2MASX J19430146+5402444,295.7559984064166,54.045751780334164,G
WiggleZ R01J005806817-01552378,14.528439999999998,-1.9233009999999997,G
GOODS J123655.06+622017.1,189.22939666666667,62.33808111111111,G
WISE J180911.38+605411.6,272.29743944432454,60.90322579389888,G
SDSS J121658.83+261852.3,184.24516476142998,26.3145498515,G
SDSS J090020.03+145645.8,135.083482,14.946077999999996,G
2MASX J02270882+3841178,36.78678333333334,38.68827777777777,G
LCRS B001626.5-415329,4.7320416666666665,-41.61394444444444,G
LEDA 1323220,345.47639983404997,7.494083060540002,G
SDSS J154947.18+450539.1,237.44662827480457,45.094192976599444,G
SDSS J151904.95+030539.5,229.770624,3.094319,G
[RTG2015] 3526,53.136452,-27.79862,G
COSMOS2015 382162,149.36626,1.87104,G
COSMOS2015 700115,149.81554166666666,2.3592222222222223,G
GAMA J092420.23+003432.3,141.08428,0.5756599999999998,G
SDSS J102126.03+323818.4,155.358485,32.638466,G
SDSS J212708.43+113726.4,321.78514299999995,11.624009000000001,G
COSMOS2015 1049801,149.82854166666667,2.8953333333333333,G
LCRS B235601.2-392726,359.6485833333333,-39.17894444444444,G
SDSS J154404.32+433626.2,236.01803899999996,43.607278,G
LEDA 2621864,243.5491666666667,61.64472222222222,G
VIPERS 111152014,31.432116,-4.893353,G
COSMOS2015 254630,149.4715,1.6669999999999998,G
SDSS J094438.15+083840.8,146.158966,8.644681,G
WiggleZ S15J150138597+06084294,225.4108196,6.145262,G
2dFGRS TGS281Z016,6.1325,-28.515555555555554,G
SDSS J093113.52+072735.9,142.806334,7.459973999999998,G
NGP9 F322-1091017,192.645375,28.737277777777777,G
COSMOS J095913.29+025334.5,149.805375,2.892916666666667,G
WiggleZ R01J010034307+01121294,15.142982499999999,1.2035660000000001,G
SDSS J095223.23+084225.9,148.0968,8.707199,G
LCRS B235503.3-391757,359.408375,-39.02097222222223,G
WiggleZ R01J005831457-03390613,14.631108999999999,-3.6517310000000003,G
WiggleZ R01J005824478+01431847,14.602030000000001,1.72177,G
2dFGRS TGS136Z338,3.3908333333333336,-25.97694444444444,G
LEDA  128518,26.854130381220003,-54.35909946601,G
GOODS J123754.51+621807.2,189.477115,62.301994722222226,G
2dFGRS TGS498Z134,6.1241666666666665,-32.94361111111111,G
2dFGRS TGS124Z019,346.55575000000005,-25.813861111111112,G
[RTG2015] 3547,53.159449,-27.798544,G
LEDA  849959,197.66583333333332,-19.826944444444443,G
COSMOS2015 1045952,149.82458333333332,2.8903333333333334,G
WISE J191818.69+484401.2,289.5779283312963,48.73366477281138,G
LEDA  370782,314.92291666666665,-59.52222222222222,G
SDSS J090815.17+062055.0,137.063211,6.348626,G
WiggleZ R01J005802017-02032695,14.5084405,-2.0575130000000006,G
WISE J192445.58+482844.8,291.1900223183941,48.479088315160844,G
COSMOS2015 1030467,149.87737499999997,2.8673611111111112,G
WiggleZ S15J150411288+04124954,226.0470339,4.213759999999999,G
SDSS J160350.62+475454.5,240.96092653134002,47.91513934411277,G
COSMOS2015 1046049,149.87195833333334,2.889972222222222,G
WiggleZ S15J150143754+06373942,225.43230859999997,6.627617,G
WiggleZ R01J005846672-02284324,14.694505000000001,-2.4787069999999995,G
LEDA 2225492,138.1702266715,43.6370562544,G
COSMOS2015 1039079,149.78941666666663,2.880361111111111,G
LEDA 2284025,175.00207199642,46.60437114202,G
GAMA 3032979,174.71212,0.22975,G
COSMOS2015 301670,149.49983333333333,1.745638888888889,G
LEDA  569382,356.981125,-42.01202777777778,G
WiggleZ S15J150402834+00035395,226.0118065,0.06498699999999999,G
LEDA  166156,197.52916666666664,-26.59611111111111,G
SDSS J101954.28+093216.3,154.976171,9.537882,G
COSMOS2015 252468,149.511625,1.6667777777777777,G
2dFGRS TGS201Z007,3.4466666666666668,-27.48638888888889,G
SDSS J031616.11+410317.4,49.06713499999999,41.054856,G
COSMOS2015 695110,150.24591666666666,2.3536388888888893,G
2MASS J22185406+3946175,334.72528779604255,39.77156604503472,G
WiggleZ R01J010037805-01495429,15.157559499999998,-1.8317760000000003,G
SDSS J091922.21+151952.9,139.842582,15.331384000000002,G
COSMOS2015 1046669,149.73954166666667,2.8915277777777777,G
SDSSCGB 39513.3,186.86887083333332,-2.433558333333333,G
SDSS J140251.24+341457.3,210.71350716540957,34.249262940220554,G
WISE J042750.31-261930.4,66.95956458815209,-26.325167468106113,G
SDSS J081912.51+074508.7,124.80215300000002,7.752423,G
WiggleZ S15J150319293+06061601,225.8303863,6.104449,G
2MFGC 13747,258.45709166666666,-9.83263611111111,G
LCRS B003842.4-443414,10.27148332492625,-44.296095582883055,G
SDSS J084035.49+300446.5,130.147897,30.079592,G
WiggleZ S15J150433678+04133990,226.14032679999997,4.22775,G
WiggleZ R01J010039101+00321856,15.162956400000002,0.53846,G
2MASX J01165633-4942166,19.23459681783875,-49.704620755418894,G
WISE J011039.77-493516.9,17.665810780361248,-49.588068168923066,G
COSMOS2015 1055615,149.82887499999998,2.90125,G
LEDA 1034485,197.773875,-6.299333333333333,G
[RTG2015] 4769,53.18299,-27.787985,G
COSMOS2015 1054079,149.8133333333333,2.901388888888889,G
WiggleZ S15J151903474+06223641,229.76447349999998,6.376779,G
LCRS B000211.1-393910,1.1835,-39.374583333333334,G
COSMOS2015 1053292,149.86758333333333,2.9005277777777776,G
WiggleZ R01J005854535-02052487,14.727265,-2.0902700000000003,G
WiggleZ S15J150153812+04520451,225.4742169,4.867918999999999,G
WISE J151800.83+410448.5,229.50342217091875,41.080116763905835,G
SDSSCGB 53428.2,137.98378750000003,46.666774999999994,G
[RTG2015] 1866,53.179064,-27.807851,G
WiggleZ R01J010029628-01242435,15.123487,-1.406793,G
WiggleZ R01J010010836-03055128,15.0451855,-3.097606,G
WiggleZ R01J005842100+04585207,14.675455100000002,4.981103,G
WISE J184921.56+540145.9,282.33980760852415,54.02939437909056,G
GAMA 4030605,173.53213,-0.9818900000000003,G
2dFGRS TGS554Z074,3.063333333333334,-34.79722222222222,G
WiggleZ S15J151756192+04044884,229.48413160000004,4.080233,G
GNS 2240,189.32672083333333,62.26500277777778,G
WISE J180558.18+574746.7,271.4924108304596,57.7962829787836,G
COSMOS2015 1016444,149.88966666666667,2.849,G
LEDA 2602706,199.36333333333332,60.47888888888889,G
2MASX J18264483+4336507,276.6868654036325,43.61401219131194,G
[RTG2015] 3628,53.18586,-27.798189,G
WISE J004504.46-204852.4,11.268620068736249,-20.81460541203639,G
GAMA J092326.43-004009.0,140.86015,-0.6691800000000001,G
COSMOS2015 1021533,149.76299999999998,2.8564722222222225,G
SDSS J150334.15+072741.5,225.89231699999996,7.461545000000001,G
WiggleZ R01J010027917-01083688,15.1163575,-1.1436060000000001,G
WiggleZ R01J005916724-01234484,14.819720500000003,-1.3958160000000002,G
LEDA  449150,308.68791666666664,-52.06722222222223,G
SDSS J150246.15+005639.1,225.69235167470998,0.94417647461,G
GAMA J092254.73+002433.4,140.72805,0.40929999999999994,G
2MASX J18202200+5057183,275.0915541832625,50.954952284465,G
LEDA  578226,184.7795833333333,-41.183055555555555,G
COSMOS2015 1056876,149.74420833333335,2.90475,G
WiggleZ S15J150421485+06203921,226.0895195,6.344225,G
LCRS B001610.0-420854,4.663666666666666,-41.870666666666665,G
HBQS 0041-2625,11.025833333333333,-26.1575,G
[RTG2015] 1798,53.181372,-27.808230000000002,G
SDSS J132422.78+471957.7,201.09494,47.332695,G
WiggleZ S15J150220411+01455009,225.585046,1.7639140000000002,G
LEDA 1843933,13.73125,28.719166666666666,G
[ISF2002] 223-7276,214.04543383333336,52.20656055555556,G
SDSS J001608.80+110048.3,4.036673,11.013441,G
2MASX J18591968+5521562,284.8322573093621,55.36553580233334,G
WiggleZ S15J150229296+02183848,225.622067,2.3106879999999994,G
LEDA  803100,36.3025,-23.239722222222223,G
GOODS J123723.18+621724.2,189.34683500000003,62.29013916666666,G
SDSS J015758.34-075333.7,29.493113000000005,-7.892701,G
WiggleZ S15J150250097+05090841,225.7087386,5.152337,G
2dFGRS TGS496Z044,3.3708333333333336,-33.000277777777775,G
WiggleZ R01J005952380+00500361,14.968286400000002,0.834309,G
COSMOS2015 1035762,149.84354166666665,2.874527777777778,G
GMP 6562,193.55375,27.511666666666667,G
2SLAQ J150421.24-002753.6,226.0885171,-0.46490499999999996,G
LCRS B234145.7-420032,356.0998333333334,-41.73116666666667,G
WiggleZ S15J150232623+05341965,225.63592869999997,5.572126,G
WISE J192754.06+451428.5,291.9752665879583,45.241205438108885,G
LCRS B003838.3-444534,10.252958333333332,-44.48525,G
SDSS J154356.50+444802.5,235.98544437869208,44.800696289357774,G
WISE J192628.92+551456.0,291.6205666041238,55.248832275135555,G
LEDA 3818376,210.68838665242,28.094657344359998,G
COSMOS2015 304752,149.48654166666665,1.746888888888889,G
[RTG2015] 1998,53.153285,-27.806994,G
WISE J042157.72-265001.2,65.49052614347707,-26.83371040388528,G
2dFGRS TGS455Z158,27.896250000000002,-31.996666666666666,G
SDSS J031603.91+414846.7,49.016305,41.812992,G
2dFGRS TGN126Z149,189.262875,-4.3694444444444445,G
LEDA 1171798,330.01980200456995,0.6547465647599999,G
COSMOS2015 1044946,149.76070833333333,2.887138888888889,G
LEDA 4005885,232.18593323088,31.391808123409998,G
SDSS J083058.74+072150.2,127.74478499999998,7.36397,G
SDSS J094121.29+274936.3,145.338724,27.82676,G
LEDA  566460,336.7299166666667,-42.24033333333333,G
ACS-GC 20114764,150.245875,2.405,G
VIPERS 111134670,31.542605000000002,-4.978848,G
COSMOS2015 1056491,149.79641666666666,2.905,G
COSMOS2015 254903,149.63475,1.6707777777777775,G
WiggleZ S15J150352659+01534156,225.969412,1.8948779999999996,G
WiggleZ S15J150321916+04162409,225.8413162,4.273359,G
SDSS J154407.68+423912.6,236.03202400100332,42.65350860160055,G
COSMOS2015 1041934,149.85633333333334,2.884527777777778,G
SDSS J024150.53-083924.0,40.46056699999999,-8.656673000000001,G
WINGS J011002.64-155046.6,17.51099,-15.846269999999997,G
LEDA  699679,27.730805002559165,-31.894468556571113,G
COSMOS2015 1054769,149.87770833333332,2.90175,G
COSMOS2015 1031715,149.79958333333332,2.8703611111111114,G
WISE J043937.18-260638.5,69.90495541042874,-26.110667672771115,G
LEDA 2708079,268.9295041666667,67.90271666666666,G
SDSSCGB 64828.6,222.42156249999996,12.799763888888888,G
SDSS J013901.46+055103.9,24.756104000000004,5.8510860000000005,G
SDSS J151822.67+044711.2,229.59449,4.786451,G
2dFGRS TGS576Z252,37.55554166666667,-34.206833333333336,G
2dFGRS TGS214Z143,17.964708333333334,-28.14897222222222,G
UVISTADR1 J100001.03+014420.0,150.00429166666666,1.738888888888889,G
GAMA 948466,179.46371,-1.16332,G
VIPERS 113130191,33.592942,-5.03154,G
WiggleZ R01J005830271-00053367,14.626167899999999,-0.09271400000000002,G
APMBGC 408-002-037,354.69791666666663,-34.13986111111111,G
SDSS J082227.53+060208.8,125.614747,6.035798,G
COSMOS2015 1041465,149.85066666666665,2.8842777777777777,G
LCRS B213006.6-384356,323.3024166666667,-38.51011111111111,G
SDSS J152537.00+435409.2,231.40418653927085,43.902577333909996,G
SDSS J151422.47+423546.4,228.59365840989915,42.596250998517505,G
WiggleZ R01J005816344+01455181,14.568137500000002,1.764364,G
WiggleZ R01J010021329+00492876,15.088907400000002,0.824628,G
[RTG2015] 3543,53.145573,-27.798573,G
SDSS J124232.13+155649.5,190.63388899999998,15.94711,G
LEDA 2006946,14.364583333333332,32.66,G
LEDA  897398,36.74,-16.496944444444445,G
LCRS B231354.6-383153,349.16137499999996,-38.25833333333333,G
WiggleZ S15J150449118+04571059,226.20465699999997,4.952941,G
LEDA 2680579,259.279669,65.780361,G
SDSS J021855.32-093623.2,34.73053199999999,-9.606470999999999,G
SDSS J214423.87+085025.3,326.09947,8.840387,G
LEDA 3563728,227.11404168053,34.86853711057,G
NGP9 F323-0365635,193.9033333333333,30.34852777777778,G
WiggleZ R01J010011171-02461254,15.046583500000004,-2.7701789999999997,G
WiggleZ S15J150229957+06200434,225.6248219,6.334539,G
NGP9 F322-0721911,192.26795833333333,29.701777777777775,G
WiggleZ R01J010009765+01330136,15.040724499999996,1.5503499999999997,G
GAMA J092058.24-004822.2,140.2427,-0.80617,G
LEDA  285051,33.866249999999994,-68.55111111111111,G
LEDA 2032727,157.885,33.470555555555556,G
COSMOS2015 1028083,149.81766666666667,2.8641944444444447,G
SDSS J152226.55+443650.8,230.6106267412183,44.614115402820275,G
COSMOS2015 1044086,149.84879166666667,2.887527777777778,G
WiggleZ R01J005949535-02412662,14.956432,-2.690756,G
SDSSCGB 173.3,177.26145715091,12.55537424275,G
SDSS J094355.25+104618.9,145.980228,10.77193,G
WiggleZ R01J010028610+04512002,15.119245100000004,4.855532,G
2MASX J18454647+4316469,281.4435893827325,43.2798416689625,G
WiggleZ R01J010005660+00211346,15.023621400000003,0.3537120000000001,G
SDSS J140116.30+344347.7,210.31791028453586,34.72992706280722,G
LEDA  586220,197.55416666666665,-40.45138888888889,G
WiggleZ R01J005829287+03482635,14.6220655,3.807292,G
WiggleZ S15J150404256+01545931,226.0177343,1.9164760000000003,G
SDSS J102420.68+105957.9,156.086205,10.999439,G
SDSSCGB 18794.1,117.69688750000003,17.616108333333333,G
2MASX J19192270+4726263,289.84463445578,47.440697296736666,G
LEDA 2502098,180.14333333333335,55.43861111111111,G
SDSS J101629.05+135413.4,154.121048,13.903728,G
SDSS J150159.61-011017.3,225.498383,-1.171497,G
GMP 6588,193.5245833333333,28.461388888888887,G
2MASX J14110629-4341377,212.77627616375997,-43.69379226709,G
COSMOS2015 1025001,149.75633333333332,2.860472222222222,G
SDSS J081642.70+122658.5,124.177919,12.449607999999998,G
LEDA 1063909,199.63338102968999,-4.025208265529999,G
SDSS J152016.93+462610.9,230.07055429944424,46.43635789069972,G
SDSS J142239.59+363748.8,215.66497672704585,36.630254712514166,G
SDSSCGB 73532.1,343.40458340163,-1.15529278588,G
WiggleZ S15J150450034-01200326,226.2084745,-1.3342399999999999,G
SDSSCGB 13580.2,210.27296599999997,8.461295,G
COSMOS J095933.17+025342.1,149.88820833333332,2.895027777777778,G
COSMOS2015 258715,150.467375,1.6764999999999999,G
GAMA 3260378,139.77436,1.8769399999999998,G
LEDA 1212196,14.411249999999999,1.9825000000000002,G
COSMOS2015 1031682,149.77091666666664,2.870111111111111,G
SDSS J100037.90+191519.5,150.157941,19.255422,G
VIPERS 112161958,32.7349,-4.861888,G
VIPERS 115163708,35.877091,-4.836684,G
LEDA 2399183,205.49124999999998,51.73638888888889,G
LEDA 2569998,173.26833333333335,57.693888888888885,G
SDSS J031534.01+415947.0,48.891713,41.996402,G
WISE J183753.67+585054.8,279.47368450259955,58.84855853194973,G
WiggleZ R01J005856928+02045178,14.7372355,2.0810210000000002,G
WiggleZ R01J005832871+03520133,14.636999499999998,3.867008,G
WISE J010611.70-241222.7,16.54869943676792,-24.206284081474166,G
WISE J182123.27+453009.1,275.3468858097159,45.50251571159639,G
WiggleZ S15J150334845+04090353,225.8951858,4.150980000000001,G
LCRS B123013.9-122909,188.2072083333333,-12.761722222222222,G
WiggleZ S15J150319943+00551552,225.8330972,0.9209790000000001,G
2dFGRS TGS511Z180,27.548958333333335,-34.19397222222222,G
SDSSCGB 65785.1,175.51777938541,35.46054645697,G
COSMOS2015 1045068,149.8715,2.8872222222222224,G
SDSS J141213.42+425504.3,213.05594199999996,42.917883,G
GOODS J123729.17+621708.2,189.37158166666669,62.28569777777778,G
COSMOS2015 1039098,149.76149999999998,2.8802499999999998,G
COSMOS2015 1050137,149.834875,2.891611111111111,G
SDSS J151855.14+421512.1,229.7297533138192,42.25337768264166,G
[RTG2015] 4791,53.134205,-27.788126,G
2dFGRS TGS281Z237,4.452958333333333,-28.921083333333335,G
ZW   II 179,338.0,4.166666666666667,G
WiggleZ S15J150230388+06044570,225.6266178,6.079362,G
SDSS J140139.77+332138.7,210.41572104961665,33.36077424177556,G
COSMOS2015 1046154,149.79399999999998,2.887,G
WiggleZ R01J010018855+00034494,15.078600899999996,0.062454000000000016,G
COSMOS2015 1043841,149.78829166666665,2.886222222222222,G
SDSS J104718.13+081950.5,161.825583,8.330708,G
COSMOS2015 1029369,149.77954166666666,2.865027777777778,G
DEEP2-GRS 21043586,252.15767,35.10834,G
COSMOS2015 1046198,149.79937499999997,2.8906944444444442,G
WISE J180539.91+603621.9,271.41627054224375,60.6060810984575,G
SDSS J140601.18+341614.4,211.5049216239337,34.27068276519139,G
WiggleZ R01J010036365-01525449,15.151558000000001,-1.881831,G
WISE J184701.49+492000.3,281.75626359679256,49.33341363290666,G
LCRS B005502.3-392059,14.345208333333332,-39.07961111111111,G
WiggleZ R01J005951874-01404138,14.966179,-1.678189,G
LEDA  480619,351.70750000000004,-49.08583333333333,G
SDSS J115117.48+321544.8,177.822861,32.262467,G
2MASX J18312625+5203091,277.85945595246915,52.05259948383582,G
WiggleZ R01J010018235-03273165,15.076015000000003,-3.4588200000000002,G
WiggleZ S15J150200071+04450593,225.50029779999997,4.751647999999999,G
SDSSCGB 66003.2,227.48907499999999,48.33015,G
SDSS J154800.64+463615.3,237.0026739868696,46.60427834982777,G
SDSS J075039.01+293248.1,117.66256572691002,29.546720744679998,G
COSMOS2015 1057577,149.74066666666667,2.905361111111111,G
SDSS J081939.29+034030.2,124.913747,3.675060999999999,G
COSMOS2015 255584,149.61754166666665,1.6715833333333332,G
COSMOS2015 615319,150.50977916666665,2.2345138888888894,G
SDSS J092721.24+141305.8,141.83853,14.218296999999998,G
LCRS B232502.6-382750,351.93387499999994,-38.18866666666666,G
WiggleZ S15J150332714+05061327,225.88630669999998,5.1036850000000005,G
WiggleZ S15J150430376+06352552,226.1265681,6.590423,G
SDSS J140540.18+343256.1,211.41744724561372,34.54890468514778,G
WiggleZ R01J005857896-02151540,14.741272,-2.254306,G
SDSS J002441.81+043308.8,6.1742230000000005,4.55245,G
WiggleZ S15J150452236+04155589,226.21764899999997,4.265524,G
2MASS J15385663+5337496,234.73585242986167,53.63045536970277,G
SDSSCGB 14154.4,131.994875,8.92605,G
COSMOS2015 1052999,149.84108333333333,2.9002499999999998,G
WISE J184557.80+451712.3,281.49083782665866,45.28675408561944,G
DEEP2-GRS 22037616,252.73409,34.98284,G
COSMOS 2038464,149.94445833333333,2.2963888888888886,G
COSMOS2015 1023794,149.73125000000002,2.8593333333333337,G
WISE J184421.30+480006.5,281.0887613809016,48.00181551933389,G
LEDA 1333782,178.07375000000002,7.895833333333333,G
COSMOS2015 300113,150.43908333333331,1.7431944444444445,G
WiggleZ S15J150440635+04432349,226.1693136,4.723192000000001,G
NGP9 F378-0137960,187.80980600493416,24.615873637035552,G
COSMOS2015 1026010,149.81808333333333,2.8616944444444448,G
COSMOS2015 1045902,149.83874999999998,2.89,G
2dFGRS TGS438Z242,6.059583333333333,-31.584999999999997,G
LEDA  529971,69.71,-45.14361111111111,G
SDSSCGB 59088.2,337.00405833333326,-1.0050000000000001,G
2MASX J19195007+4739282,289.9587305054592,47.657738002409445,G
WISE J185027.28+621213.1,282.6137418489008,62.20367139056223,G
WiggleZ S15J150159632+02094017,225.4984667,2.1611600000000006,G
SDSS J082639.27+182739.5,126.663625,18.460998,G
COSMOS2015 1050429,149.741,2.89525,G
2MFGC 13986,265.5100708333332,-56.8877638888889,G
LEDA 2280147,236.27328388498,46.377270384819994,G
WiggleZ S15J150137830+06194439,225.4076264,6.328997,G
LEDA 2226398,33.21,43.67388888888889,G
WiggleZ R01J005817711+02053131,14.573834500000004,2.0920030000000005,G
LEDA  256074,33.98458333333334,-73.40277777777779,G
WiggleZ R01J005846684+00082718,14.694554399999998,0.140854,G
[RTG2015] 1926,53.150424,-27.807476,G
GAMA J092443.01-001832.1,141.17923,-0.3089100000000001,G
LEDA  795866,33.31458333333334,-23.891666666666666,G
GAMA 4068438,173.58215,-0.46088999999999997,G
COSMOS2015 1032148,149.84799999999998,2.868861111111111,G
COSMOS2015 254578,149.46775,1.66875,G
WISE J041944.31-272430.5,64.93466328098874,-27.408503249965833,G
WiggleZ S15J150332849+00440091,225.8868729,0.7335860000000001,G
SDSS J150306.36+411748.6,225.7765000422592,41.29687492184444,G
AGC 331525,354.3304166666667,27.022222222222222,G
WISE J182447.24+612434.8,276.19699853010707,61.40963248308472,G
WISE J183745.03+512947.5,279.4376938939579,51.49649458387472,G
WiggleZ R01J005801214-03240847,14.505094000000003,-3.4023820000000002,G
SDSS J150652.71+425339.7,226.71965260213955,42.894364617961386,G
ShaSS 414016802,200.75311069999998,-30.902292899999996,G
LEDA  281359,36.22958333333334,-69.10083333333333,G
WISE J184342.39+523207.3,280.92665028590284,52.53537782282279,G
COSMOS2015 1057594,149.80429166666664,2.906138888888889,G
2MASX J18032715+5543341,270.86307468262004,55.726316591327226,G
COSMOS2015 299549,149.52020833333333,1.7421111111111112,G
COSMOS2015 1032850,149.73191666666668,2.8715555555555556,G
COSMOS2015 1026147,149.85541666666666,2.8618055555555557,G
WISE J043723.23-241631.1,69.34683738203209,-24.275323025159725,G
NGP9 F378-0015876,193.25829166666665,26.172361111111112,G
WiggleZ R01J005836866-01433636,14.653643499999998,-1.726796,G
LEDA 3481883,201.200104,54.690277,G
GOODS J123716.66+621042.6,189.31943333333336,62.17849972222221,G
2MASX J19475315-0529259,296.97158125775,-5.49059628632,G
2dFGRS TGS497Z029,6.014166666666667,-33.26888888888889,G
WiggleZ S15J151940692+05540526,229.9195504,5.901461,G
SDSSCGB 23197.2,200.07178333333334,45.431802777777776,G
COSMOS2015 1020030,149.77941666666666,2.8529444444444447,G
WiggleZ S15J150426358+04360164,226.1098245,4.600456000000001,G
COSMOS2015 1040353,149.87175000000002,2.8828055555555556,G
LEDA 4471552,234.47862970663002,22.65432140592,G
SDSS J150235.88-000036.2,225.649519,-0.010064,G
LEDA 2506382,246.02791666666664,55.55833333333333,G
LEDA 1643570,18.709116666666667,21.136911111111107,G
SDSS J155511.35+461809.2,238.79726020945492,46.30255258985583,G
COSMOS2015 1019486,149.88266666666667,2.8533055555555555,G
LEDA  105116,199.9237083333333,-6.335055555555556,G
SDSS J003200.56-002814.3,8.002363,-0.47065699999999994,G
2MFGC 14672,284.72158749999994,44.367225000000005,G
LEDA 1939242,199.13458333333332,31.26638888888889,G
SDSS J102139.14+044711.8,155.413099,4.7866230000000005,G
LCRS B000506.7-450114,1.9112500000000001,-44.74230555555556,G
Gaia DR3 2144911344844407808,279.1522790704588,50.197019671339156,G
WISE J184932.22+535937.3,282.38426352281834,53.993656557563895,G
SDSS J013819.93+061255.0,24.583047000000004,6.215288,G
WINGS J132432.77-321109.8,201.13656999999998,-32.18605,G
WISE J183336.42+480422.1,278.4017261891371,48.07279454092417,G
LCRS B003103.6-393652,8.373875000000002,-39.33877777777778,G
SDSS J225428.30+044945.4,343.617939,4.829290999999999,G
SDSS J105531.27+182530.6,163.880302,18.425189999999997,G
SDSSCGB 36763.1,240.67423333333335,10.551297222222223,G
COSMOS2015 261809,149.82916666666665,1.6823333333333332,G
SDSS J093856.90+053238.3,144.737091,5.5439989999999995,G
WiggleZ R01J005956187-02311066,14.984149,-2.5196569999999996,G
2MASX J18040386+5914159,271.0160623181,59.237901552767504,G
SDSS J081835.40+041411.8,124.647523,4.236632000000001,G
LCRS B011216.1-420323,18.62931087807917,-41.7923372878325,G
WiggleZ S15J150347738+05281004,225.94890629999998,5.469455,G
COSMOS2015 296672,149.95225,1.7378333333333333,G
COSMOS2015 1052201,149.87325,2.8950555555555555,G
COSMOS2015 254809,150.64641666666668,1.6697777777777776,G
WISE J004624.92-231456.6,11.60389339548875,-23.249130243048892,G
SDSS J133812.88+430118.0,204.553705,43.021672,G
WINGS J215357.05-161125.7,328.48773,-16.190470000000005,G
2MASX J18063255+5401419,271.63547044038336,54.028175732232775,G
WISE J043130.46-262103.0,67.8769777399925,-26.350858628606115,G
WiggleZ R01J005851581+04385988,14.714956099999997,4.649937999999999,G
LEDA 3811597,204.95219899435,20.689467488760002,G
WISE J180455.38+575650.8,271.2307505334867,57.94736747010887,G
WISE J005915.66-233126.1,14.815355519215,-23.524007287855827,G
SDSS J152634.01+432424.5,231.64166912235873,43.40684507620999,G
2dFGRS TGS555Z031,5.867083333333333,-34.61361111111111,G
COSMOS2015 1052613,149.798125,2.898416666666667,G
GAMA 3169057,173.8085,1.23867,G
2MASX J18110537+4124150,272.77246006967255,41.40407547161361,G
WiggleZ S15J150205723+05551998,225.5238446,5.922218,G
LEDA  772032,35.96305392492708,-26.05890809567834,G
DEEP2-GRS 22032159,253.29343,34.99019,G
2dFGRS TGS867Z533,6.12,-17.138055555555557,G
GAMA 918096,179.7442,-0.00030000000000000003,G
LEDA 2520833,181.39277073175998,55.96916108427,G
WISE J191524.21+451241.0,288.8508965132379,45.21136939240528,G
2dFGRS TGS467Z067,42.76112500000001,-32.564972222222224,G
SDSS J150817.58+433243.1,227.07326166316454,43.5453016609375,G
SDSS J031603.67+420134.4,49.015308,42.026233999999995,G
SDSS J022612.66-005631.5,36.552787,-0.9420979999999998,G
WiggleZ R01J005932855-02231645,14.886934000000004,-2.3879299999999994,G
WiggleZ S15J150153425+04265413,225.4726053,4.448368999999999,G
ShaSS 405078423,203.16061279999997,-29.5132218,G
LEDA  352527,33.28,-61.77444444444444,G
2dFGRS TGS280Z253,3.5220833333333332,-29.176944444444445,G
LEDA  945906,36.58708333333333,-12.903611111111111,G
GAMA J092315.15-000040.3,140.81317,-0.01122,G
SDSS J151914.05+024511.1,229.808573,2.753104,G
LEDA  906162,14.640833333333333,-15.814444444444446,G
SDSS J152109.30+433646.0,230.28876086639085,43.61278650313972,G
LEDA  884439,33.55833333333334,-17.36888888888889,G
SWIRE J033005.97-290028.5,52.52487500000001,-29.007916666666667,G
COSMOS2015 340380,150.55420833333335,1.8050277777777777,G
LEDA 2155303,197.62375,39.76777777777777,G
SDSS J013650.65+154011.3,24.211066999999996,15.669809999999998,G
SDSS J102121.95+321522.3,155.341468,32.256212,G
LEDA 2610273,146.53080430574207,60.99834086295277,G
WiggleZ R01J005800687+00251262,14.502900899999998,0.42014500000000005,G
2MASX J01333029-2857129,23.376211941120005,-28.95355522444,G
COSMOS2015 1056713,149.8615833333333,2.9048055555555554,G
WiggleZ R01J005933413+00433401,14.889255900000002,0.726087,G
COSMOS2015 1052440,149.86191666666664,2.8994166666666663,G
LEDA  452924,325.55875,-51.757777777777775,G
COSMOS2015 1057023,149.83183333333332,2.9056666666666664,G
WISE J183629.06+440722.0,279.1210944049842,44.12278345867972,G
WiggleZ S15J152001132+06211692,230.0047159,6.354699000000001,G
WiggleZ R01J005920548-03330676,14.835653500000001,-3.5519049999999996,G
LEDA 1469211,17.718333333333337,14.86888888888889,G
COSMOS2015 299982,150.29445833333335,1.7429999999999999,G
WiggleZ R01J005849234+02044483,14.705180499999999,2.0790920000000006,G
SDSS J084532.38+582148.1,131.384921,58.36338,G
SDSSCGB 15492.4,241.086575,32.35729444444445,G
LEDA  806398,200.0,-22.981111111111108,G
WiggleZ S15J150234044+02035838,225.64184999999998,2.066216,G
COSMOS2015 1046179,149.8444583333333,2.8905555555555553,G
COSMOS2015 1049580,149.74849999999998,2.8954166666666667,G
COSMOS2015 1028542,149.72933333333333,2.8658888888888887,G
WISE J010849.69-492356.9,17.207172690851245,-49.39916621442417,G
WiggleZ R01J005832510-01445088,14.635496499999997,-1.7474960000000004,G
WiggleZ S15J150223419+06070053,225.5975779,6.116814,G
WiggleZ S15J150301724+02495400,225.7571826,2.831667,G
WiggleZ S15J150227771+06100650,225.6157115,6.168472,G
WiggleZ S15J150408306+03565809,226.03461,3.9494699999999994,G
COSMOS2015 1057730,149.79295833333333,2.9058611111111112,G
WiggleZ R01J010011716+01151381,15.048852999999996,1.2538070000000001,G
SDSSCGB 23843.6,136.6124375,36.89780833333334,G
WISE J193441.30+510242.7,293.6720626749137,51.04517699298361,G
SDSS J095110.54+014737.1,147.793943,1.79365,G
SDSS J155904.80+461035.3,239.77002522124292,46.176485247603324,G
GOODS J123746.45+621317.6,189.44354750000002,62.22163888888889,G
SDSS J095948.59+081710.2,149.95247,8.286189,G
SDSSCGB 33919.3,223.46615833333328,26.870922222222227,G
2dFGRS TGS199Z029,1.48,-27.65111111111111,G
COSMOS2015 1031525,149.76395833333333,2.870111111111111,G
LCRS B234154.1-421407,356.134875,-41.95758333333334,G
GAMA 4306868,141.01603,-1.29544,G
SDSS J151819.66+455604.6,229.5819087724971,45.934612455543885,G
2dFGRS TGS867Z124,6.079166666666667,-17.352777777777778,G
WISE J044228.14-242748.7,70.61733311700543,-24.463571774808326,G
NGVS J122154.64+102242.9,185.47765379999998,10.3785814,G
LCRS B235808.2-384053,0.17575000000000002,-38.403,G
WISE J191222.07+450936.4,288.0920483421325,45.160023090529165,G
2MASX J01544015+0908463,28.667335196180005,9.146171529039998,G
WISE J044545.29-255150.1,71.43870735911042,-25.863884842642225,G
WiggleZ S15J150438979+06134644,226.1624122,6.229567,G
2MASX J00322304-2502250,8.096039761156252,-25.040383887823058,G
SDSS J095138.58+010155.1,147.910762,1.031992,G
DEEP2-GRS 32036557,352.61642,0.33785,G
LEDA  647532,70.08333333333334,-35.54944444444444,G
[RTG2015] 3533,53.195112,-27.798613,G
WiggleZ S15J150409293+02181570,226.0387217,2.3043620000000002,G
SDSS J082130.06+014641.1,125.37527000000001,1.778103,G
WISE J042658.38-255806.0,66.74330981008958,-25.96831597178972,G
WiggleZ S15J150338873-00293302,225.91196989999997,-0.49250700000000003,G
WiggleZ R01J005813369+01324350,14.555743000000003,1.5453890000000001,G
SDSSCGB 54188.2,228.94518333333335,44.352494444444446,G
COSMOS2015 249868,150.19933333333333,1.6625555555555553,G
SDSS J150838.40+412753.3,227.1600024855454,41.46483286446501,G
WISE J184720.74+594328.1,281.83648405286294,59.72444623647362,G
WiggleZ R00J232430733-11501985,351.1280541667,-11.8388416667,G
WiggleZ R01J010037758+00480967,15.157359900000003,0.8026569999999998,G
WISE J184839.02+552108.6,282.162588413275,55.35236874370944,G
SDSS J003446.89+121827.5,8.695388999999999,12.307664999999998,G
COSMOS2015 1031019,149.75395833333332,2.868277777777778,G
WISE J192000.41+473913.2,290.0017107965129,47.653602150657505,G
COSMOS2015 1038925,149.74733333333333,2.8794166666666667,G
SDSS J014042.43-090311.2,25.1768,-9.053125,G
LEDA 3093060,318.591375,-7.010916666666667,G
WISE J190308.05+532157.9,285.7835886043696,53.3661158879811,G
2dFGRS TGN097Z306,153.814,-5.63775,G
2MASX J18081067+4623467,272.0442344981017,46.396282548821944,G
COSMOS2015 1048979,149.76574999999997,2.893638888888889,G
SDSS J152706.38+435806.6,231.7766478117179,43.96849405340583,G
WiggleZ S15J150441915-00241382,226.1746456,-0.40383900000000006,G
SDSS J092417.39-003735.8,141.07248,-0.6266170000000001,G
WiggleZ R01J005753623-00225122,14.473467900000003,-0.380922,G
2MFGC 16993,338.4741208333333,42.65575277777777,G
FIGS GN2 0418,189.36000791666666,62.32918500000001,G
[CWF2012] 327.916656-05.442108,327.916656,-5.442108,G
SDSS J153003.32+444212.1,232.51385331459582,44.703392660420285,G
Anon J123748+6213,189.45165416666666,62.22647972222222,G
2MASX J14380241-4551465,219.51002305250998,-45.86299814947,G
SDSS J094455.30+284027.0,146.230431,28.674174999999998,G
WISE J044244.05-254005.0,70.68354349744875,-25.66805785363278,G
2MASX J19033169+5849287,285.88185504769206,58.824643362753335,G
SDSS J153143.09+450951.0,232.92955480244456,45.164154656769725,G
COSMOS2015 298601,149.62633333333335,1.7414166666666666,G
WISE J182859.22+544524.2,277.2467624163658,54.75672555997028,G
LCRS B015351.3-390338,28.99658333333333,-38.8165,G
WiggleZ R01J010002190-02124809,15.009160000000001,-2.2133870000000004,G
SDSS J151552.04+444436.3,228.96684206219413,44.74341844920111,G
UDF  3482,53.141018,-27.798189999999998,G
COSMOS2015 1018048,149.876625,2.8511388888888893,G
2MASX J19262383+4619271,291.59922827081084,46.32424898842945,G
COSMOS2015 1030914,149.76504166666666,2.867027777777778,G
WISE J185208.42+540213.2,283.0351040984775,54.036994504445,G
2MASX J18175373+4920008,274.4737036940758,49.33363120394721,G
SDSS J101233.69+025934.2,153.140392,2.9928470000000007,G
COSMOS2015 1055031,149.812375,2.898861111111111,G
SDSS J145207.48-020617.4,223.03118999999998,-2.104842,G
SDSS J031630.97+410634.3,49.12905000000001,41.109542,G
SDSS J151817.70+414418.4,229.57375717682834,41.738466631233614,G
COSMOS2015 1031706,149.77283333333332,2.8699166666666667,G
LEDA 1773954,351.6558333333333,26.378611111111113,G
SDSS J140214.44+433143.6,210.56016799999998,43.528787,G
COSMOS2015 1028406,149.79041666666666,2.8636944444444445,G
SDSSCGB 71709.4,222.1498,37.63288333333333,G
COSMOS2015 1036191,149.883375,2.8763333333333336,G
2MASX J18151144+4035536,273.7977776544542,40.598286909798055,G
WiggleZ S15J150358658+06102862,225.9944066,6.174615,G
COSMOS2015 1058628,149.87079166666666,2.90625,G
WISE J065024.58-725245.6,102.60233835928791,-72.87931037975166,G
DEEP2-GRS 43053060,37.84613,0.79202,G
LEDA 1819118,199.88202022660997,27.829762582990003,G
COSMOS2015 1034185,149.8214583333333,2.873527777777778,G
WiggleZ S15J150357887+06234921,225.99119639999998,6.397003,G
COSMOS2015 1050143,149.857875,2.89425,G
WiggleZ R01J005934311-00225350,14.8930014,-0.381557,G
2MFGC 15545,307.2862604058,14.036159954200002,G
LEDA  608090,3.077166666666667,-38.520222222222216,G
WISE J041356.84+301100.8,63.48683749999999,30.18356111111111,G
2MFGC 14362,275.4771416666667,68.98236666666666,G
2MFGC 13862,261.5594166666666,0.6935083333333334,G
WiggleZ R01J010040729-02421058,15.1697425,-2.702967,G
WISE J193413.88+461523.3,293.55789384788045,46.256416384077774,G
SDSS J230053.18+242259.6,345.221612,24.383244,G
LEDA 2470051,121.65412336541043,54.451899426068344,G
WISE J191733.71+452020.6,289.39045329955457,45.33905535903861,G
WiggleZ S15J150252027+04414411,225.7167783,4.695587,G
WISE J044330.45-252636.1,70.87689361049875,-25.443380573065834,G
SDSS J151805.22+414539.9,229.5217713681475,41.761070660406936,G
WiggleZ R01J005935129-02313136,14.896408000000003,-2.5254070000000004,G
WiggleZ R01J005912009-03044010,14.800075,-3.0778340000000006,G
WiggleZ R01J005944277-03063711,14.9345245,-3.110336,G
WISE J044613.65-251919.0,71.55687225887957,-25.321951688285278,G
WISE J044331.71-263231.3,70.88213210315833,-26.542071076613336,G
SDSS J093525.51+101413.0,143.856313,10.236946000000001,G
LEDA 2503203,234.90617500000002,55.46831111111111,G
2MASX J18544135+5653374,283.67204874612366,56.893801481113336,G
WiggleZ R01J005921961+01242780,14.841539500000001,1.4076949999999997,G
2dFGRS TGS806Z044,12.704666666666668,-40.695249999999994,G
SDSS J153847.85+443919.2,234.6993744095658,44.65534431145167,G
SDSS J152400.64+474449.8,231.00266509822333,47.74718192419528,G
WiggleZ S15J150243007+07014800,225.67919699999996,7.029999000000001,G
[RTG2015] 3832,53.147716,-27.797267,G
COSMOS2015 1039442,149.8938333333333,2.881361111111111,G
2MFGC 16746,333.0776041666667,-25.21232777777778,G
LEDA 2263737,199.08865914732,45.36427510398,G
WISE J011711.06-500006.9,19.296132982203332,-50.00193513564916,G
WiggleZ R01J010037118-01140458,15.1546945,-1.2346330000000003,G
WISE J180252.25+414057.1,270.71768043916455,41.68252855783722,G
2dFGRS TGN430Z237,160.32370833333331,1.2525277777777777,G
WiggleZ R01J005959922-01002738,14.99971,-1.007633,G
2MASX J00281475-2555041,7.061581682599166,-25.9178536739075,G
COSMOS2015 1045690,149.72870833333334,2.8898055555555557,G
WiggleZ R01J005927391-00323501,14.8641654,-0.5430859999999998,G
GMP 5835,193.9320833333333,28.34111111111111,G
WiggleZ R01J010000584+05093304,15.002470099999998,5.1591510000000005,G
LEDA 2611551,171.1602691591796,61.075697787605286,G
2dFGRS TGS362Z019,6.071250000000001,-30.660277777777775,G
[DFV2017] 399,73.7741000908,3.04016541629,G
SDSS J080135.73+114325.5,120.398889,11.723774999999998,G
WISE J044445.60-241313.3,71.19005154473668,-24.220368647158335,G
SDSSCGB 48201.2,162.52814862248,54.95204527182,G
COSMOS2015 1030849,149.75920833333333,2.8674166666666667,G
WiggleZ R01J010031798-03142084,15.132528999999996,-3.23915,G
WISE J192115.64+492039.9,290.3151713005042,49.34442731695888,G
COSMOS2015 300157,149.65954166666668,1.7429999999999999,G
2dFGRS TGS926Z292,327.5283333333333,-16.422361111111112,G
COSMOS2015 256298,149.61841666666666,1.672611111111111,G
WiggleZ S15J151546772+05331507,228.9448848,5.5541849999999995,G
GAMA 3370909,140.88257,1.36566,G
2dFGRS TGS360Z009,3.414166666666667,-29.977777777777778,G
2dFGRS TGS498Z117,6.205416666666667,-32.63194444444444,G
WiggleZ S15J150304828+06565847,225.77011699999997,6.949574000000001,G
2dFGRS TGN094Z268,150.84695833333336,-4.69125,G
WISE J183854.21+594249.8,279.7258615539513,59.71384111144417,G
WiggleZ S15J150208227+00183707,225.534278,0.310298,G
SDSS J151520.34+414649.9,228.83478555300502,41.780549978922224,G
COSMOS2015 1033173,149.86841666666666,2.8713888888888888,G
COSMOS2015 1030540,149.79404166666666,2.8685277777777776,G
WiggleZ S15J150233449+06143086,225.6393727,6.241904999999999,G
SDSS J024709.32+332444.4,41.78886309210667,33.412375888058605,G
SDSS J101421.52+085455.3,153.589696,8.915376,G
SDSSCGB 62106.1,133.98379583333335,5.629994444444446,G
LEDA 1207516,204.71379997098,1.8368553662099998,G
WISE J192234.17+473103.3,290.6423774073842,47.5175619205925,G
SDSSCGB 69089.2,246.9136708333333,53.38516944444444,G
SDSS J155358.00+465840.4,238.49168350758623,46.97790062731612,G
LEDA 2100502,197.68091666666666,37.42677777777777,G
LEDA 2190710,35.93541666666667,42.00666666666667,G
EGSIRAC J141702.62+522119.3,214.26087616666666,52.355304777777775,G
WiggleZ S15J150319462-01254844,225.8310916667,-1.4301222222,G
WISE J044755.21-242308.3,71.98004704685749,-24.385654405927497,G
WiggleZ S15J150303520+01154007,225.76466669999996,1.261132,G
TKRS  2096,189.29647166666666,62.357358888888896,G
WISE J044629.80-232441.5,71.6242103162,-23.411601300329725,G
WiggleZ R01J005802072+00031185,14.5086684,0.053264000000000006,G
WISE J192717.36+455328.0,291.82242677518167,45.89114114106861,G
LEDA  489142,34.665,-48.281666666666666,G
NGP9 F268-0913770,193.0145,35.68011111111111,G
WiggleZ R01J005756091-02445363,14.483750499999998,-2.7482589999999996,G
VIPERS 407091953,330.908948,2.135927,G
COSMOS2015 301979,149.52891666666667,1.7465000000000002,G
LEDA 1040124,2.4175,-5.810277777777777,G
WiggleZ R01J005811943-03343521,14.5498,-3.576476,G
WiggleZ S15J150302550+06224740,225.76062439999998,6.3798330000000005,G
2MASX J18545823+5508274,283.74258448223543,55.14088396138889,G
SDSS J031559.16+421035.1,48.99652799999999,42.176425,G
COSMOS2015 253116,149.51870833333334,1.6672777777777776,G
2dFGRS TGS436Z094,3.3795833333333336,-31.539444444444445,G
SDSS J101131.49+092618.0,152.881239,9.438358000000001,G
COSMOS2015 1021547,149.84487499999997,2.8560833333333333,G
COSMOS J095906.91+025358.3,149.77879166666665,2.8995277777777777,G
[JSH2011] SMM J001418.3-302525,3.57625,-30.42361111111111,G
LEDA  101242,335.37158804008,-53.21822594952,G
WiggleZ S15J150251251+01503648,225.7135439,1.843467,G
WISE J192711.53+435804.7,291.79796274293125,43.968008931221114,G
LEDA  586830,14.428749999999999,-40.39861111111111,G
LEDA 1543783,271.61041666666665,17.861666666666668,G
SDSS J141107.53+345219.0,212.78141637311913,34.87197044686028,G
COSMOS2015 1025749,149.887375,2.8619166666666667,G
WiggleZ S15J150310404+02425329,225.79334989999998,2.714803,G
2MASX J18061203+4011134,271.54997729366835,40.18702772093666,G
UDF  3769,53.129207,-27.796867,G
LEDA 1760498,355.465,26.045833333333334,G
WISE J005805.82-510429.2,14.524234257494166,-51.07482599311834,G
SDSS J151520.73+431312.3,228.83641635119668,43.220116218109446,G
COSMOS2015 1040886,149.83004166666666,2.881277777777778,G
SDSS J155009.11+474020.8,237.53801447312622,47.67246495599083,G
WISE J182452.64+485519.3,276.2192489585241,48.92200036778833,G
SDSSCGB 61942.3,123.97994166666665,38.07490833333334,G
LCRS B231200.9-390718,348.6901666666667,-38.84905555555556,G
WISE J192009.24+493255.0,290.03849190496584,49.54854934459527,G
LCRS B232249.4-390522,351.38175,-38.81455555555555,G
SDSS J031612.93+405247.0,49.053875999999995,40.879737,G
WiggleZ R01J005829680-01065009,14.623702000000002,-1.1139429999999997,G
COSMOS2015 296964,149.92908333333332,1.7387222222222223,G
WISE J042502.19-265824.2,66.25918204742584,-26.97340772603639,G
[RTG2015] 3829,53.130492,-27.797277,G
WiggleZ S15J150441707-00114111,226.1737774,-0.194753,G
WiggleZ R01J005810055-00381398,14.541932400000002,-0.6372449999999998,G
2dFGRS TGS233Z208,39.88583333333334,-27.083333333333332,G
COSMOS2015 1019522,149.76774999999998,2.8530277777777777,G
LEDA  601282,359.61724999999996,-39.15472222222222,G
WiggleZ S15J150335912+04225174,225.8996343,4.38104,G
WiggleZ S15J150250606+05355645,225.7108569,5.599015,G
2dFGRS TGS280Z019,3.41375,-29.551944444444445,G
[RTG2015] 1817,53.14206,-27.80811,G
WiggleZ S15J150342121+00592176,225.92550589999996,0.9893770000000001,G
WiggleZ S15J150217022-01571774,225.5709267,-1.9549260000000002,G
[RTG2015] 3778,53.162437,-27.79747,G
GAMA 797121,140.51682,-0.7520399999999999,G
LEDA 1388224,174.30583333333334,11.055000000000001,G
GMP 5804,193.9383333333333,29.12666666666667,G
WiggleZ R01J005940459-00373071,14.918616900000002,-0.625226,G
SDSS J031601.46+410041.1,49.006108,41.011437,G
SDSS J151629.76+440827.5,229.12404609567832,44.14098407819528,G
SDSS J151931.08+421147.3,229.87951076518752,42.19645020295194,G
COSMOS2015 1043135,149.793625,2.8866944444444447,G
SDSS J124943.77+161007.3,192.43241099999997,16.168700999999995,G
LCRS B011305.6-392221,18.84175,-39.108666666666664,G
WiggleZ S15J150339822+06052999,225.91592669999997,6.091664,G
2dFGRS TGS498Z139,6.062916666666667,-33.528888888888886,G
2dFGRS TGS572Z294,30.629291666666663,-34.76583333333333,G
WISE J181404.91+485935.1,273.52045907741126,48.99311786783556,G
GAMA 3031037,141.31626,0.37859,G
WiggleZ S15J150133778+01455698,225.39074059999996,1.7658289999999999,G
COSMOS2015 1026003,149.88275,2.8619722222222226,G
WISE J063341.99-710206.0,98.42501115186208,-71.03495751403416,G
LCRS B235709.1-415416,359.9304583333334,-41.62616666666667,G
LCRS B010246.1-421827,16.26358333333333,-42.03994444444444,G
SDSS J095828.24+313654.1,149.617668,31.615054000000004,G
LEDA 2589808,126.38916666666668,59.38166666666667,G
WISE J191041.77+470209.4,287.67404941849213,47.03591849723111,G
COSMOS2015 297059,149.47262499999997,1.7385,G
SDSS J013418.52-103202.2,23.577176,-10.533961,G
FRL   86,315.69629104651,-62.40987058577,G
WiggleZ S15J151909887+03441093,229.79119460000004,3.7363689999999994,G
WISE J181936.50+610705.6,274.9021300940946,61.118182925353345,G
WiggleZ S15J150239549+05473949,225.6647883,5.794302,G
SDSS J222027.40+192614.7,335.114198,19.437428000000004,G
LEDA  107842,9.165083333333333,-41.06616666666666,G
WiggleZ R01J005854846-00350968,14.728562400000001,-0.586049,G
WISE J044737.38-253531.6,71.90582679746541,-25.59213048468777,G
COSMOS2015 1058834,149.87599999999998,2.90825,G
SDSS J003208.01+004022.0,8.033404,0.672787,G
LCRS B012634.1-393810,22.196910264357918,-39.37792591646639,G
IRAS 09098-6020,137.76930438033293,-60.54636484533861,G
WiggleZ S15J150405972-00013394,226.02488509999998,-0.026093,G
SDSS J142803.95+375538.5,217.01647275072375,37.92738453304388,G
WiggleZ S15J151947840+06484590,229.9493313,6.812750000000002,G
WISE J044547.65-245137.0,71.4486411921271,-24.86034798556167,G
WiggleZ R01J010034699-03142161,15.144617499999997,-3.239364,G
LEDA 1991232,140.0118370959,32.31697913579,G
WiggleZ R01J005800594-02044611,14.502511,-2.0795029999999994,G
2MASX J19280951+5434414,292.03957162264794,54.578243495488614,G
COSMOS2015 1015475,149.85229166666664,2.84775,G
WiggleZ S15J150130739+01354900,225.37807989999996,1.5969440000000001,G
[RGD2013] J123131.842+103315.515,187.882675,10.554309722222223,G
WISE J192836.84+445151.3,292.1535019220121,44.864199078117785,G
COSMOS2015 1021457,149.83958333333334,2.8555277777777777,G
GAMA 927156,140.47921,0.23834,G
2dFGRS TGS438Z221,6.184583333333334,-31.878055555555555,G
LEDA  709023,6.017941070738335,-31.113444195926675,G
SDSS J101802.19+090940.1,154.509155,9.161152999999999,G
LEDA 1088057,317.44642005932,-2.58196929531,G
SDSS J155328.75+472539.6,238.36979771481745,47.42768574398027,G
2dFGRS TGS436Z012,3.3845833333333335,-32.282222222222224,G
GOODS J123708.12+621948.2,189.283845,62.33005333333334,G
2dFGRS TGS243Z111,52.262625,-28.28605555555556,G
WiggleZ S15J150259624+04145780,225.7484336,4.249389,G
COSMOS2015 1027290,149.793625,2.8642777777777777,G
COSMOS2015 1038245,149.85341666666665,2.879055555555556,G
LEDA 2088753,192.24413642134996,36.88578105164,G
WISE J011622.42-501037.0,19.093505613376248,-50.17696416076694,G
LEDA 2329415,194.58249999999998,48.94194444444444,G
SDSS J093119.38+015317.9,142.830791,1.888318,G
COSMOS2015 1037306,149.734125,2.8780833333333335,G
COSMOS2015 1048379,149.86983333333333,2.891083333333333,G
WiggleZ S15J150134402+06131078,225.3933418,6.21966,G
LEDA 1006691,13.982916666666664,-8.208888888888888,G
WISE J044735.76-253941.1,71.89908256275207,-25.661447958950827,G
WiggleZ R01J005749965-02370528,14.458225000000002,-2.6181619999999994,G
COSMOS2015 1046329,149.7987083333333,2.8903611111111114,G
LEDA  101819,12.999625,-41.254361111111116,G
2MFGC 16974,338.01687544223,20.77543465386,G
GOODS J123733.74+621125.9,189.3905951,62.1905176,G
APMGS 235316.9-344222,358.96625000000006,-34.42722222222222,G
2MASX J18125652+5710410,273.23576701933166,57.17796940685056,G
2dFGRS TGS456Z090,27.81416666666667,-32.54111111111111,G
WISE J190210.97+533223.6,285.5457250141442,53.539894123241105,G
WiggleZ S15J150352532+06093098,225.96888289999998,6.158606999999999,G
WiggleZ R01J005813902+02043599,14.557962999999999,2.076635,G
2dFGRS TGS222Z202,28.000416666666666,-26.7075,G
WiggleZ S15J152002249+06452695,230.0093727,6.757486,G
LEDA 1297440,11.983435811369999,6.26287124044,G
SDSS J091101.22+125809.6,137.755107,12.969343000000002,G
GAMA 4090722,173.54085,-0.12283999999999999,G
SDSS J151943.71+444613.1,229.93215666181874,44.77033632434694,G
SDSS J153235.36+014717.7,233.147364,1.7882609999999994,G
VIPERS 411099706,334.087325,2.135972,G
WiggleZ S15J151618244+06282552,229.07601789999998,6.473753999999999,G
2MASX J18071590+5632054,271.8161891141775,56.53484010104945,G
LCRS B002222.8-423046,6.209875,-42.23594444444444,G
SDSS J084432.62+134225.7,131.135946,13.707165,G
WISE J005357.57-240724.9,13.489915253300415,-24.123632909351386,G
LEDA 1724315,197.65895833333332,25.0615,G
GNS 2814,189.088565,62.27788916666667,G
SDSS J155247.79+451558.2,238.19915972889328,45.26617201706194,G
SDSS J090229.13+233816.9,135.62141,23.638039999999997,G
WiggleZ R01J005830508-02012480,14.627155000000004,-2.0235840000000005,G
WISE J010007.80-244909.7,15.032452487992499,-24.8193845386725,G
SDSSCGB 55137.4,233.96286666666663,13.490191666666664,G
COSMOS2015 295174,149.48395833333333,1.739,G
WiggleZ R01J005755168-02314528,14.479904499999996,-2.529273,G
SDSS J094514.12+241354.9,146.308836,24.231921,G
[RTG2015] 4768,53.136355,-27.787963,G
2MASX J00490349-2205027,12.264441562924166,-22.084119251546937,G
COSMOS2015 1019438,149.8220833333333,2.8500833333333335,G
2dFGRS TGS138Z102,6.117916666666667,-25.290833333333335,G
[RTG2015] 4781,53.13598,-27.78802,G
EGSIRAC J142057.50+531224.2,215.23959316666665,53.206757,G
LCRS B001127.4-384444,3.4927916666666667,-38.46769444444445,G
GAMA 3401147,139.82251,2.15297,G
WiggleZ R01J005825610-00450361,14.606744399999998,-0.751031,G
LEDA 1018187,314.62375,-7.485563888888888,G
LEDA 1446756,170.15125,14.009444444444444,G
WiggleZ S15J150356079+00021729,225.9836619,0.03813600000000001,G
LEDA   90464,3.42185,5.978300000000001,G
COSMOS2015 1054249,149.88537499999998,2.900638888888889,G
WiggleZ R01J005952341-02072841,14.968125999999998,-2.1245850000000006,G
LEDA 2371722,218.7470833333333,50.39361111111111,G
WiggleZ S15J150412585+06405375,226.0524385,6.681595999999998,G
LCRS B002114.5-393514,5.9288333333333325,-39.31030555555556,G
WiggleZ S15J150433163+03394317,226.138181,3.6619910000000004,G
WiggleZ R01J005928715-02373326,14.869683999999998,-2.6259340000000004,G
WiggleZ R01J005828805-01511879,14.620058499999999,-1.8552469999999994,G
WiggleZ R01J010005947+00253757,15.024815399999998,0.427076,G
SDSS J082010.10+055351.7,125.042097,5.897715,G
COSMOS2015 1026845,149.823625,2.863277777777778,G
WiggleZ R01J005919913+01465768,14.833007499999999,1.7826619999999997,G
SDSS J085236.53+153414.0,133.15221,15.570563000000002,G
SDSS J084514.44+041515.7,131.310205,4.254371,G
SDSSCGB 70882.2,10.715526553719998,14.047855414510002,G
GAMA 3032408,173.78771,0.37299999999999994,G
SDSS J220343.28+182025.1,330.930368,18.340309,G
WiggleZ R01J005821006-01580956,14.587564,-1.9693510000000005,G
GAMA 3371214,141.22552,1.1884699999999997,G
2dFGRS TGS496Z037,3.409166666666667,-32.54888888888889,G
LEDA 1654464,161.35208333333333,21.654166666666665,G
WISE J010321.81-240746.9,15.840909160766252,-24.129697054098607,G
GAMA 3063767,141.03553,0.83453,G
WiggleZ S15J150408554+05042314,226.0356398,5.073093,G
COSMOS2015 1042988,149.7305,2.8864444444444444,G
LEDA  495232,33.998333333333335,-47.81944444444445,G
2MFGC 13919,263.553925,28.091897222222222,G
LEDA 1421211,352.65000000000003,13.026666666666667,G
COSMOS2015 1029653,149.86987499999998,2.8670555555555555,G
SDSS J220957.80+073004.8,332.4908649999999,7.501342,G
2MASX J04421330-2638396,70.55541876537542,-26.644450762748058,G
2dFGRS TGS300Z014,25.593333333333334,-28.41888888888889,G
WISE J044045.48-244250.1,70.18955056892251,-24.713904077865557,G
LEDA  931440,184.82750000000001,-13.91861111111111,G
2dFGRS TGS327Z200,326.0560416666667,-30.592888888888886,G
WiggleZ R01J005912793+04421928,14.803342099999998,4.705328,G
WiggleZ S15J151801828+07034792,229.5076187,7.063310000000002,G
LCRS B235004.1-445041,358.1684166666667,-44.56652777777778,G
SDSS J091706.69+115826.4,139.277881,11.97402,G
LEDA  542753,49.248749999999994,-43.93388888888889,G
WISE J184821.45+481216.7,282.0894242112987,48.2046149139114,G
WiggleZ R01J005813112-01530381,14.554668999999999,-1.88442,G
SDSS J094839.94+091902.9,147.166426,9.317499,G
SDSS J154637.15+453318.5,236.65479698939208,45.555121790916665,G
SDSS J155320.51+441039.8,238.3354634068025,44.177723810024716,G
2MFGC 14339,274.99896250000006,23.24130277777778,G
EGSIRAC J142109.88+530238.4,215.29108975,53.04402047222222,G
COSMOS2015 1035742,149.80666666666664,2.8756666666666666,G
LEDA 4376452,203.750612,8.045209,G
LEDA 3786909,185.13951543691,27.659079053870002,G
SDSS J091750.90+164348.8,139.462112,16.730248,G
VIPERS 118117304,38.175812,-5.036045,G
WISE J180712.47+590707.4,271.8020022724654,59.118731421481385,G
SDSS J132220.16+385421.2,200.58400799999998,38.905904,G
SDSS J101623.55+315253.8,154.098167,31.881612,G
SDSS J090850.30+130814.7,137.209592,13.13744,G
WiggleZ R01J005809058-01101309,14.537779000000006,-1.170332,G
LCRS B011245.1-385304,18.758166666666668,-38.62038888888889,G
COSMOS2015 382540,149.39379,1.87158,G
VIPERS 118071799,37.965038,-5.258295,G
WiggleZ R01J005903192-01475724,14.7633385,-1.7992620000000006,G
SDSS J121309.78+022810.7,183.29078799999996,2.4696619999999996,G
SDSS J080338.82+161905.0,120.91175600000004,16.318072,G
LEDA  124679,5.054778195060001,-38.89331277193,G
COSMOS J095917.59+025355.5,149.82329166666665,2.89875,G
COSMOS2015 1058141,149.85066666666665,2.9060555555555556,G
SDSS J100437.60+101234.4,151.156701,10.209576000000002,G
LCRS B011221.1-391041,18.657583333333335,-38.913916666666665,G
2dFGRS TGS511Z315,27.557916666666667,-33.08888888888889,G
LCRS B003443.4-421538,9.28225,-41.98563888888889,G
COSMOS2015 1043691,149.84912500000002,2.887527777777778,G
2dFGRS TGS498Z131,6.133333333333334,-32.67333333333333,G
LCRS B230352.3-385051,346.66170833333337,-38.57694444444445,G
COSMOS2015 1040756,149.83795833333332,2.8824722222222223,G
2dFGRS TGS828Z461,323.91006045141,-40.02853151517,G
SDSSCGB 40872.1,258.1480522245299,26.569629653500005,G
WiggleZ R01J005946249+00092922,14.942742900000002,0.158088,G
WiggleZ R01J010018583+01133327,15.0774655,1.22588,G
SDSS J093713.53+020400.9,144.306412,2.06693,G
VIPERS 117718702,37.463165,-4.797055,G
WiggleZ S15J150220735+06263895,225.58639389999996,6.444152000000001,G
SDSS J142328.83+363416.8,215.87013498468036,36.57135922062223,G
WISE J191115.70+481808.1,287.8154652637792,48.30224752304389,G
LCRS B235710.8-414827,359.9375,-41.52908333333333,G
LEDA  968410,197.52791666666667,-11.22638888888889,G
WISE J182053.66+511940.7,275.2236039124849,51.32798332671334,G
WISE J005839.29-513004.7,14.663815093232916,-51.501331930809435,G
2dFGRS TGS809Z098,337.3319583333334,-53.102555555555554,G
SDSS J094706.70+010222.5,146.777925,1.0395870000000003,G
WISE J181648.08+563211.0,274.2004370970179,56.53640839310944,G
WiggleZ R01J005840216-00203061,14.6676054,-0.34186399999999995,G
WiggleZ S15J150348123+02170768,225.9505118,2.285468,G
SDSS J073738.82+271156.2,114.411758,27.198952,G
LEDA  907041,14.634166666666667,-15.746666666666666,G
GAMA J092459.73-000734.6,141.2489,-0.1263,G
SDSSCGB 71004.2,193.028375,16.102475,G
WiggleZ R01J005912075+00281335,14.8003479,0.470348,G
SDSS J083326.63+153625.2,128.360982,15.607019,G
2dFGRS TGS893Z404,5.67625,-39.9825,G
GAMA 3945514,173.77605,-0.34703,G
COSMOS2015 1016537,149.8310833333333,2.8493333333333335,G
LCRS B235139.2-384827,358.5611666666666,-38.529361111111115,G
COSMOS2015 1036708,149.8875,2.876722222222222,G
COSMOS2015 1021596,149.74595833333333,2.8563333333333336,G
VIPERS 118109855,38.178554,-5.07101,G
SDSS J031619.36+421227.6,49.080699,42.20768100000001,G
COSMOS2015 1021649,149.88366666666664,2.854333333333334,G
[RTG2015] 1888,53.175871,-27.807673,G
SDSSCGB 15903.2,243.86322499999997,38.00033333333333,G
2MASX J04462829-2324505,71.61780127664584,-23.414156206861662,G
2dFGRS TGS223Z177,27.803750000000004,-27.540277777777778,G
DEEP2-GRS 41009468,36.68013,0.42786,G
COSMOS J095902.70+025349.2,149.76125,2.897,G
SDSS J150757.77+410336.8,226.99070910243162,41.06021890521528,G
2MASX J18373045+5951478,279.37682425460747,59.86316185765,G
GAMA J092232.57-001345.8,140.6357,-0.2294,G
GOODS J123535.70+621320.8,188.89866666666668,62.22250000000001,G
COSMOS2015 299269,149.52279166666665,1.741611111111111,G
SDSS J160046.47+453903.3,240.19364707941247,45.650921747861105,G
WiggleZ S15J150404237+05050646,226.01765209999996,5.085129,G
NGP9 F268-0964809,191.58575000000002,35.466527777777785,G
LEDA 2744551,197.575,71.62277777777777,G
VIPERS 117154816,37.677674,-4.875726,G
SDSS J020502.25+001914.2,31.259390999999997,0.32061499999999993,G
WiggleZ S15J150417149+02412691,226.0714528,2.690808,G
COSMOS2015 1050044,149.86658333333332,2.895638888888889,G
WISE J010512.10-502032.1,16.300557207708334,-50.34229027295306,G
WiggleZ R01J005913734-02143739,14.8072615,-2.243748,G
WiggleZ S15J151648319+06584817,229.2013283,6.980047000000001,G
WISE J184726.12+591915.3,281.85883600132706,59.32091133750806,G
SDSS J140905.90+352527.0,212.2746321220375,35.4241847217425,G
GAMA J092434.22-004444.9,141.14261,-0.74582,G
WiggleZ R01J005825268-00413861,14.6053209,-0.6940869999999999,G
COSMOS2015 1051725,149.7345,2.898416666666667,G
WiggleZ S15J151612719+06424686,229.0529974,6.713017,G
COSMOS2015 1038883,149.8405833333333,2.87875,G
COSMOS2015 1048157,149.76616666666663,2.8926944444444445,G
SDSS J144805.27+031748.1,222.021979,3.2967059999999995,G
2dFGRS TGS358Z203,1.4774999999999998,-30.895555555555553,G
SDSS J160223.88+464159.7,240.5995057298338,46.699927718373885,G
SDSSCGB 15288.4,198.85052499999998,17.192008333333334,G
SDSS J151654.05+024546.1,229.225247,2.762811,G
WISE J062311.18-712432.0,95.79661610601167,-71.40880058273139,G
WISE J184539.91+561657.0,281.41631264463126,56.28248496833584,G
2MASX J18144573+5949252,273.69037834165124,59.82359006865584,G
COSMOS2015 1057107,149.798125,2.905638888888889,G
GAMA 609070,173.62232,0.24479000000000006,G
COSMOS2015 1017817,149.82033333333334,2.8508055555555556,G
LEDA 1645976,219.22083333333333,21.246666666666666,G
2MASX J21402594-4137277,325.10805179255,-41.62444149486,G
LEDA 1596127,170.5672715545,19.53830522031,G
SDSS J093710.31+101127.7,144.292995,10.191033,G
WiggleZ R01J005844768+04495049,14.686568599999998,4.830664999999999,G
NGP9 F322-0713210,191.5045833333333,29.83011111111111,G
2dFGRS TGN398Z186,199.95416666666665,2.0327777777777776,G
SDSS J150348.23+045138.7,225.950969,4.860749,G
WiggleZ R01J005907176+01530140,14.779935999999998,1.8836949999999992,G
SDSS J091901.02+164002.7,139.754269,16.667419000000002,G
SDSS J163750.07+114744.9,249.45865273559997,11.79580655994,G
WiggleZ S15J150201732+06094337,225.50721739999997,6.162046999999999,G
COSMOS2015 1053323,149.73083333333335,2.9006666666666665,G
LEDA  552124,28.115000000000002,-43.17722222222222,G
WISE J193341.90+453007.1,293.4249071947854,45.50195170171056,G
LEDA  506816,14.37,-47.084722222222226,G
SDSS J102438.95+285705.8,156.162313,28.95161300000001,G
WISE J044516.52-240522.3,71.31889328387334,-24.089634351724165,G
WISE J004951.74-235303.2,12.465672087161668,-23.884303715735832,G
LEDA  835351,202.07849739316998,-20.906421820779997,G
[FBC2017] J113118.0-200546.1,172.825,-20.096138888888888,G
WISE J185618.36+605636.9,284.07655205680413,60.94358730616777,G
COSMOS2015 1054968,149.86295833333332,2.9011944444444446,G
WISE J191632.33+590105.5,289.13464741793206,59.01822099356361,G
LCRS B214846.9-393938,327.95970833333337,-39.42572222222222,G
LEDA  105092,197.80295833333335,-11.852333333333334,G
SDSS J083453.75+121307.1,128.723999,12.218664000000002,G
GAMA J092313.21-004750.5,140.80504,-0.79738,G
NGP9 F268-1033283,192.08929166666667,35.29358333333333,G
2dFGRS TGS144Z229,15.165624999999999,-26.200027777777777,G
COSMOS J095934.02+025216.0,149.89174999999997,2.871111111111111,G
[RTG2015] 4787,53.167561,-27.78805,G
WISE J180847.72+474031.6,272.1987933544741,47.675390575029994,G
LEDA   92953,196.73708333333332,7.735555555555556,G
LEDA 2206759,171.65041666666667,42.814166666666665,G
SDSS J142616.52+381450.9,216.56887434663415,38.247487649208615,G
SDSS J100759.05+181502.8,151.99608,18.250778999999998,G
WiggleZ S15J150350792-00340702,225.96163269999997,-0.568617,G
2dFGRS TGS360Z004,3.5,-30.724999999999998,G
WISE J063851.22-723840.8,99.71338495976792,-72.64471671412417,G
WiggleZ S15J150414562+05131425,226.0606735,5.220624,G
WiggleZ R01J005955631-01473482,14.9818345,-1.7930340000000005,G
WiggleZ S15J150442228+01164163,226.17594909999997,1.278232,G
SDSS J102524.13+285701.0,156.350555,28.950293,G
SDSSCGB 60757.2,217.7028333333333,3.944,G
2dFGRS TGS302Z092,27.645,-29.791944444444447,G
ShaSS 414044005,200.9326995,-30.488493500000008,G
SDSS J094511.60+041437.6,146.298334,4.2437949999999995,G
WiggleZ R01J005949724+00235879,14.957220900000001,0.39963600000000005,G
WiggleZ R01J005922479-03182856,14.843701,-3.3079620000000003,G
2MASX J16263359+6610439,246.64029211245997,66.1787953064,G
WiggleZ R01J005857803+00135209,14.740881899999996,0.231107,G
GOODS J123741.58+621322.5,189.42324499999998,62.2229225,G
WISE J193337.82+471943.0,293.40763555792665,47.328557498215545,G
COSMOS2015 252227,149.46470833333333,1.6651388888888887,G
COSMOS2015 1031262,149.75195833333333,2.869666666666667,G
SDSSCGB 63125.1,319.5852166666667,-0.36628055555555555,G
WiggleZ S15J150224149+04420395,225.60061939999997,4.701098,G
LEDA  952544,199.01745833333337,-12.45288888888889,G
COSMOS2015 1056048,149.86379166666666,2.903916666666667,G
COSMOS2015 383912,149.45995833333333,1.8729166666666668,G
2dFGRS TGS383Z145,27.66208333333334,-29.46861111111111,G
LEDA  746119,197.54833333333332,-28.078611111111112,G
SDSS J155355.76+465554.8,238.48233902345993,46.931902555545825,G
SDSS J154003.17+443002.7,235.01323011735786,44.50075830537445,G
WiggleZ R01J005905221+01033426,14.771789500000002,1.059489,G
COSMOS2015 1020672,149.84999999999997,2.8549166666666665,G
COSMOS2015 247020,150.0132083333333,1.6580277777777779,G
GAMA 850570,139.78292,2.3458000000000006,G
SDSS J160530.38+462558.8,241.37661078322418,46.4330053570375,G
WISE J011704.88-492212.7,19.270503063049997,-49.37014394564833,G
WISE J180800.05+393935.2,272.000233245965,39.65977873335805,G
SDSS J080618.40+155731.8,121.576674,15.958851999999998,G
SDSSCGB 72218.4,250.97224999999992,39.6807861111111,G
LEDA  832349,306.06962052887,-21.12428355795,G
WiggleZ S15J151855004+06474682,229.72918209999995,6.79634,G
2dFGRS TGS406Z032,328.77866666666665,-32.63627777777778,G
COSMOS2015 1038294,149.8918333333333,2.8793333333333337,G
COSMOS2015 1041732,149.88704166666665,2.8844722222222225,G
2dFGRS TGS210Z023,13.89875,-28.042083333333334,G
WiggleZ S15J150425825+01464366,226.1076055,1.7787960000000003,G
NGP9 F268-1027675,191.41570833333333,35.298944444444444,G
COSMOS2015 1031954,149.78970833333332,2.8698333333333332,G
COSMOS2015 300843,149.5505,1.7443333333333333,G
SDSS J151948.58+434626.2,229.95242773304915,43.77395393138862,G
WISE J044418.97-241430.5,71.079035009645,-24.241883999369445,G
COSMOS2015 1016468,149.77854166666665,2.848416666666667,G
[RBB2014] J210024.97-454843.1,315.10405,-45.811977,G
2MASX J18203187+5458017,275.1326791516883,54.96728258226056,G
2dFGRS TGS438Z243,6.03875,-31.228888888888886,G
SDSS J153124.46+444057.9,232.85191073376413,44.68277510446055,G
SDSS J152851.44+441226.7,232.21432834079627,44.207432726794174,G
2MASX J04435707-2558027,70.98777331458209,-25.967418873761662,G
WiggleZ R01J005758147-01075187,14.492316999999996,-1.131104,G
COSMOS J095922.70+025300.6,149.8445833333333,2.8835,G
WiggleZ S15J150215465+00230805,225.5644372,0.385568,G
GOODS J123549.41+621047.6,188.95586833333334,62.17997999999999,G
COSMOS2015 1016221,149.84304166666664,2.8489722222222227,G
SDSSCGB 937.3,200.43092709545,17.51031685853,G
LEDA 2074188,160.78875,36.05305555555555,G
LCRS B234520.8-422306,356.99208333333337,-42.107194444444445,G
WISE J044825.25-250642.5,72.10523388644042,-25.111841980656664,G
SDSS J092436.05+031953.5,141.150211,3.3315549999999994,G
COSMOS2015 1020699,149.84229166666663,2.8547777777777776,G
SDSS J031626.42+411827.3,49.110119000000005,41.30758600000001,G
COSMOS2015 1034960,149.79379166666666,2.8735000000000004,G
SDSS J142837.49+371538.9,217.15623177517207,37.26084620299056,G
COSMOS J095906.30+025107.0,149.77624999999998,2.8519444444444444,G
WISE J044152.55-260906.0,70.4690098731375,-26.151679012533048,G
SWIRE J033618.23-274322.2,54.07599634135,-27.722814641159996,G
2dFGRS TGN125Z263,188.59154166666667,-3.936944444444445,G
COSMOS2015 1021135,149.88441666666665,2.8530833333333336,G
GOODS J123802.74+621431.9,189.51141666666666,62.242138888888896,G
LCRS B010254.2-421747,16.297124999999998,-42.02875,G
WISE J195415.27+522926.5,298.563650282252,52.490680995551116,G
VIPERS 127023095,37.884135,-4.585651,G
WiggleZ S15J150201046+06241521,225.5043602,6.4042259999999995,G
SDSS J151410.31+414845.0,228.5429636535896,41.81251972879722,G
SDSS J140516.50+331633.3,211.31878028421664,33.27593715285083,G
COSMOS2015 1057951,149.84875,2.905972222222222,G
LCRS B011256.9-390836,18.806124999999998,-38.879333333333335,G
SDSS J091358.25+272727.8,138.492709,27.457731999999996,G
WiggleZ R01J010033233-00330992,15.138507899999999,-0.5527829999999999,G
COSMOS2015 1058352,149.86187499999997,2.906722222222222,G
SDSS J153749.68+445944.6,234.45700315148414,44.995748524562494,G
2dFGRS TGS445Z121,14.640416666666667,-31.679722222222225,G
SDSS J013531.20+054516.4,23.880005,5.754583000000001,G
2dFGRS TGN098Z341,154.46,-5.884583333333333,G
SDSSCGB 59977.4,148.56270833333332,28.857125,G
COSMOS2015 1044301,149.8503333333333,2.8878055555555555,G
WiggleZ R01J010010799+00244099,15.0450339,0.41135799999999995,G
2dFGRS TGS158Z202,37.65570833333333,-26.32963888888889,G
[RTG2015] 3595,53.154835,-27.798271,G
2MASX J21081552-4131508,317.06461253203,-41.5309057004,G
SDSS J151606.41+031149.6,229.026726,3.197137,G
LEDA 3827084,217.15275592379996,36.26070901166,G
SWIRE J032645.22-275501.3,51.68841666666667,-27.91702777777778,G
WISE J184258.23+432622.4,280.7425520574817,43.439501316245284,G
2MASX J04475038-2352513,71.96000814354917,-23.88088300063861,G
GAMA 758060,174.06427,0.04055999999999999,G
SDSS J021616.09+025255.8,34.06704800000001,2.882187,G
2dFGRS TGS496Z023,3.5320833333333335,-33.76833333333333,G
GMP 6059,193.81291666666664,29.084444444444443,G
SDSS J001752.92+150600.8,4.4705319999999995,15.100224,G
WiggleZ R01J005845305+00500141,14.688809400000004,0.8336969999999999,G
NGP9 F268-0383146,191.63554166666665,37.213,G
WISE J192732.84+492421.9,291.8868759726979,49.40605052381194,G
COSMOS2015 1057964,149.86291666666665,2.9071111111111114,G
SDSS J015152.99+005625.5,27.970800000000004,0.9404399999999999,G
COSMOS2015 1039244,149.8532083333333,2.8811944444444446,G
WiggleZ S15J150234416+03534582,225.6434009,3.8960599999999985,G
COSMOS2015 1039061,149.87462499999998,2.878277777777778,G
WiggleZ R01J005857253-00005779,14.7385929,-0.01608,G
LEDA  124663,4.652749999999999,-38.15922222222222,G
2MASX J18351079+5754491,278.7949885657604,57.913594906115286,G
WiggleZ S15J151935180+06475682,229.89658180000004,6.799118000000001,G
SDSS J150327.12+414048.5,225.86304869858043,41.680159853408604,G
WiggleZ R01J005846410+05055242,14.693410100000001,5.097867000000001,G
2MASX J04293638-2543523,67.40170737914666,-25.731200491374995,G
WiggleZ R01J005928591+00583886,14.8691664,0.9774330000000001,G
CLASHVLT J041658.1-235843,64.241929,-23.978869,G
2dFGRS TGN395Z003,197.65124999999998,1.3561111111111113,G
2MASX J01062164-3254132,16.59014853512,-32.90356416315,G
LCRS B001553.9-414124,4.596875,-41.41252777777778,G
WiggleZ S15J150231428+04553678,225.63095059999998,4.926883,G
WiggleZ S15J150414395+05461968,226.05997889999998,5.772132,G
WISE J182945.89+472650.1,277.44122467120087,47.44725333037666,G
LEDA 1240315,162.2450875,2.8965305555555556,G
SDSS J222427.07+213552.7,336.1128299999999,21.597975999999996,G
SDSS J075525.21+164920.2,118.85504300000001,16.822288,G
COSMOS2015 1056967,149.747375,2.903611111111111,G
2MASX J18130566+4901052,273.27351075475326,49.01810196508583,G
COSMOS J095931.96+025418.6,149.88316666666665,2.9051666666666667,G
COSMOS2015 1021871,149.78233333333333,2.856222222222222,G
COSMOS2015 1058664,149.75591666666665,2.9071111111111114,G
LCRS B235610.3-393727,359.68625,-39.34594444444445,G
COSMOS2015 1023904,149.85962499999997,2.859388888888889,G
COSMOS2015 255401,150.204875,1.6713888888888888,G
LEDA  951221,199.91583333333332,-12.54861111111111,G
SDSS J082213.43+213149.0,125.55598199999999,21.530304,G
COSMOS2015 1029832,149.8399583333333,2.8648333333333333,G
WISE J183101.66+471518.3,277.75697061853043,47.25503817674418,G
WiggleZ S15J151813527+06521423,229.5563606,6.870618999999999,G
SDSS J095649.12+163101.7,149.2047,16.517152,G
WISE J180212.84+535846.3,270.55353484736827,53.97949218013334,G
WISE J044545.64-243127.4,71.44020744781417,-24.52428762621416,G
SDSS J140200.01+350555.1,210.50005923286372,35.09866013213528,G
COSMOS2015 1018864,149.8220833333333,2.851416666666667,G
[RTG2015] 4788,53.190249,-27.788034,G
SDSSCGB 10744.5,130.3564911657,36.23140614944,G
WiggleZ R01J010042320-00330876,15.1763709,-0.5524609999999999,G
COSMOS2015 1038878,149.85999999999999,2.879527777777778,G
LCRS B231204.3-392833,348.704875,-39.20308333333334,G
LCRS B232535.7-382114,352.0711666666666,-38.0785,G
WISE J182940.90+534507.6,277.42040037778924,53.7521420492925,G
GAMA 3454131,139.78829,3.11825,G
WiggleZ S15J151740325+06393679,229.41802219999997,6.660219,G
COSMOS2015 1040750,149.80354166666666,2.882833333333333,G
WiggleZ R01J010005947-00381058,15.024815399999998,-0.636299,G
COSMOS2015 1056773,149.784,2.9047777777777775,G
WiggleZ S15J150315942+06215199,225.8164245,6.364442,G
LEDA  801984,198.97125,-23.335833333333333,G
COSMOS2015 1022434,149.87112499999998,2.8563055555555557,G
COSMOS2015 1019795,149.84495833333332,2.8524166666666666,G
ShaSS 423052105,199.17352029999998,-31.5078872,G
COSMOS2015 1020328,149.81020833333335,2.8545,G
2dFGRS TGS333Z048,333.07827533594286,-30.157939921458052,G
LCRS B011018.4-390609,18.148291666666665,-38.83766666666667,G
WiggleZ S15J150130036+03592125,225.37514859999996,3.9892369999999997,G
2MASX J19433045-0310471,295.87694748227,-3.1797146617299994,G
SDSS J001948.20+154315.1,4.950871,15.720879000000002,G
WiggleZ R01J005837598-03164406,14.656696000000002,-3.2789330000000003,G
COSMOS2015 1045382,149.88958333333335,2.888361111111111,G
SDSS J210751.99+092513.9,316.966647,9.420555,G
[RTG2015] 3724,53.173544,-27.79777,G
GAMA 3187595,141.30533,1.09822,G
SDSS J154842.01+462109.3,237.17506615590167,46.35257955046611,G
SDSSCGB 1362.1,165.63443337226,11.489271217089998,G
WISE J044306.18-263646.9,70.7758771574575,-26.613059845268612,G
WiggleZ S15J151937725+06400653,229.9071867,6.668479,G
NGVS J123111.37+152820.3,187.79739559999996,15.472308,G
LEDA 2687011,201.94127924312954,66.41894319631083,G
SDSS J101645.74+090500.6,154.190589,9.083523,G
GAMA J092520.18+004333.4,141.33408,0.7259399999999999,G
2dFGRS TGS153Z117,27.970833333333335,-25.82,G
WiggleZ R01J005835021-00134115,14.645957399999999,-0.22812399999999994,G
2MFGC 13431,251.71984999999992,38.64603888888889,G
SDSS J132048.63+112057.4,200.202638,11.34929,G
2MASX J18420939+4648080,280.5391019862596,46.802156923039725,G
SDSS J091534.19+063708.3,138.892473,6.6189919999999995,G
SDSS J152004.58+045335.0,230.019123,4.893059,G
WISE J184616.23+472951.0,281.5675973036041,47.49750164466194,G
WiggleZ S15J150146733+05454372,225.4447197,5.762144,G
WiggleZ S15J150433206+01194930,226.13835719999997,1.330361,G
WiggleZ R01J005854366+05014775,14.726560099999999,5.029901999999999,G
COSMOS J095958.81+024622.0,149.99504166666668,2.7727777777777782,G
LEDA 1627878,161.37871139995,20.455178358109997,G
[RTG2015] 3753,53.15683,-27.797689,G
GAMA 3086892,173.92098,1.15562,G
LEDA 2348435,264.3216666666667,49.620555555555555,G
WiggleZ R01J005846572-02425760,14.694087999999999,-2.716027,G
2dFGRS TGS456Z068,28.01125,-32.88722222222222,G
WiggleZ S15J151600519+04220887,229.00216189999998,4.369129000000001,G
COSMOS2015 1056896,149.73425000000003,2.9051666666666667,G
GAMA 4090761,173.79145,-0.20755,G
COSMOS2015 1052299,149.79229166666664,2.89775,G
LCRS B214655.1-385702,327.4922916666667,-38.716833333333334,G
COSMOS2015 1027641,149.88449999999997,2.8644722222222225,G
SDSS J145017.18+032527.5,222.57160899999997,3.4243309999999996,G
WiggleZ R01J005933450+00155007,14.8894104,0.26388100000000003,G
2MASX J01001665-2316130,15.069453022913335,-23.27011592567056,G
SDSS J152828.36+453240.8,232.11816612931295,45.54465442504277,G
WiggleZ R01J010035409-00263506,15.147573900000001,-0.443101,G
SDSS J140416.18+342433.3,211.0674386223371,34.409229683069725,G
SDSS J101035.00+083953.5,152.64586,8.664862,G
2dFGRS TGN034Z163,148.64620833333336,-6.516194444444444,G
[RTG2015] 1691,53.181185,-27.808807,G
LEDA 1651151,201.1056191902917,21.492693303351114,G
LEDA 2393375,121.88106571897961,51.394439016472774,G
WiggleZ S15J152016212+05594918,230.0675505,5.996994,G
2dFGRS TGS071Z267,347.34951476406,-24.357787868450004,G
LCRS B233005.1-392239,353.19054166666666,-39.10122222222222,G
WiggleZ R01J005954938+01330952,14.978947,1.5526170000000006,G
COSMOS2015 1056895,149.73695833333332,2.905194444444444,G
WiggleZ R01J005809282-00115428,14.538711900000001,-0.19844000000000006,G
SDSS J093713.72+045430.1,144.307173,4.908363,G
COSMOS2015 1035363,149.81204166666666,2.8735833333333334,G
WISE J000136.20-155138.1,0.40089966583375,-15.860623661673612,G
COSMOS J095912.87+025114.2,149.80362499999998,2.8539444444444446,G
LEDA  756403,197.73083333333332,-27.343333333333334,G
VIPERS 119026130,30.270235,-4.572084,G
LEDA  894406,11.028333333333332,-16.728055555555553,G
SDSS J102959.90+074129.0,157.4996,7.691394999999998,G
SDSS J152915.55+120412.2,232.31481899999997,12.070079000000002,G
SDSS J010323.20-010628.5,15.846675999999999,-1.1079190000000003,G
WISE J044436.25-245819.7,71.15109614921583,-24.972174949834166,G
COSMOS2015 1033030,149.75649999999996,2.8717777777777775,G
SDSS J093614.24+201645.6,144.05936,20.279349999999997,G
WISE J190308.47+563822.9,285.7853113451267,56.639702058961674,G
LEDA 2357037,191.26344526724998,49.90708798757,G
WiggleZ S15J150423755-00384915,226.09897719999998,-0.646985,G
WISE J061458.11-722502.1,93.7421890415775,-72.41720742309224,G
WiggleZ R01J010026097-02181490,15.108774999999998,-2.304166,G
COSMOS2015 300781,149.48874999999998,1.7445833333333334,G
WISE J010047.17-240054.7,15.196637293391252,-24.015243079414166,G
LEDA 1243894,238.18648233538,3.04563502211,G
WiggleZ S15J150211140+05202674,225.546416,5.340762,G
WISE J193352.76+461108.2,293.46980871681956,46.18556657443166,G
WISE J184232.51+511500.4,280.635404359595,51.25019653337528,G
SDSS J150729.02+420901.5,226.87095245969542,42.150421976165,G
2MASX J20342892-8340111,308.62005484013997,-83.6696365739,G
WiggleZ R01J005935498-02260847,14.897945500000002,-2.4357150000000005,G
WiggleZ R01J005914572-02403833,14.810751999999997,-2.677341,G
2dFGRS TGS222Z254,27.6,-26.929166666666667,G
2MASX J04450290-2455034,71.26195508533876,-24.91760808655,G
SDSS J151530.98+405953.4,228.87908679841038,40.99820235120972,G
WISE J043223.65-254735.0,68.09861191271668,-25.793088893761944,G
2MASX J01134871-3401350,18.45298750131,-34.02626080596,G
WiggleZ R01J005823921+00102765,14.599709400000004,0.174318,G
COSMOS2015 1016732,149.8430833333333,2.849666666666667,G
2dFGRS TGS456Z246,27.611250000000002,-31.80888888888889,G
COSMOS2015 249524,149.57575,1.662,G
WiggleZ R01J010040884-00390165,15.1703874,-0.650486,G
LEDA 1987608,0.50375,32.24333333333333,G
WiggleZ S15J150153798+07013273,225.47415659999996,7.025758000000001,G
WiggleZ S15J150210135+02125737,225.5422306,2.215937,G
WiggleZ S15J150245097+05095650,225.68790409999997,5.165694,G
WiggleZ R01J005956140-02350311,14.983954000000004,-2.584226,G
SDSS J031639.37+414732.4,49.164044,41.79234400000001,G
COSMOS2015 1049199,149.8371666666667,2.89425,G
WISE J191238.98+480235.3,288.1623391633171,48.04322721496082,G
WiggleZ S15J150232501+06001434,225.63541909999998,6.003982000000001,G
WiggleZ R01J005955593+00052780,14.981673899999997,0.09102699999999998,G
WiggleZ R01J010016586-01034548,15.069145,-1.0626619999999998,G
SDSS J152005.89+422059.3,230.02455622620832,42.34981969383695,G
COSMOS2015 1043675,149.85999999999999,2.886722222222222,G
COSMOS2015 1037588,149.76308333333333,2.879055555555556,G
WISE J005006.65-235133.5,12.527777488477083,-23.8593212000775,G
SWIRE J032949.83-284910.4,52.45766666666667,-28.819555555555553,G
WISE J010400.71-501431.3,16.0030426752,-50.242053385917785,G
[TCW2010b] SL2S J143000  3,217.44674999999998,55.7689388888889,G
LCRS B012357.8-390419,21.55,-38.81247222222222,G
NGP9 F268-1423133,193.912125,33.97477777777778,G
SDSS J092036.51+074029.2,140.152134,7.674779999999999,G
SDSS J021407.83-100355.1,33.53263200000001,-10.065321999999998,G
WiggleZ R01J005851428-01310918,14.714321499999999,-1.5192449999999997,G
LEDA 2807193,130.10583333333335,18.566944444444445,G
2dFGRS TGS498Z158,5.890833333333333,-32.683611111111105,G
SDSS J150418.43-015018.1,226.07684087992,-1.8383993566799999,G
LCRS B000753.1-443815,2.6022297617191668,-44.3593771385175,G
WiggleZ R01J005944766-02172726,14.936563000000003,-2.290933,G
WiggleZ S15J150314876+03581414,225.8119822,3.970596,G
2dFGRS TGS360Z002,3.474166666666667,-29.950277777777778,G
SDSS J141838.94+022254.6,214.662291,2.381841,G
SDSS J095058.23+424618.4,147.74264874944,42.77177483683,G
WiggleZ R01J005859590+00102969,14.7483279,0.17488500000000004,G
COSMOS2015 1019974,149.77862499999998,2.8541111111111115,G
SDSS J142709.71+365702.3,216.79048525918245,36.95065072754417,G
2MFGC 10197,193.65235833333335,-20.526538888888886,G
WiggleZ R01J005922820+02071595,14.845118499999996,2.1210700000000005,G
LEDA 1036669,327.1654166666667,-6.107222222222222,G
WISE J011424.48-502601.4,18.601995191344162,-50.43374431013083,G
WiggleZ R01J005814747-03172811,14.561483499999996,-3.2911709999999994,G
SDSS J094342.84+053922.6,145.928505,5.656281,G
WiggleZ S15J150321773+02045411,225.84072079999999,2.081698,G
NGP9 F322-0387348,191.81808333333333,30.80741666666667,G
COSMOS2015 1016738,149.77445833333329,2.8478333333333334,G
WiggleZ S15J150403590+04144010,226.01495959999997,4.244474,G
SDSS J091246.74+060307.2,138.194781,6.052003999999999,G
GAMA J092456.78+003730.2,141.2366,0.6250700000000001,G
WiggleZ S15J150245676+05544675,225.6903167,5.912984999999999,G
COSMOS2015 1031959,149.78224999999998,2.8651944444444446,G
2dFGRS TGS153Z319,27.904583333333335,-26.266944444444444,G
LEDA 1822552,339.8041666666667,27.961388888888887,G
WiggleZ R01J005857582-01165574,14.739964000000002,-1.282179,G
VIPERS 119037793,30.485085,-4.514895,G
LEDA 4359426,198.07561889997996,36.372964466679996,G
COSMOS2015 1052770,149.73895833333336,2.899388888888889,G
WiggleZ S15J150404849+06391664,226.02020559999997,6.654623,G
SDSS J085315.77+035624.4,133.315743,3.9401190000000006,G
SDSS J001923.39+011154.6,4.847472000000001,1.1985100000000002,G
WISE J072751.78-665402.2,111.96575788534459,-66.90065098942277,G
SDSS J212751.94+120919.4,321.966449,12.155401,G
2dFGRS TGN123Z226,184.77875,-4.516666666666667,G
[CDD2000] HDFS J223302.97-603423.6,338.26235833333334,-60.57322222222222,G
2dFGRS TGS860Z269,45.66208333333333,-51.08722222222222,G
[RTG2015] 4807,53.199273,-27.788064,G
SDSS J095350.00+195820.3,148.458368,19.972321000000004,G
WISE J184134.33+590908.9,280.39300776135167,59.15246426585334,G
LEDA  546268,42.47583333333333,-43.651111111111106,G
LEDA  674491,83.14050881224,-33.57640287033,G
COSMOS2015 1046747,149.817375,2.8915555555555557,G
SDSSCGB 12993.3,204.06539328222996,26.248869321589996,G
LCRS B001625.8-420053,4.729470310797083,-41.736985189297215,G
NGP9 F322-0651507,192.10083333333333,30.038194444444446,G
WiggleZ R01J010017216-00200641,15.071771400000001,-0.335142,G
WiggleZ R01J005856992+04145487,14.737505500000003,4.248546,G
WiggleZ S15J150437862+06052753,226.1577568,6.09098,G
WISE J180942.66+391451.3,272.42781496846703,39.24766441288779,G
LCRS B002351.2-393230,6.579749598850417,-39.26502436950028,G
2dFGRS TGS280Z003,3.495416666666667,-28.794722222222223,G
WiggleZ R01J005823666-02503453,14.598646,-2.8429539999999993,G
LCRS B010430.4-424023,16.69525,-42.40613888888889,G
SDSSCGB 46830.2,212.74818182108,65.53407058498,G
SDSS J082110.94+083936.0,125.295594,8.66001,G
[RTG2015] 3573,53.192487,-27.798376,G
LEDA 2246959,182.96583333333334,44.559999999999995,G
WiggleZ R01J010018980+04423958,15.079120100000004,4.710966999999999,G
[RTG2015] 1668,53.142537,-27.809055,G
COSMOS2015 1037406,149.8398333333333,2.8756944444444446,G
WISE J044827.61-245540.2,72.11504967028208,-24.92781183775889,G
DEEP2-GRS 41029182,36.92978,0.56273,G
SDSS J095525.53+190727.6,148.856405,19.124345,G
LEDA  828402,14.634166666666667,-21.43027777777778,G
SDSSCGB 74320.3,203.91012916666662,41.92615277777778,G
WiggleZ R01J005801561+04304524,14.506543100000004,4.512539,G
WiggleZ S15J150132358+06554745,225.38482309999998,6.929847,G
2dFGRS TGS570Z175,28.561249999999998,-35.36527777777778,G
SDSS J132127.97+074341.9,200.366576,7.728319999999997,G
SDSS J160738.32+470036.1,241.9096720583841,47.010023639393886,G
SDSSCGB 43888.1,247.5736166666667,7.782672222222222,G
WISE J192521.02+534428.1,291.33755915683366,53.741144791789445,G
COSMOS2015 775598,149.87957916666664,2.475777777777778,G
[RTG2015] 3513,53.132049,-27.798494,G
SDSS J014722.14+245430.6,26.842274,24.908527,G
SDSS J001104.81-004446.2,2.7700519999999997,-0.746187,G
COSMOS 549525,150.1305,1.6688888888888886,G
2MASX J04435707-2601467,70.98789444887917,-26.02972834307583,G
WISE J042235.66-264423.7,65.6486343663525,-26.73993626375917,G
LEDA  293694,36.080416666666665,-67.60472222222222,G
2dFGRS TGS498Z162,5.8825,-33.01083333333333,G
2MASX J00460275-2101423,11.511438698103749,-21.028529868494164,G
WiggleZ S15J150131127+01355145,225.379694,1.5976240000000002,G
LEDA 1028107,199.2422916666667,-6.833666666666667,G
WiggleZ R01J005820001+05101353,14.583373099999998,5.170397,G
SDSS J151131.40+404728.5,227.880855194405,40.791247920832774,G
COSMOS2015 1039411,149.88604166666664,2.8811666666666667,G
[RTG2015] 3754,53.168941,-27.797499,G
LEDA  158050,191.39083333333335,-5.032777777777778,G
WISE J044034.67-244628.7,70.1444950659975,-24.774662830744443,G
LEDA  829946,36.2025,-21.30888888888889,G
WISE J044358.92-255902.2,70.99556907117625,-25.983961765786386,G
LCRS B001047.8-392024,3.32825,-39.062083333333334,G
SDSS J095349.24+182547.0,148.455192,18.429732,G
COSMOS2015 1025353,149.81029166666667,2.8617500000000002,G
SDSS J155310.25+450552.6,238.2927475817612,45.09793050727445,G
WiggleZ R01J005834073+03481825,14.642008000000002,3.8050420000000003,G
SDSS J031624.97+412418.2,49.104079,41.40506,G
WiggleZ R01J005844133+00534701,14.683925399999996,0.896365,G
LEDA 2089674,179.41018148174,36.93603971382,G
WiggleZ S15J150252042+03464903,225.7168411,3.7802860000000003,G
WISE J182923.83+433154.2,277.349361091805,43.53169771342139,G
NGP9 F322-1333795,192.26399999999998,28.17991666666667,G
[RTG2015] 3785,53.175682,-27.79743,G
[RGD2013] J103139.358+345933.248,157.91401292182,34.99256667138,G
COSMOS2015 253684,150.19808333333333,1.6688333333333332,G
WiggleZ S15J150341567+02351912,225.9231956,2.588645,G
COSMOS2015 1047950,149.78662500000002,2.8925833333333335,G
COSMOS2015 1020332,149.78916666666666,2.854611111111111,G
CFRS 00.1419,0.7183333333333334,-0.6258333333333334,G
SDSS J095428.25+052349.0,148.61772,5.396969999999999,G
WiggleZ R01J005911815+01445043,14.799267999999998,1.7473130000000001,G
LEDA   73006,359.2683333333333,5.795,G
LEDA 2755248,228.70208333333332,73.37166666666666,G
COSMOS 692894,149.48558333333332,1.748,G
LCRS B014351.6-411614,26.4985,-41.021,G
SDSSCGB 62506.1,189.96002691983998,4.61623570154,G
GAMA 3222696,141.0964,1.40961,G
LEDA 3795571,191.4406875,33.993,G
SDSS J031638.43+405605.2,49.160132,40.93478400000001,G
[FBC2017] J065941.5-560104.2,104.92291666666667,-56.01783333333333,G
2MFGC 14426,277.4482416666667,79.4658888888889,G
WiggleZ R01J005822592+00251784,14.594168400000001,0.421594,G
2MASX J00452388-3006465,11.349717847729998,-30.11302272495,G
LEDA  122520,333.13389899597996,-45.47630427484,G
SDSS J022201.25+010747.1,35.505248,1.1297769999999998,G
SDSS J093404.72+025153.2,143.519677,2.864794,G
2dFGRS TGS892Z144,81.36416666666668,-27.627444444444446,G
SWIRE J033050.10-281125.5,52.70875,-28.19044444444444,G
WiggleZ R01J005953198-02574591,14.971696,-2.96278,G
WISE J043117.82-254059.4,67.82430326688083,-25.683164775883334,G
COSMOS2015 1046095,149.88449999999997,2.890111111111111,G
2dFGRS TGS456Z209,27.952083333333338,-31.60777777777778,G
[RTG2015] 3541,53.163775,-27.798503,G
SDSS J091736.80+065323.1,139.403349,6.889769000000001,G
LEDA  121215,318.50014224249503,-39.00844751458361,G
2MASX J18030275+5534351,270.76152496937834,55.57635933290834,G
WISE J010503.01-501836.9,16.262623350251246,-50.31027579259389,G
COSMOS2015 1044712,149.87275,2.8875,G
2MASX J18324646+5523224,278.1933980150154,55.38952742229972,G
WiggleZ S15J150157677+07023776,225.4903211,7.043823,G
WISE J193257.14+510747.9,293.2380646523642,51.13000724018,G
WiggleZ S15J151939789+06413286,229.9157876,6.692461000000001,G
COSMOS2015 1043125,149.84054166666667,2.886222222222222,G
LCRS B004843.3-443308,12.76225,-44.28033333333333,G
NGP9 F322-1579519,192.39933333333335,27.493972222222222,G
SDSS J024936.19-075427.7,42.40081000000001,-7.907699000000001,G
LEDA 1521328,197.70016116637,16.96652388355,G
WiggleZ R01J005855624+01045721,14.731802500000002,1.0825290000000003,G
SDSS J133632.93+432118.6,204.137241,43.355189,G
COSMOS2015 1036404,149.80966666666666,2.87625,G
LEDA 4683722,166.08058579038,-46.2683182083,G
SDSS J001806.46+083029.4,4.5269580000000005,8.508170999999999,G
2dFGRS TGS849Z472,43.20529055390291,-40.35480698382611,G
LEDA 1572528,169.36,18.855,G
[RTG2015] 1670,53.175672,-27.809068,G
WiggleZ R01J005803436-00531896,14.514351900000001,-0.8886270000000001,G
2MASX J19260057+4827409,291.5024729750125,48.461483505615554,G
LEDA  755997,27.99469347618459,-27.368031143320835,G
WISE J044805.89-243106.3,72.02460715608208,-24.51840300727833,G
[RTG2015] 3741,53.176012,-27.797648,G
SDSS J153229.70+452309.5,233.12378381089252,45.385961547793876,G
2MFGC 14462,278.3958124999999,-74.64235000000001,G
LCRS B231227.9-422714,348.8080416666667,-42.18113888888889,G
LEDA 1647962,238.2375,21.33833333333333,G
WISE J192345.57+474330.2,290.93985087793124,47.72505329001444,G
WiggleZ R01J005848517-01492515,14.702189500000001,-1.8236810000000006,G
LEDA  493259,359.2708333333333,-47.95527777777778,G
COSMOS2015 1044747,149.84983333333332,2.887861111111111,G
SDSS J031547.66+414929.0,48.948603,41.82472700000001,G
SDSS J091759.51+072300.8,139.497975,7.383556999999997,G
LEDA 2191152,242.54875000000004,42.02972222222222,G
WiggleZ S15J150442678+06061751,226.17782429999997,6.104865000000001,G
LEDA 1280471,227.33221636939996,5.2505829312,G
WISE J191947.80+444232.6,289.94921026544955,44.70905809923417,G
[RGD2013] J115740.535+333211.795,179.41889583333332,33.53660972222222,G
WiggleZ S15J150340401-00280536,225.9183354,-0.468156,G
2dFGRS TGS452Z103,22.465625000000003,-32.620333333333335,G
COSMOS2015 1016619,149.78629166666667,2.849388888888889,G
SDSS J154601.00+283234.4,236.50419300000001,28.542893,G
[RTG2015] 1725,53.136979,-27.808735,G
GAMA 3223064,141.46971,1.41739,G
2MASX J19192956+4354233,289.8733241721579,43.90650649291305,G
[RTG2015] 1825,53.149454,-27.808128,G
SDSS J102941.15+304206.1,157.421486,30.701720999999996,G
COSMOS2015 1024410,149.75204166666666,2.8559722222222224,G
SDSS J152326.52+441922.7,230.86051200291,44.32297100288111,G
WiggleZ S15J150439173+04524733,226.1632206,4.879814,G
SDSS J015529.97+010630.5,28.874879000000004,1.108478,G
COSMOS2015 1034859,149.73783333333333,2.8746388888888887,G
WISE J183022.30+460756.0,277.59297774306873,46.13220085238917,G
GAMA 3989195,173.9919,0.5669600000000001,G
COSMOS2015 1039165,149.89195833333332,2.8809722222222223,G
SDSS J093803.31+174442.8,144.513832,17.745248,G
2MASX J18470199+5447006,281.7585791026071,54.78356351633666,G
SDSSCGB 61436.5,155.80831666666666,-2.4744416666666664,G
WiggleZ R01J005756743+00090483,14.486466900000003,0.151315,G
SDSS J150154.29-003246.8,225.476208,-0.546346,G
COSMOS2015 1055458,149.84204166666666,2.903138888888889,G
WiggleZ R01J005942179-00200960,14.925783899999999,-0.3360279999999999,G
WiggleZ R01J005803877+00210779,14.516190900000002,0.35213600000000006,G
LEDA  805698,197.54749999999999,-23.038333333333334,G
WiggleZ S15J151636207+06070451,229.1508608,6.117918,G
LEDA 2193553,202.01213285563,42.16458437493,G
[RTG2015] 3554,53.165401,-27.798346,G
WiggleZ R01J005939445+05064680,14.9143931,5.112972,G
LCRS B123624.4-115844,189.75233333333333,-12.253638888888888,G
SDSSCGB 61383.1,112.99108749999999,17.171075000000002,G
WISE J044522.06-252035.9,71.34191222475208,-25.343317903240553,G
SDSSCGB 72313.3,214.043232,51.278736,G
SDSS J151829.21+031957.9,229.621723,3.332767,G
WISE J043716.60-253618.0,69.31916482684125,-25.605036168041387,G
WISE J011403.19-503148.4,18.513320456533744,-50.53008292160056,G
COSMOS2015 1060190,149.75925,2.9058333333333333,G
SDSS J152234.17+443711.4,230.64237187594668,44.61984840345972,G
LEDA  723380,198.98,-29.938055555555557,G
[RGD2013] J164118.873+463535.056,250.32860271141996,46.59307158259,G
SDSS J085046.65+302732.9,132.694384,30.459145000000003,G
WiggleZ R01J005830928+01084606,14.6289055,1.146101,G
SDSS J094742.69+142950.8,146.927877,14.497446000000004,G
WiggleZ R01J005914541-03045167,14.810624500000003,-3.0810470000000003,G
GOODS J123633.25+621050.4,189.13852166666666,62.180658611111106,G
NGP9 F268-1049997,193.9463333333333,35.33719444444445,G
WISE J184317.47+581051.8,280.8229084524704,58.18107771971084,G
SDSS J020934.15+072232.7,32.39232100000001,7.375756,G
SDSS J092413.01-004055.7,141.05424,-0.682165,G
2dFGRS TGS222Z210,27.920416666666668,-26.711666666666666,G
WISE J191901.90+443203.4,289.7578793312509,44.534318565210555,G
WISE J185846.12+611227.8,284.69226384685334,61.20773797966722,G
WiggleZ S15J150314084+01495808,225.80868219999996,1.8327989999999996,G
[RTG2015] 3587,53.15257,-27.798222,G
COSMOS2015 261882,149.89879166666668,1.6824444444444442,G
SDSS J211427.32+075455.8,318.613836,7.915516000000002,G
2dFGRS TGS222Z097,27.639583333333338,-27.77777777777778,G
NGP9 F268-1891823,191.06495833333332,32.92283333333333,G
SDSS J092903.30+013943.1,142.26378,1.6619950000000001,G
SDSSCGB 61714.4,165.501952,24.24014100000001,G
LEDA 1810180,16.002083333333335,27.50722222222222,G
WISE J184042.36+552834.7,280.1764356561308,55.47636707847195,G
LCRS B003121.5-415912,8.444958333333334,-41.711111111111116,G
WISE J191610.29+545800.6,289.0428830040037,54.96682556812166,G
SDSS J095214.67+060325.6,148.061135,6.057123,G
COSMOS2015 1022377,149.843125,2.8555833333333336,G
COSMOS2015 1056112,149.73337500000002,2.9038055555555555,G
WiggleZ R01J005903044+03403778,14.762719000000002,3.6771319999999994,G
SWIRE J033218.03-281247.5,53.07516666666666,-28.213194444444444,G
2MASX J23273665-2505022,351.9025837940499,-25.083967789250003,G
WiggleZ R01J005803129+00153126,14.513073900000002,0.258655,G
[ECD2009] 53.68396-27.47956,53.68395833333333,-27.479555555555553,G
LCRS B231105.2-393322,348.45975,-39.28375,G
WiggleZ S15J151840927+05450610,229.6705308,5.751696,G
WiggleZ R01J005932057+01443171,14.883608500000003,1.742113,G
WISE J011756.56-490251.2,19.48570252229625,-49.04757812344222,G
WISE J185127.80+605724.7,282.86580105765796,60.956861118560845,G
WiggleZ S15J150158288+05572520,225.49286549999997,5.957001,G
WiggleZ R01J005811354-01525319,14.547346000000001,-1.8814700000000002,G
LEDA 4017782,175.420762,10.498999,G
LEDA  591212,33.95390931785542,-40.022615321796394,G
2dFGRS TGS385Z104,30.758666666666667,-31.337194444444446,G
LEDA 1962473,37.224350000000015,31.749246944444454,G
COSMOS2015 1036720,149.81791666666666,2.8776944444444443,G
LEDA 1698015,113.68298171249,24.01381767715,G
2dFGRS TGN123Z332,184.78125,-4.8275,G
COSMOS2015 1022190,149.783375,2.856638888888889,G
SDSS J151847.17+054038.3,229.696543,5.677308,G
2dFGRS TGS455Z162,27.78875,-32.18,G
SDSS J155936.34+455704.1,239.90140763469827,45.95114609583,G
WiggleZ R01J005823646-00303554,14.598563400000002,-0.509899,G
2dFGRS TGS456Z224,27.852916666666665,-31.93277777777778,G
LEDA 2141888,33.34041666666667,39.025555555555556,G
COSMOS2015 1038300,149.78787499999999,2.8791111111111114,G
WiggleZ R01J010038133+00001950,15.1589259,0.00539,G
SDSS J081823.16+075236.3,124.596533,7.876767000000001,G
SDSS J152005.91+445516.2,230.02464417226457,44.92116971099694,G
WISE J180051.96+591723.3,270.2165625032113,59.289755133817216,G
2MASX J18143539+4519467,273.64764305957,45.329619376670564,G
GNS 3386,189.30078916666668,62.34739694444444,G
LEDA  469303,326.8370833333334,-50.16138888888889,G
SWIRE J033428.74-271246.8,53.619749999999996,-27.213,G
WISE J044259.60-264243.7,70.74842919912042,-26.712141621960555,G
WiggleZ S15J150244696+02390013,225.68623149999996,2.6500349999999995,G
WiggleZ S15J150342007+06013160,225.92502779999998,6.025443,G
WiggleZ S15J150434558+06055887,226.14399049999997,6.099687,G
WiggleZ S15J150346865-00193867,225.94527229999997,-0.327409,G
COSMOS2015 1029545,149.819,2.866888888888889,G
SDSS J031551.31-001931.4,48.96380700000001,-0.3254,G
COSMOS2015 1022368,149.7289166666667,2.856833333333334,G
2MASX J18381631+6134147,279.56801728669575,61.57078619521778,G
SDSS J151452.79+421832.0,228.71997565654374,42.308911551348885,G
WiggleZ R01J005928529-00422471,14.868906899999997,-0.7068919999999999,G
WiggleZ S15J151819876+06412315,229.5828156,6.689764,G
WiggleZ S15J150428136+04310933,226.117233,4.5192570000000005,G
COSMOS2015 1025049,149.82391666666663,2.860888888888889,G
WiggleZ R01J005919945-03050085,14.8331395,-3.083598,G
6dFGS gJ222350.8-361303,335.9619125,-36.21762777777778,G
SDSS J140750.68+025328.7,211.96120099999996,2.891306,G
COSMOS2015 296971,149.90979166666668,1.7384444444444445,G
WISE J181511.54+592423.9,273.7981248694667,59.406653368666376,G
WiggleZ R01J005917884+00213732,14.824554900000003,0.36034,G
WiggleZ R01J005751684+05122728,14.4653891,5.207549,G
COSMOS2015 1046724,149.78229166666665,2.886722222222222,G
SDSSCGB 45098.2,184.54085833333335,23.452747222222225,G
SDSS J102113.27+095214.7,155.305332,9.870770999999998,G
[RTG2015] 3558,53.161128,-27.79842,G
SDSS J141141.42+030609.5,212.92261,3.102656,G
WiggleZ R01J005858148-02125051,14.742322000000001,-2.2140580000000005,G
2dFGRS TGS392Z013,40.509,-30.888694444444443,G
COSMOS2015 1019495,149.78379166666667,2.8513611111111112,G
WiggleZ R01J010037090-00353541,15.154578899999999,-0.593198,G
SDSS J100225.43+063414.0,150.605983,6.57056,G
WISE J044325.67-243703.6,70.85700073701416,-24.61763378588,G
GAMA 827778,140.53848,1.02531,G
WISE J181224.64+482830.7,273.10267638590796,48.47519629405723,G
WiggleZ R01J005853093+00251698,14.721255900000001,0.421356,G
WiggleZ R01J005752998-00014336,14.4708609,-0.028740000000000005,G
COSMOS2015 1018056,149.85441666666668,2.850611111111111,G
WiggleZ R01J005826182-02593248,14.609129499999996,-2.9923839999999995,G
LEDA 2142469,208.5875,39.05472222222222,G
WiggleZ R01J005859452+04220125,14.747752100000003,4.366986,G
WISE J191825.44+561834.3,289.60604222717416,56.30954598992945,G
WINGS J132300.90-313946.0,200.75374999999997,-31.66275,G
LEDA 2360078,181.36201357738997,50.00748977615,G
COSMOS2015 1016437,149.7422916666667,2.8486111111111114,G
LCRS B021713.8-381726,34.824124999999995,-38.061416666666666,G
COSMOS2015 1033205,149.876125,2.872638888888889,G
WiggleZ R01J005801850+01391270,14.507746000000001,1.6535009999999997,G
SDSS J095242.25+013317.8,148.176048,1.554964,G
WISE J185223.71+571234.2,283.0988946484325,57.2094439742325,G
SDSS J022031.64+004354.9,35.131875,0.7319290000000002,G
WiggleZ S15J150443055-00001540,226.17939419999996,-0.004277,G
COSMOS2015 1038767,149.80041666666665,2.8802222222222222,G
2MASX J23322509-2527595,353.1046335825,-25.46644892992,G
WiggleZ S15J150228623+04515536,225.6192619,4.865378,G
LCRS B124107.8-032839,190.92645833333336,-3.7511666666666668,G
2MASX J18160527+6129574,274.02174193704667,61.49917822322777,G
GNS 1538,189.30892708333334,62.17910027777777,G
COSMOS2015 1038910,149.76379166666663,2.879833333333333,G
SDSS J085808.00+180851.0,134.533355,18.147503,G
COSMOS J095921.73+025239.9,149.84054166666667,2.87775,G
GAMA 854637,140.90579,1.19245,G
WISE J180114.00+413347.9,270.3083297803829,41.56331235832777,G
2dFGRS TGS826Z504,6.158333333333333,-63.38722222222222,G
SDSS J021858.96+033525.7,34.745699,3.5904910000000005,G
WiggleZ R01J005920174+04595245,14.834093599999994,4.997874,G
WiggleZ R01J005841386-01085524,14.672478999999997,-1.1487049999999999,G
2MASX J19224899+4511266,290.7040381310533,45.19067645730611,G
WiggleZ R01J005933378-01160159,14.889113499999999,-1.267137,G
WISE J044733.01-253141.6,71.88757153924416,-25.528298440771106,G
WISE J184530.03+570349.1,281.3751374088579,57.06365909022722,G
WiggleZ S15J150155622+05384174,225.48176019999997,5.644927999999999,G
WiggleZ R01J005814740-02150509,14.561455,-2.251443,G
2dFGRS TGS858Z028,5.852083333333333,-12.645277777777777,G
[RTG2015] 1678,53.146482,-27.808979,G
SDSS J160158.29+460335.7,240.49291102843162,46.059941858124446,G
SDSS J152544.95+460302.5,231.4373375487483,46.05067842991028,G
WISE J180857.84+410848.9,272.24099001504163,41.1469259767925,G
WiggleZ S15J152009377+06360016,230.03907189999998,6.6000440000000005,G
COSMOS2015 1038613,149.874125,2.8802222222222222,G
COSMOS2015 1051301,149.77262499999998,2.896722222222222,G
WISE J010325.03-245856.7,15.854357276901666,-24.982410009392776,G
WISE J044838.05-250130.1,72.15859558177708,-25.025076974965554,G
WISE J065845.30-720223.5,104.68877768055584,-72.03985869807501,G
SDSS J102549.00+071608.6,156.4542,7.269076,G
COSMOS2015 1025334,149.81291666666664,2.8611666666666666,G
LCRS B004254.7-443522,11.316708333333334,-44.31627777777777,G
WiggleZ R01J005903870-02404776,14.766160000000001,-2.67996,G
SDSS J031558.88+420711.6,48.995357,42.11989400000001,G
COSMOS2015 1044219,149.84183333333328,2.8867777777777777,G
COSMOS2015 1055071,149.86099999999996,2.9028888888888886,G
MCG-04-06-027,34.89999999999999,-22.85,G
WiggleZ S15J150214980+02381728,225.562416,2.638133,G
WiggleZ R01J005945653-01524807,14.9402575,-1.8800480000000004,G
SDSSCGB 14410.1,252.53409717817,50.40119910355,G
2dFGRS TGS362Z039,5.764583333333333,-29.820555555555554,G
WISE J004614.03-203148.1,11.558508317983334,-20.5300480565375,G
WiggleZ R01J005753770+03342123,14.474078499999997,3.5725350000000002,G
WiggleZ S15J150447936+06485139,226.19973489999998,6.8142759999999996,G
COSMOS2015 699513,149.77137499999998,2.3597500000000005,G
SDSS J031558.05+411417.5,48.991896,41.238219,G
SDSS J150437.90+005045.6,226.157915,0.846009,G
LEDA 2617699,224.40166666666667,61.424166666666665,G
WISE J151949.17+410906.4,229.95481138859958,41.15179444899583,G
WiggleZ S15J151645428+06310827,229.189283,6.5189639999999995,G
SDSSCGB 17144.1,203.72674821651,24.343629810990002,G
WiggleZ R01J010013588-03214392,15.056653000000004,-3.362229,G
WiggleZ S15J150305825+03452303,225.77427029999998,3.756397,G
SDSS J095303.44+021856.6,148.264345,2.315749,G
COSMOS2015 1042833,149.88779166666666,2.885361111111111,G
GAMA J092448.67+003454.8,141.20282,0.5818899999999999,G
LEDA 1684875,201.21113749999998,23.295844444444448,G
WiggleZ S15J150243620+01160106,225.6817498,1.2669610000000002,G
COSMOS2015 1018899,149.79112499999997,2.85275,G
2dFGRS TGS071Z071,347.9911666666667,-24.934416666666667,G
WISE J063102.60-720828.5,97.76069482115666,-72.14118791763251,G
WISE J005600.86-224821.2,14.00364201294375,-22.80588029479611,G
WiggleZ S15J150355989+05424180,225.9832876,5.7116109999999995,G
WISE J181445.56+481916.3,273.6898692099992,48.32117703511195,G
LCRS B123533.5-052457,189.534625,-5.690777777777778,G
WISE J182830.35+460334.0,277.1264142037312,46.05944206328055,G
WISE J180726.15+554451.8,271.85907991795784,55.74768389420306,G
WiggleZ S15J150336974+04533442,225.9040601,4.892894000000001,G
GAMA 800718,140.44257,-0.40726,G
GOODS J123702.47+621820.6,189.26030541666668,62.30573277777777,G
SDSS J015006.62+033716.0,27.527598,3.6211219999999993,G
WiggleZ R01J010029284+01061363,15.122052999999996,1.103759,G
LCRS B123551.6-062711,189.61091666666664,-6.727861111111111,G
SDSS J084123.87+295336.9,130.349468,29.893590000000003,G
COSMOS J095932.83+025335.1,149.88679166666665,2.8930833333333337,G
WiggleZ S15J150431422+05111052,226.1309245,5.186255,G
[EGT95] 234450.0-280000,356.8579166666667,-27.721944444444443,G
SDSS J011343.56-000143.2,18.431522,-0.028685999999999996,G
SDSS J160203.92+462101.3,240.5163475290563,46.35036933233167,G
SDSS J142605.15+382644.9,216.52149507765998,38.4458360088575,G
LEDA 3086653,170.47059508359,62.5182941468,G
LCRS B232426.5-390227,351.78458333333333,-38.76561111111111,G
SDSS J101829.92+322220.7,154.624678,32.37242,G
LEDA   89539,185.92879999999997,40.04083888888888,G
COSMOS2015 1045948,149.79316666666665,2.889972222222222,G
LEDA 2268753,174.7393133682,45.67636282394001,G
WISE J184838.15+460201.1,282.1589785760791,46.03364085952666,G
2MASX J05595032+5346064,89.95981970264084,53.768400030180544,G
[RTG2015] 4774,53.139347,-27.788001,G
LCRS B003935.5-422847,10.49375,-42.20563888888889,G
GAMA 3169068,173.74982,1.22669,G
WiggleZ S15J150255356+05341489,225.7306494,5.5708020000000005,G
COSMOS2015 1019744,149.74608333333333,2.8534722222222224,G
WiggleZ S15J150306918+05494674,225.77882709999997,5.82965,G
[RTG2015] 4743,53.128331,-27.787863,G
SDSS J152532.25+472143.1,231.38439274731581,47.36196587860389,G
SDSS J140407.62+010559.6,211.03178299999996,1.0999120000000002,G
COSMOS2015 698380,150.74591666666666,2.3583611111111114,G
COSMOS2015 1048977,149.7415,2.8944722222222223,G
SDSS J024227.57-080017.7,40.614915,-8.004918,G
[FBC2017] J051652.9-543806.0,79.22041666666667,-54.635,G
WISE J192744.40+503923.8,291.935015605112,50.65659411141582,G
COSMOS2015 300607,149.46945833333334,1.7438333333333333,G
WISE J010114.29-503126.5,15.309561927985417,-50.52411363148251,G
SDSSCGB 19045.1,125.41403333333335,23.87457777777778,G
WISE J043950.24-251417.6,69.9592494653746,-25.23819313320917,G
WISE J005922.49-512626.1,14.843831148968748,-51.44062922135917,G
LEDA 2076626,240.34166666666664,36.20027777777778,G
GAMA 3086700,173.59176,1.09466,G
2dFGRS TGN061Z341,181.6130008831833,-5.2141652314963896,G
WiggleZ S15J150138834+01561393,225.4118097,1.9372020000000008,G
WISE J011651.89-491635.9,19.216349176265833,-49.276659698105554,G
SDSSCGB 47640.2,155.953292,6.853935,G
2MFGC 12752,238.22363333333334,-18.665924999999998,G
WiggleZ R01J010034743-00062035,15.144797399999996,-0.10568000000000001,G
COSMOS2015 252434,149.6305,1.6663888888888887,G
WiggleZ S15J150420205+03234306,226.08418809999998,3.395293,G
SDSS J155631.64+443606.5,239.13184158557704,44.60182035610862,G
LEDA 3982396,351.50293,-9.128006,G
WiggleZ R01J010038097+00591712,15.158775900000007,0.9880599999999999,G
SDSS J095832.53+163258.6,149.635566,16.54962,G
SDSS J151834.21+025026.3,229.642542,2.840656,G
WiggleZ R01J005750219-03024265,14.459281,-3.0452079999999997,G
SDSS J101918.10-005156.5,154.825418,-0.865715,G
LEDA 2093997,183.21666666666667,37.150277777777774,G
SDSSCGB 45430.1,130.8774734084,34.54563812598,G
GOODS J123613.24+621340.0,189.05517916666665,62.22777166666667,G
WiggleZ R01J005811745-03364349,14.548976500000004,-3.612107999999999,G
COSMOS2015 1050480,149.8165833333333,2.8959722222222224,G
WISE J185133.10+591228.4,282.88786258440666,59.20791836375694,G
GAMA J092341.46-001726.9,140.92276,-0.29081,G
COSMOS2015 1017786,149.82162499999998,2.8505555555555557,G
WiggleZ S15J151808279+06280193,229.53449449999997,6.467202,G
2dFGRS TGS152Z174,27.813750000000002,-26.156666666666666,G
WISE J043917.16-260136.1,69.82157642025417,-26.026674626116108,G
WISE J191316.15+480802.1,288.3172768216008,48.133870822293886,G
LEDA  751182,333.0758375,-27.695105555555557,G
LCRS B003149.9-392507,8.565981155718335,-39.14324365050028,G
SDSS J151930.66+455602.0,229.87779395272455,45.93387056519528,G
COSMOS2015 302434,149.64258333333333,1.7459166666666668,G
SDSSCGB 47619.1,207.54589501807,65.16894158238,G
WiggleZ S15J150220159+04100143,225.5839956,4.167065000000001,G
SDSS J015649.06+010813.9,29.204451999999993,1.1372170000000001,G
WiggleZ S15J151708145+06264157,229.28393850000003,6.44488,G
LCRS B223702.5-421438,339.9889583333333,-41.98288888888889,G
WiggleZ R01J010017392+03435259,15.072501999999998,3.731246000000001,G
SDSS J150135.70+412509.2,225.39875693082627,41.41924756332694,G
2MFGC 13974,265.19055000000003,13.28478888888889,G
SDSS J224755.07+041425.0,341.97949499999993,4.240283,G
SDSS J031550.32+415003.9,48.95968400000001,41.834430000000005,G
2MASX J18505405+5143335,282.7250699278554,51.72595919452056,G
COSMOS2015 301994,150.4920416666667,1.7452222222222222,G
WiggleZ R01J005928824+01033691,14.870136999999994,1.060224,G
2dFGRS TGN135Z081,199.34541666666664,-4.202500000000001,G
SDSS J151017.17+434845.0,227.571553,43.812512999999996,G
SDSS J012819.32+120517.2,22.080528,12.088136,G
ShaSS 408079906,202.53651829999998,-31.7379197,G
SDSS J151815.58+452938.7,229.56493392908166,45.494065751155,G
LEDA 3389808,125.06949643002,35.92985153069,G
SDSSCGB 47815.1,125.09076262876,12.51835498819,G
SDSSCGB 67970.4,13.300879166666666,-1.1082944444444445,G
WISE J193707.13+570821.8,294.2797734331916,57.139407779430286,G
2MASX J04442345-2538224,71.09786555727041,-25.639565630674998,G
SDSS J082810.88+125046.2,127.045345,12.846180000000004,G
2MASX J18153773+5649066,273.9072247639067,56.81856192262889,G
WiggleZ R01J005802248-02382467,14.5094035,-2.6402129999999997,G
LEDA  765523,24.41625,-26.648333333333333,G
LEDA 2575070,227.3551791666667,58.144130555555556,G
WISE J185315.27+571321.8,283.3135982659512,57.22272808604751,G
COSMOS2015 1019307,149.83054166666665,2.8529722222222222,G
2MASX J18103816+5427025,272.65899113002297,54.45068071867779,G
WiggleZ R01J005921716-01192061,14.840519500000003,-1.3224190000000002,G
GOODS J123748.62+621345.1,189.45256875,62.22919083333334,G
COSMOS2015 1056900,149.73783333333333,2.9050555555555553,G
SDSS J151901.25+054904.5,229.755246,5.817925000000001,G
2dFGRS TGS497Z066,5.766666666666667,-33.42638888888889,G
LEDA 3850245,234.38954195833335,13.71455611111111,G
WiggleZ R01J005857107-01592913,14.737984000000004,-1.9914530000000001,G
WiggleZ R01J010032680-00304661,15.136205400000001,-0.5129740000000002,G
COSMOS2015 1038159,149.78954166666665,2.87875,G
COSMOS J095930.37+025306.2,149.87654166666664,2.8850555555555553,G
SDSSCGB 38932.3,140.88685833333332,15.329688888888889,G
SDSSCGB 38746.1,14.154015188379999,-9.73011986792,G
COSMOS2015 1038702,149.81604166666665,2.8788333333333336,G
SDSS J093809.53+013518.8,144.539728,1.5885669999999996,G
WiggleZ R01J005951735-01150314,14.965598499999999,-1.2508989999999998,G
COSMOS2015 250243,150.06104166666668,1.6633055555555556,G
SDSS J100145.29+405333.1,150.438719,40.892533,G
2MASX J18285570+5844320,277.2322529348171,58.742334974345006,G
LEDA  937528,198.93041666666664,-13.473055555555556,G
WiggleZ R01J005850364+03474975,14.7098875,3.797124,G
COSMOS2015 1046919,149.79529166666666,2.8903611111111114,G
LEDA  288741,33.719996773525416,-68.07322717743584,G
[RTG2015] 1729,53.154515,-27.808625,G
COSMOS2015 1025493,149.73725000000002,2.861388888888889,G
WISE J191631.40+481440.9,289.13083746576626,48.244633781346394,G
WiggleZ S15J150351789+02500626,225.9657878,2.8350720000000003,G
2dFGRS TGS202Z268,3.810708333333333,-26.588527777777777,G
2MASX J18024067+5555342,270.66952190397507,55.92603802292555,G
SDSS J031627.19+410302.6,49.113294,41.050735,G
LCRS B001423.9-422039,4.22325,-42.06655555555555,G
COSMOS2015 1043077,149.8562083333333,2.8863055555555555,G
WISE J044801.05-244721.7,72.00440341928375,-24.78939474731028,G
LEDA  964905,317.76125,-11.508333333333333,G
SDSS J100930.01+092917.8,152.375046,9.488281,G
SDSS J031552.27+420129.2,48.967807,42.024785,G
COSMOS2015 1036777,149.845875,2.877388888888889,G
COSMOS2015 1017469,149.83216666666664,2.849222222222222,G
WiggleZ S15J150317786+05002074,225.8241065,5.005762,G
2MFGC 17411,348.27045143252,45.15113621757,G
2dFGRS TGS511Z331,27.705833333333334,-34.269444444444446,G
WISE J005337.84-232734.2,13.407718026870834,-23.459564808388055,G
SDSS J214320.26+264703.7,325.83443099999994,26.784381,G
[RTG2015] 1985,53.187782,-27.807068,G
WISE J043750.11-262055.0,69.45879601921293,-26.348656670890556,G
2MASX J04433375-2628572,70.89075847314334,-26.482517086851665,G
SDSS J094314.25+102348.6,145.809392,10.396851,G
COSMOS2015 1042395,149.82545833333333,2.8852777777777776,G
WiggleZ S15J150338275+06165267,225.90948069999996,6.281296000000001,G
WiggleZ S15J150451493+03542885,226.2145542,3.908014000000001,G
SDSS J082128.51+231258.8,125.36879600000002,23.216343,G
WiggleZ R01J005913085-03344126,14.804556999999999,-3.5781570000000005,G
SDSS J151429.64+414448.7,228.62346899199954,41.74687343758779,G
WiggleZ R01J005849907+05034341,14.707984100000001,5.062029000000001,G
SDSS J074020.71+483328.8,115.086309,48.558018,G
COSMOS2015 697946,150.70508333333333,2.3582222222222224,G
SDSS J140643.63+345309.2,211.68183124204373,34.88590867224805,G
SDSS J101629.15+084325.5,154.121493,8.723762,G
WiggleZ S15J150324807+01143467,225.85336279999999,1.2429649999999997,G
SDSSCGB 13370.1,153.06144193076,29.38577424399,G
LEDA  299249,36.134166666666665,-67.09277777777777,G
COSMOS2015 1049494,149.85420833333333,2.8946111111111112,G
SDSS J085446.31+074547.7,133.692986,7.763253,G
COSMOS2015 1055789,149.81083333333333,2.90375,G
WiggleZ R01J005825309+01054539,14.605492,1.0959149999999998,G
LEDA 1829895,14.642083333333334,28.230277777777776,G
SDSS J072550.54+381250.4,111.46060700000001,38.214022,G
SDSS J153807.53+450354.8,234.5313864687096,45.065234432492225,G
WiggleZ S15J150245997+01421853,225.69165469999996,1.7051469999999997,G
SDSS J002513.51+001626.9,6.306297,0.27414800000000006,G
WISE J010513.83-505145.5,16.30774268459458,-50.86265736419334,G
LCRS B001938.7-444900,5.526999999999999,-44.53944444444444,G
WiggleZ R01J010034960-00014872,15.145703400000004,-0.030227,G
WiggleZ S15J151544466+03105364,228.9352768,3.181566,G
WiggleZ R01J010034285+00180657,15.142890900000001,0.301798,G
LEDA 2410461,246.40458333333333,52.255,G
WiggleZ R01J005756272-01524040,14.4845035,-1.877916,G
LCRS B112106.1-122249,170.906,-12.655000000000001,G
GAMA 752045,179.86002,-0.24452999999999997,G
LEDA 1239044,151.49291666666667,2.8486111111111114,G
WiggleZ R01J010002218-02064549,15.009277000000003,-2.112665,G
WISE J193807.11+495124.4,294.5296461929729,49.856753940875834,G
WiggleZ R01J010039702-02421245,15.165463000000003,-2.703487,G
COSMOS2015 1039478,149.83545833333332,2.8802499999999998,G
GOODS J123648.40+620632.9,189.20168541666666,62.1092675,G
[RGD2013] J114237.847+461223.761,175.65769583333332,46.206600277777774,G
COSMOS2015 1045508,149.86225,2.8873333333333333,G
[RTG2015] 1713,53.168664,-27.808807,G
SDSS J085413.53+075144.1,133.556396,7.862256000000001,G
SDSS J030424.56+005549.0,46.102341,0.9303039999999998,G
WISE J005331.09-212753.8,13.379644941195416,-21.464923626503055,G
SDSSCGB 9365.1,51.7535346439,-5.93604170415,G
COSMOS2015 261648,149.80962499999998,1.6774999999999998,G
SDSS J015755.33-031050.0,29.480579,-3.1805670000000004,G
WiggleZ R00J232244159-12200937,350.6839958333,-12.3359333333,G
SDSS J151823.04+441132.5,229.59602802037665,44.1923733649975,G
2dFGRS TGS364Z267,6.00875,-31.03666666666667,G
SDSS J082254.68+072609.9,125.727871,7.436107999999998,G
LEDA 1554242,222.67458333333332,18.249166666666667,G
SDSS J075707.66+180210.4,119.28192700000002,18.036244,G
WISE J190125.33+600501.1,285.35552445889994,60.08360197247139,G
WiggleZ S15J151916563+06263246,229.8190104,6.442349,G
VIPERS 118090642,37.963453,-5.165431,G
LEDA  791851,36.07125,-24.264444444444443,G
LEDA 2678386,159.78260375509,65.53758188433,G
[SGC2017] XLSS0223 1184,35.76231666666666,-4.602705555555556,G
WISE J042130.26-272538.7,65.3761557016625,-27.42751392023695,G
GAMA 218776,141.06583,0.8826200000000001,G
SDSS J091239.51+065731.1,138.164632,6.958655999999999,G
WISE J191536.35+591008.4,288.9014902445333,59.168991890090275,G
COSMOS2015 1038612,149.87779166666664,2.8802222222222222,G
GAMA 927080,140.22209,0.2771,G
SDSS J151326.71+421637.8,228.36127521508246,42.277159759716945,G
WISE J182033.02+611155.8,275.137570466932,61.19883697284416,G
WiggleZ R01J005803166-03111748,14.5132285,-3.188217,G
COSMOS2015 1030322,149.78079166666666,2.868277777777778,G
2MASX J19201239+4525366,290.05162805918087,45.42675697536027,G
COSMOS2015 1014048,149.8774583333333,2.8441666666666667,G
2dFGRS TGS456Z033,28.541249999999998,-32.69694444444444,G
SDSS J143536.42+431706.8,218.90175399999998,43.285225,G
COSMOS2015 1047093,149.80466666666663,2.892472222222222,G
SDSS J143040.25+252214.7,217.667737,25.370772,G
SDSS J102037.92+100603.5,155.158023,10.100976,G
NGP9 F322-1587888,192.91116666666667,27.411805555555553,G
WiggleZ R01J010012424-01111412,15.051802,-1.1872829999999999,G
GNS 787,189.16658583333333,62.17489166666667,G
WiggleZ R01J005750683+03504538,14.4612175,3.8459100000000004,G
WiggleZ R01J005912933-00464817,14.8039239,-0.7800749999999999,G
SDSSCGB 74440.1,155.790508,28.969468,G
SDSS J153009.20+441148.4,232.53835523906247,44.19677023129222,G
2MFGC 14299,274.14041249999997,-78.21427777777778,G
LEDA 1060898,19.937916666666666,-4.245555555555556,G
SDSS J152454.74+444619.7,231.22810235099172,44.77215793340028,G
COSMOS2015 1030260,149.80962499999998,2.867138888888889,G
WiggleZ R01J005959959+01061439,14.999867499999997,1.1039699999999997,G
2MASX J06254812-7231074,96.45109038110876,-72.5186675812589,G
2MASX J18554757+6120295,283.9480151397896,61.34147820674251,G
WISE J182519.36+570123.4,276.33070994612876,57.02316421842111,G
SDSSCGB 31385.4,205.5298041666666,0.25104722222222225,G
GAMA J092224.24+000836.5,140.60101,0.14349,G
COSMOS2015 256598,150.09558333333334,1.6731666666666667,G
SDSS J110409.70+511010.8,166.04044400121,51.16967902929,G
LEDA 1983203,197.62020833333332,32.15833333333333,G
SDSS J100440.08+122711.9,151.167034,12.453332999999999,G
WiggleZ R01J005802287+01482422,14.509567000000002,1.8067000000000004,G
SDSSCGB 53018.2,222.75422099999997,30.986757,G
GOODS J123703.87+622207.3,189.2661420833333,62.368706111111116,G
[MBR2003] CDFS-H 2599,53.27942979166666,-27.7963265,G
WISE J043119.18-260512.6,67.8299446930779,-26.086874693334725,G
GAMA 3988820,173.55951,0.43296,G
COSMOS2015 1054555,149.882,2.9021388888888886,G
LCRS B014601.8-385041,27.047833333333333,-38.596361111111115,G
2dFGRS TGN134Z102,197.65041666666664,-3.1347222222222224,G
COSMOS2015 1032883,149.77075,2.87075,G
WiggleZ R01J005945489-01283378,14.939574999999998,-1.476079,G
COSMOS J095901.05+025133.1,149.75437499999998,2.859194444444445,G
SDSS J150150.58+003743.3,225.460754,0.628699,G
WiggleZ R01J005949216-00563157,14.955104400000003,-0.942131,G
WiggleZ R01J010039590-01312583,15.164995000000001,-1.5238709999999998,G
COSMOS2015 253301,150.64329166666667,1.6683333333333332,G
LEDA 2078469,197.52075,36.3105,G
WiggleZ R01J005857275-00453770,14.7386814,-0.760501,G
WiggleZ R01J005825400-03162800,14.605871499999996,-3.2744719999999994,G
LEDA 2155925,148.39249999999998,39.80472222222222,G
WISE J044205.63-265608.2,70.52346299069626,-26.93558341999833,G
SDSSCGB 55560.2,5.314416666666666,13.775044444444443,G
LEDA 2333342,199.18708333333333,49.09388888888889,G
WiggleZ S15J150208349+06471767,225.5347869,6.788241,G
WiggleZ R01J005925485-00331050,14.856222900000002,-0.552945,G
[BML2002]  716,3.53140478952,-30.32941632798,G
WiggleZ R01J005952058-00194215,14.966945400000002,-0.3284020000000001,G
GAMA 3371212,141.21936,1.3164100000000003,G
WiggleZ S15J150434229+04573473,226.14262079999997,4.959646,G
SDSS J154743.06+454021.5,236.92946433719374,45.67266251887055,G
SDSS J101113.29+150655.6,152.805391,15.115445,G
SDSS J150347.58+410143.0,225.9482403530879,41.02862905434472,G
WISE J011547.35-482728.8,18.94740279286833,-48.45804406786278,G
SDSS J101722.12+305750.5,154.342197,30.964033,G
COSMOS2015 1033163,149.8494583333333,2.8718333333333335,G
WISE J042721.23-264042.4,66.83848107507875,-26.678495099519168,G
WiggleZ R01J010027562-00340326,15.1148769,-0.5676,G
WISE J044057.55-251554.3,70.23984867970042,-25.265085597698054,G
WiggleZ S15J150326317+05472052,225.85965429999996,5.789032,G
SDSS J161445.35+001421.5,243.688981,0.239323,G
LEDA 1862286,230.08135549722914,29.310533097659164,G
LEDA 2195694,176.24916666666664,42.27777777777778,G
WiggleZ R01J010034477-00014220,15.143690400000004,-0.028417999999999995,G
WiggleZ R01J005942836-01350236,14.928519999999997,-1.5840169999999998,G
WiggleZ R01J005951715+00185625,14.965517399999998,0.31559699999999996,G
2MASX J04465156-2533342,71.7149726642371,-25.55953510624167,G
LEDA 3482277,202.74142344044,54.48164593727001,G
SDSSCGB 65069.2,226.95002083333333,34.60297222222223,G
COSMOS2015 1024175,149.75474999999997,2.859166666666667,G
TKRS 11644,189.3236083333333,62.187261111111106,G
WISE J183944.72+561220.7,279.9363335790216,56.20578074132862,G
WISE J044644.37-252701.7,71.68493428235875,-25.450484725596667,G
WISE J043552.88-242635.8,68.97035851509874,-24.443221626666944,G
WiggleZ R01J005823472-01355276,14.5978375,-1.5980159999999999,G
WISE J042157.11-265440.1,65.48803424150624,-26.91113643413444,G
SDSS J001141.30+115832.9,2.9220889999999997,11.975816000000002,G
SDSS J082328.62+073433.1,125.869252,7.575878000000001,G
WiggleZ R01J005852521-02591522,14.718872500000002,-2.98759,G
LEDA 1347908,240.80419349458998,8.48934670836,G
WISE J044057.14-254611.1,70.23822896526251,-25.76982637202972,G
[WLC2022] 01070,190.886114,35.883869,G
SDSS J150300.03+414720.2,225.75016391471334,41.78896069215027,G
SDSS J100103.87+001822.0,150.266126,0.306114,G
WISE J181705.59+475925.3,274.2732759552996,47.990325468430555,G
LEDA  911379,197.60833333333332,-15.426388888888889,G
SDSSCGB 46862.4,172.541001,29.734894,G
LCRS B003444.3-423556,9.285499999999999,-42.323916666666676,G
WiggleZ S15J150210371+06370413,225.54321369999997,6.617814,G
COSMOS2015 1048783,149.7878333333333,2.8944444444444444,G
[FCB2017] J230715.9-020627.3,346.81625,-2.1075833333333334,G
NGP9 F268-0434356,189.63950000000003,36.93955555555555,G
[H56] 16,27.775000000000002,29.166666666666668,G
SDSSCGB 72009.4,137.37885833333334,13.771066666666668,G
SDSS J152258.43+421831.1,230.7434681741263,42.30863255182805,G
WiggleZ R01J010015060-03073848,15.062787999999998,-3.127384,G
SDSS J082614.52+323019.4,126.560539,32.50541299999999,G
NGVS J121203.36+145646.5,183.01400149999998,14.9462408,G
2MASX J04440985-2613083,71.04086919060542,-26.218881667138326,G
2MASX J18011034+5738397,270.2930884288004,57.6443729229861,G
WiggleZ S15J151843087+06342750,229.67952989999998,6.574304999999999,G
WiggleZ R01J005958889-03151176,14.9954095,-3.2532959999999997,G
LEDA 1066813,197.53041666666664,-3.7913888888888887,G
2MASX J18314922+4333292,277.95526967989747,43.558034680442766,G
WiggleZ S15J151704233+02565380,229.2676333333,2.9482777778,G
COSMOS2015 1044777,149.8767083333333,2.8880833333333333,G
SDSS J151850.91+052209.7,229.712158,5.369377,G
WISE J182148.36+433354.0,275.4515092516825,43.56500913488361,G
WISE J044628.13-251133.1,71.61727225972709,-25.19252779688139,G
WiggleZ S15J150344582+05100365,225.9357595,5.167682,G
WiggleZ R01J005831942-02484031,14.6331295,-2.811225,G
SDSS J074517.40+250225.3,116.32250100000003,25.040367,G
COSMOS2015 297413,150.40741666666668,1.7389722222222224,G
WiggleZ S15J150351016+06021345,225.9625663,6.037068999999999,G
2MASX J18215034+6240229,275.46008461242917,62.67309450465749,G
2MASX J01024133-2404488,15.672196911330833,-24.080280956015834,G
WiggleZ S15J150427609+02142641,226.1150374,2.24067,G
COSMOS2015 697593,149.62970833333335,2.358,G
SDSS J075442.18+142534.4,118.675772,14.426244,G
WISE J010702.10-500417.4,16.75878097604458,-50.071587140175,G
WISE J193059.62+575921.9,292.748389255555,57.989406302545554,G
WiggleZ S15J150148834+05410398,225.453473,5.684438999999999,G
WISE J043559.22-255156.7,68.99678846707833,-25.86580177936722,G
COSMOS2015 1020832,149.77083333333331,2.8507222222222226,G
SDSS J151741.59+443029.0,229.4233428853467,44.508056354760555,G
LEDA 1373469,191.13999719117996,10.02228964695,G
COSMOS2015 1039741,149.78241666666665,2.881416666666667,G
WiggleZ R01J010010404+00025841,15.043385400000002,0.04952899999999999,G
COSMOS2015 1054700,149.80949999999999,2.8999444444444444,G
WISE J181709.83+474518.9,274.2909932536092,47.755255382865556,G
2MFGC 14418,277.13260202852996,42.95998752729,G
SDSS J140448.90+335240.5,211.20374888710458,33.877925888937504,G
SDSS J152343.43+450212.3,230.93098605307208,45.036755313855544,G
SDSS J031606.20+412224.2,49.025846,41.373389,G
GAMA 3636314,140.80157,-1.07468,G
WISE J182132.03+531853.8,275.3834769991813,53.31494816737806,G
SDSS J152119.82+440743.6,230.33259295160832,44.12878326062417,G
2MFGC 15595,308.15396250000003,23.968749999999996,G
COSMOS2015 1042565,149.85208333333333,2.8846111111111115,G
SDSS J021214.03-085420.1,33.05846700000001,-8.905599,G
WiggleZ R01J010034078+04531086,15.142028600000003,4.886322999999999,G
WiggleZ S15J150310221+03553160,225.79258919999998,3.9254439999999997,G
WISE J181128.06+591544.5,272.86693859726165,59.262377031428905,G
2MASX J04212342-2708138,65.34764854547583,-27.137302293558054,G
SDSS J160400.25+472230.8,241.00105897642038,47.37521844883472,G
COSMOS2015 1034281,149.73362500000002,2.872527777777778,G
COSMOS2015 1047811,149.835625,2.892527777777778,G
COSMOS2015 259603,150.32679166666668,1.6784999999999999,G
LCRS B232506.0-382933,351.9472236543558,-38.21720201026583,G
2dFGRS TGS917Z040,318.1500833333334,-40.49327777777778,G
WiggleZ S15J150131138+03562475,225.37974199999996,3.940207,G
COSMOS2015 1032749,149.8915,2.8707222222222226,G
WiggleZ S15J150357556+03050260,225.98981799999999,3.084056,G
SDSS J014749.29-093032.6,26.955379,-9.509063000000001,G
WiggleZ S15J150204270+04254936,225.5177922,4.430377,G
LEDA 2022042,199.929,33.05836111111111,G
WiggleZ S15J151909020+06135661,229.7875827,6.232392,G
COSMOS2015 1055531,149.76091666666665,2.8991666666666664,G
COSMOS2015 1022546,149.832,2.8578055555555557,G
2MASX J18142770+1447256,273.61547417024,14.790570136420003,G
WISE J010845.41-504219.0,17.189363943138748,-50.70525786067167,G
COSMOS2015 1040810,149.75741666666664,2.883,G
COSMOS2015 299617,149.48954166666664,1.74225,G
WISE J043729.80-251402.6,69.37420297315168,-25.234067651088615,G
WISE J044637.42-253412.0,71.65597534965083,-25.570009639019442,G
COSMOS2015 1022437,149.83804166666664,2.857388888888889,G
ZW  III 210,192.025,18.033333333333335,G
COSMOS2015 1050198,149.87475,2.8958611111111114,G
LCRS B001238.6-384429,3.788333333333333,-38.46355555555556,G
SDSSCGB 7342.2,130.1382375,47.13841666666668,G
SDSS J151555.13+421352.5,228.97973434540958,42.23125581467333,G
COSMOS2015 252222,149.60095833333332,1.6668611111111111,G
LCRS B005200.0-391208,13.589083333333335,-38.93138888888889,G
WISE J183859.51+533851.9,279.74791903285166,53.647799460499996,G
WiggleZ R01J005923418-03301386,14.847609999999998,-3.5038790000000004,G
SDSS J153950.01+453245.7,234.95842438334796,45.54602994984,G
WiggleZ R01J005754001-01364580,14.475041499999996,-1.612751,G
WiggleZ R01J005827286-01543072,14.613727000000003,-1.9085619999999994,G
WISE J182642.05+614425.7,276.67509938438457,61.74042699222194,G
WISE J004837.37-251625.3,12.155800446345834,-25.273793943571107,G
SDSS J095738.61+194934.8,149.410901,19.82635,G
SDSS J090824.00+165613.7,137.100028,16.937142999999995,G
LEDA  543163,349.56236066299,-43.90003461161,G
2MASX J18020230+5625286,270.50964798767876,56.42469781387249,G
WISE J182544.42+465906.4,276.4350775407579,46.98506293240889,G
2dFGRS TGS451Z028,22.754458333333332,-32.25388888888889,G
WISE J044628.39-252527.1,71.61833053950042,-25.42421497670472,G
WISE J193144.36+552015.9,292.93481150095664,55.3377558753339,G
2MFGC 17893,357.69632083333335,39.20415833333333,G
COSMOS2015 1046103,149.80616666666666,2.8893333333333335,G
WiggleZ R01J005937461-00264004,14.9061234,-0.44448399999999993,G
2dFGRS TGS612Z151,5.92,-35.89861111111111,G
WiggleZ R01J010013137+00585171,15.054774899999995,0.9810019999999998,G
[RTG2015] 1898,53.151888,-27.80751,G
WiggleZ R01J005832651-01045400,14.636084499999997,-1.081696,G
[RTG2015] 3670,53.17257,-27.798055,G
LEDA 1337086,198.97833333333332,8.026944444444446,G
WiggleZ S15J150400839+05251760,226.003497,5.421556999999999,G
2MASX J18391860+5839014,279.8275607227479,58.65051294659666,G
WISE J185632.43+573024.7,284.13513283980546,57.506854979424446,G
SDSS J152031.14+452609.5,230.1297503137792,45.435960322890544,G
SDSS J031607.62+412113.2,49.031775,41.35369399999999,G
[RTG2015] 1769,53.173868,-27.808449,G
WISE J005320.03-221915.8,13.333527684885,-22.321108400868052,G
COSMOS2015 1029123,149.83416666666665,2.864361111111111,G
WiggleZ R01J010028094+01434282,15.117095500000001,1.728534,G
COSMOS2015 1043162,149.81525,2.8838333333333335,G
LEDA  482240,33.32375,-48.92944444444444,G
WiggleZ S15J150309891+06460825,225.7912145,6.768957000000001,G
SDSS J151650.02+141440.3,229.208432,14.244535,G
SDSSCGB 37012.2,218.73709335793,56.96805162279,G
COSMOS2015 253397,149.62966666666665,1.6680833333333331,G
SDSS J161006.90+472214.2,242.5287813772404,47.37062255318945,G
SDSS J103558.24+134735.1,158.992702,13.793093,G
COSMOS2015 1032106,149.73658333333336,2.8705000000000003,G
COSMOS2015 1049498,149.81829166666665,2.8945555555555553,G
WiggleZ R01J005955015-02420396,14.979266500000001,-2.701127,G
LEDA 2131933,197.6783333333333,38.617777777777775,G
GAMA J092532.50+003205.9,141.38542,0.535,G
WiggleZ S15J150434679+05292526,226.14449689999998,5.490349000000001,G
LEDA  789166,73.37875,-24.511388888888888,G
WiggleZ S15J150357985+00382973,225.99160529999997,0.641592,G
WISE J044425.47-260451.7,71.10613947234125,-26.081069730726664,G
WiggleZ S15J150253859+03202295,225.72441059999997,3.3397090000000005,G
COSMOS2015 1046670,149.831125,2.891138888888889,G
LEDA 2311708,129.52034690556,48.16319487183,G
COSMOS2015 1053543,149.82129166666667,2.900361111111111,G
SDSS J160441.78+464548.1,241.17414579097496,46.763355378947224,G
WISE J192246.30+553513.4,290.69299788879084,55.58703716413223,G
LCRS B235708.4-393908,359.9274166666667,-39.37386111111111,G
WISE J193308.27+505510.1,293.2844206066667,50.919473450868615,G
2dFGRS TGS202Z170,3.5320833333333335,-27.602222222222224,G
WiggleZ S15J150342381+00300814,225.9265855,0.50226,G
SDSSCGB 48180.1,241.60231340769,27.409313133160005,G
COSMOS2015 1046122,149.77783333333332,2.8905000000000003,G
LCRS B123905.2-062129,190.41795833333333,-6.632416666666667,G
COSMOS2015 1039441,149.8419583333333,2.8809722222222223,G
WiggleZ R01J005929595+01154557,14.873349999999997,1.2626310000000003,G
COSMOS2015 255218,149.53895833333334,1.6706944444444443,G
COSMOS J095921.06+025200.0,149.83775,2.8666666666666667,G
WiggleZ S15J150232442+01262615,225.6351765,1.4405960000000002,G
LCRS B003207.8-392144,8.640333333333333,-39.08680555555556,G
WiggleZ R01J005924669-01341352,14.852822500000002,-1.570451,G
SDSS J091639.05+033913.0,139.162743,3.6536379999999995,G
WiggleZ S15J150431014+05593218,226.12922349999997,5.992272,G
2dFGRS TGS215Z161,18.849500000000003,-27.438083333333335,G
WiggleZ S15J150153435+03323347,225.47264729999998,3.5426310000000005,G
COSMOS2015 1040283,149.75404166666667,2.881361111111111,G
2MASX J18425306+5842520,280.7211409463287,58.71442242286223,G
COSMOS J095902.05+025145.6,149.75854166666664,2.862666666666667,G
SDSS J155505.65+452254.0,238.7735455497891,45.38165755902667,G
GAMA 758789,176.77602,0.03259999999999999,G
WiggleZ S15J150414395+05554976,226.05998099999996,5.9304879999999995,G
2dFGRS TGS198Z196,358.70279166666666,-27.284555555555556,G
WiggleZ R01J005925669+01312770,14.856989499999996,1.5243320000000002,G
VIPERS 113159517,33.07108,-4.896397,G
SDSS J150324.58+411636.8,225.85239779652625,41.27689283320028,G
2MFGC 17055,339.7765208333333,-70.75417222222222,G
GAMA 797024,140.31109,-0.6362899999999999,G
WISE J183127.04+513418.2,277.86272870083417,51.57171595406306,G
LCRS B002439.5-383844,6.780458333333334,-38.36888888888889,G
SDSS J111605.87+384920.7,169.024497,38.822444,G
COSMOS2015 1029506,149.78904166666666,2.8660277777777776,G
ShaSS 401045172,203.84281569999996,-33.3615509,G
SDSS J160941.38+465827.2,242.4224385121633,46.97424329227917,G
SDSS J013625.54-004428.8,24.106431999999998,-0.741344,G
WiggleZ S15J150314916+05060072,225.81215149999997,5.100201,G
LEDA  559354,328.0625,-42.7025,G
LCRS B235602.4-392007,359.6537083333333,-39.05697222222222,G
SDSS J091843.06+042544.3,139.679442,4.428994,G
COSMOS2015 1037564,149.76954166666664,2.878388888888889,G
SDSSCGB 47333.4,32.7287875,-0.27150277777777776,G
WISE J185247.74+542511.4,283.1990012961479,54.419853331466385,G
LEDA 2423235,14.375833333333333,52.76972222222222,G
LCRS B011415.4-382502,19.133958333333332,-38.15386111111111,G
COSMOS2015 1027873,149.7955,2.864638888888889,G
2MFGC 13868,261.83606449985,-82.58098123303,G
COSMOS2015 301341,149.48616666666666,1.745138888888889,G
SDSS J101054.34+085459.9,152.726418,8.916639999999997,G
[TSB2015] GLASS MACS0717-02330,109.38636838,37.73157935,G
COSMOS2015 1043662,149.86741666666666,2.8871111111111114,G
WISE J185620.08+603437.4,284.083767698738,60.57708908998723,G
WISE J191829.20+555331.3,289.62168599069076,55.89204301119471,G
LEDA  789821,197.57,-24.451944444444443,G
COSMOS2015 300973,150.47570833333333,1.7437777777777779,G
WISE J190858.72+592850.2,287.2446740174787,59.480634456117215,G
WiggleZ R01J010019513-02503633,15.081342999999999,-2.8434530000000007,G
WISE J182959.70+473951.0,277.4987928933267,47.66413860003972,G
GAMA 4295701,141.03006,0.8772700000000001,G
WiggleZ S15J150205419+06172743,225.5225787,6.290952,G
COSMOS2015 1023014,149.81508333333332,2.85725,G
LEDA 1750108,256.4248041666666,25.795083333333334,G
WISE J042510.43-265133.5,66.29351441302127,-26.85929868512083,G
GAMA 4010407,173.99553,0.861,G
WISE J071813.04-705846.0,109.55425712671999,-70.97945417377527,G
[RTG2015] 3631,53.166052,-27.798057,G
SDSS J031630.04+415305.4,49.125185,41.88485300000001,G
WiggleZ R01J005927734-03085043,14.865595,-3.1473700000000004,G
LEDA 1791956,202.01555133915997,26.90656811658,G
COSMOS2015 1039972,149.86666666666665,2.880888888888889,G
WiggleZ R01J005901902-03111091,14.757964000000001,-3.1863910000000004,G
WISE J192706.82+560754.8,291.7784879386667,56.131893718958054,G
COSMOS2015 1035292,149.88224999999997,2.875638888888889,G
COSMOS2015 1018332,149.80408333333332,2.852,G
WISE J192603.40+435041.6,291.51421845395583,43.844961054060285,G
SDSS J164703.33+440557.1,251.76389060868996,44.0991920745,G
WiggleZ S15J150336833+06091438,225.9034714,6.153994,G
WiggleZ R01J010024155+04221649,15.1006826,4.371218,G
WiggleZ S15J150424588+05190302,226.1024506,5.317505999999999,G
SDSS J142637.54+380628.9,216.65645746810708,38.10802154984362,G
COSMOS2015 258020,149.82204166666665,1.6754999999999998,G
WiggleZ R01J005749826-03350257,14.457645999999999,-3.5840759999999996,G
SDSSCGB 28245.1,140.50910179378,19.39465992204,G
WISE J183739.78+522851.3,279.4157587326513,52.480922371020846,G
LEDA  988696,39.49583333333333,-9.616944444444444,G
LEDA 1815337,197.723875,27.6905,G
SDSS J155253.65+444106.8,238.22353076625086,44.68521988993305,G
WISE J185427.83+494409.6,283.6159288326079,49.73597690586472,G
COSMOS2015 1032175,149.893375,2.8695555555555554,G
WiggleZ S15J150157218+06135089,225.488408,6.230802999999999,G
2dFGRS TGS222Z100,27.59041666666667,-28.157777777777778,G
WISE J192801.18+464825.8,292.00500410920375,46.8071130598125,G
WiggleZ R01J010033557-02154077,15.139856500000002,-2.261353,G
COSMOS2015 1047927,149.88216666666665,2.8922777777777777,G
2MASX J18344354+5646091,278.6813467881029,56.7692676202025,G
LEDA 1441050,160.2325,13.805833333333334,G
SDSS J233938.99+292938.2,354.91246,29.493955,G
COSMOS2015 1049718,149.77499999999998,2.8939999999999997,G
NGVS J125250.00+111553.3,193.2083351,11.264803900000002,G
WISE J183812.15+531109.6,279.5506127819804,53.18600177078583,G
COSMOS2015 1059755,149.816,2.9075277777777777,G
LEDA 1102686,359.8645833333333,-2.0641666666666665,G
COSMOS2015 1035089,149.861625,2.8747777777777777,G
2dFGRS TGS812Z438,332.18768742364,-56.57258647386,G
SDSS J090245.46+061435.3,135.689441,6.243165000000001,G
COSMOS2015 1043632,149.76487499999996,2.8858333333333333,G
NGP9 F322-0960324,187.38570833333333,28.89472222222222,G
2dFGRS TGS392Z087,39.06945833333333,-31.230999999999998,G
WiggleZ R01J005758528+00282792,14.493905400000001,0.4743929999999999,G
WiggleZ S15J150430112+04344566,226.1254687,4.57935,G
WiggleZ R01J010041750+01322413,15.1739965,1.5400070000000006,G
LEDA 2319994,220.93583333333333,48.55,G
[RTG2015] 3596,53.167959,-27.798322,G
[RGD2013] J154011.461+341208.064,235.04777311117002,34.20222304172,G
2dFGRS TGS362Z185,6.115416666666667,-30.695,G
SDSS J100046.31+063921.4,150.192986,6.655952999999999,G
SDSS J093705.10+074619.0,144.271261,7.771956,G
WiggleZ R01J005848457+00284578,14.701941900000001,0.479356,G
COSMOS2015 1025159,149.7757083333333,2.8605,G
WiggleZ R01J005855281-02474770,14.730374500000002,-2.796611,G
LEDA  122173,327.4205101850771,-38.80731515034833,G
WiggleZ R01J005946376-01091240,14.943271000000001,-1.153472,G
WiggleZ S15J150238433+06022892,225.6601378,6.041367999999999,G
WiggleZ R01J005810370+05030852,14.5432466,5.05234,G
COSMOS2015 1047637,149.8225833333333,2.892,G
WiggleZ R01J005939724-02215891,14.915555500000004,-2.366393,G
WiggleZ R01J005911929+03401440,14.799742,3.6706390000000004,G
2dFGRS TGS807Z393,1.1922916666666665,-7.525777777777777,G
WiggleZ S15J150201972+06141011,225.50821559999997,6.236140999999999,G
WISE J181500.98+580835.1,273.75412740494,58.14305844722528,G
WISE J011121.10-494343.4,17.83800345407375,-49.72874255021861,G
SDSSCGB 48018.1,203.4711958333333,35.65680555555556,G
LCRS B123958.5-052908,190.639375,-5.759527777777778,G
[YZJ2003] 4-152,258.5790875,64.06194722222222,G
LCRS B124249.1-120441,191.35695833333332,-12.3515,G
2dFGRS TGS436Z016,3.380833333333334,-32.62361111111111,G
WiggleZ R01J010028512-00464590,15.1188369,-0.779446,G
WiggleZ S15J150155953+06153987,225.48313809999996,6.261075,G
WISE J183254.85+443554.5,278.228491312298,44.5984446058125,G
GAMA 4090523,141.34762,-0.1832,G
SDSS J154000.85+442154.9,235.0035619991029,44.365253903221394,G
SDSSCGB 24444.5,253.61297916666666,21.69288611111111,G
GAMA 6713,173.6666,0.79911,G
SDSS J095558.51+025733.5,148.993801,2.9593100000000003,G
SDSS J015747.47-092731.7,29.447828,-9.458833,G
SDSS J151838.07+024403.7,229.658627,2.734378,G
SDSS J083127.42+134659.0,127.864259,13.783063,G
2dFGRS TGS203Z204,5.018083333333333,-26.49813888888889,G
WiggleZ S15J150324763+04295329,225.8531793,4.498135999999999,G
WiggleZ R01J005913903-03170957,14.807967999999997,-3.28602,G
GAMA 937013,174.54191,0.68893,G
COSMOS2015 297253,149.54049999999998,1.73875,G
2dFGRS TGS293Z127,16.326916666666662,-28.633916666666664,G
LCRS B011039.3-382250,18.237166666666663,-38.115750000000006,G
WiggleZ R01J005838387-01431586,14.659982499999995,-1.7211009999999998,G
LEDA  889449,36.16458333333333,-17.05527777777778,G
SDSSCGB 22154.2,142.51102659646,2.0312686264199997,G
WiggleZ S15J150241716+06382559,225.6738176,6.640443000000001,G
COSMOS2015 1035911,149.86749999999998,2.8763055555555557,G
WISE J044620.48-254854.4,71.58535810037833,-25.81510919674806,G
NGP9 F378-0708498,187.70883333333333,20.420250000000003,G
SDSS J150351.74+414235.8,225.96562466176835,41.709959854389446,G
2MASX J19295352+5750440,292.47279318277543,57.84566620585529,G
COSMOS2015 1034468,149.877625,2.8741666666666665,G
WISE J005127.31-251554.6,12.863906393099999,-25.265228619695,G
ShaSS 410022192,201.9074508,-29.9094567,G
2MASX J23002691-4134069,345.11194047764,-41.56855941705,G
SDSS J075529.84+163846.1,118.87434300000001,16.646143,G
LEDA 1379697,167.67,10.448333333333334,G
2dFGRS TGS552Z033,3.4083333333333337,-34.908055555555556,G
SDSSCGB 63429.3,248.20380833333334,27.41376944444445,G
WiggleZ R01J005833271-01290892,14.638665999999997,-1.48584,G
COSMOS2015 694789,149.64054,2.35298,G
WiggleZ S15J150359307+04135520,225.99711119999998,4.232000000000001,G
WiggleZ S15J150150454+06483237,225.46022639999998,6.808993000000001,G
WISE J183818.95+560153.6,279.57901289369374,56.031569696510005,G
EDCS J1411171-1150200,212.82141666666664,-11.83888888888889,G
LEDA  477586,36.28291666666666,-49.37222222222222,G
2MFGC 16206,321.0841375,-33.04139722222222,G
COSMOS2015 250564,150.06070833333334,1.663861111111111,G
COSMOS2015 1038254,149.87345833333333,2.8791111111111114,G
WiggleZ S15J150410006+00230051,226.04169139999996,0.383475,G
LEDA 1788341,197.56916666666666,26.786944444444448,G
WiggleZ S15J150412764+05510150,226.0531835,5.850418,G
COSMOS2015 1026073,149.84679166666666,2.8623611111111114,G
WiggleZ S15J150314514+03501842,225.8104753,3.83845,G
COSMOS2015 297222,150.6748333333333,1.7389722222222224,G
SDSS J091248.22+132842.9,138.200949,13.478592999999998,G
WiggleZ S15J150423583+02121382,226.0982642,2.2038380000000006,G
LEDA 2083453,206.82270259403,36.59821887717,G
SDSS J090501.51+314415.0,136.256294,31.737506999999994,G
COSMOS2015 1042125,149.84741666666665,2.883861111111111,G
COSMOS2015 1055675,149.7289166666667,2.9033055555555554,G
2MASX J18351154+5413281,278.7982878902729,54.2245453782014,G
SDSS J081945.80+060838.3,124.940872,6.143998,G
LEDA 2030240,150.230208,33.357317,G
WISE J042705.78-255227.9,66.77411238084292,-25.874415550478336,G
GAMA J092353.88-004510.9,140.97454,-0.75305,G
WiggleZ S15J150247814+01395991,225.69922329999997,1.6666400000000001,G
COSMOS2015 1032781,149.79779166666665,2.8708611111111115,G
WiggleZ S15J150344916+06530519,225.9371514,6.884773999999999,G
WiggleZ R01J010019769+00252268,15.082409400000001,0.42293800000000004,G
LEDA 2195202,217.64519117425,42.25025542779001,G
COSMOS2015 1037531,149.84766666666667,2.878111111111111,G
WiggleZ R01J005931515+05070840,14.881348100000004,5.118971,G
SDSS J102713.85+092300.7,156.807714,9.383552,G
LCRS B000943.4-422916,3.059375,-42.20966666666667,G
COSMOS2015 1060848,149.8899583333333,2.910083333333333,G
[TIB2005]  102,53.144263,-27.797717,G
FRL  942,316.182321725,-42.53195303458,G
2dFGRS TGS554Z008,3.5008333333333335,-34.08861111111111,G
WiggleZ R01J005916722-03063640,14.819709999999999,-3.110139,G
2dFGRS TGS511Z052,27.225791666666666,-33.540527777777775,G
SDSS J155715.94+465012.2,239.3164640563904,46.83673186763444,G
LCRS B003734.5-422158,9.991958333333333,-42.091722222222224,G
SDSS J091239.68+164606.5,138.165355,16.768484,G
WISE J190104.06+594940.1,285.26698990268704,59.827848198029166,G
LCRS B011220.8-423014,18.647666666666666,-42.23961111111111,G
SDSS J092443.58+320709.5,141.181585,32.119311999999994,G
SDSS J150154.55+420151.5,225.47729838200001,42.03098291691306,G
WISE J011345.57-495308.0,18.43986740316459,-49.88556471493027,G
SDSS J102749.49+031408.0,156.95622,3.2355710000000006,G
EGSIRAC J142130.47+532013.8,215.3771320833333,53.336991611111124,G
LEDA 3814890,207.84265663954997,33.545524194529996,G
SDSS J101759.68+034027.8,154.498679,3.674412999999999,G
SDSS J155331.90+434626.1,238.38292960825413,43.77392968049417,G
WISE J044814.67-251744.5,72.061160316865,-25.29579517524722,G
GAMA 936614,140.22557,0.6586500000000001,G
COSMOS2015 1036882,149.88191666666668,2.876416666666667,G
IRAS 23592+6305,0.466697896174925,63.37582554117092,G
SDSS J102531.91+154819.8,156.382998,15.805514,G
SDSS J090516.12+125744.5,136.317204,12.962382,G
WISE J184831.87+543530.7,282.1327421065138,54.59190073104389,G
WiggleZ R01J005816303-02582644,14.567968000000002,-2.974038,G
SDSS J151309.62+444828.6,228.2900739879287,44.807951022788885,G
SDSS J002122.62+173135.7,5.344256,17.526587,G
SDSS J093745.45+061401.0,144.439388,6.233627,G
WiggleZ R01J005839371-01333544,14.664082,-1.5598730000000003,G
SDSS J142858.78+030742.8,217.24493499999997,3.128578,G
COSMOS2015 1049405,149.73908333333333,2.8950555555555555,G
WISE J010249.96-503938.6,15.708203965722921,-50.66079252937,G
WiggleZ S15J150420277+04135749,226.0844895,4.232636000000002,G
SDSS J151257.39+414248.1,228.23918077903787,41.713407538668896,G
WiggleZ S15J150430319+01083934,226.1263271,1.144261,G
GAMA 958113,174.58846,-0.26033,G
LEDA  109103,22.426375,-38.94311111111111,G
WISE J180845.86+560756.7,272.19112486065126,56.13240445863334,G
SDSS J022243.25+010221.1,35.680214,1.0392,G
WiggleZ R01J005800033+00023155,14.500175400000002,0.042068,G
WiggleZ R01J005847291+00040813,14.697083400000002,0.068897,G
2dFGRS TGS308Z069,34.64729166666667,-28.71175,G
WiggleZ S15J151634231+03044575,229.14262949999997,3.079375,G
LEDA 3839250,225.90352580501957,41.48679207943722,G
NGP9 F268-0688711,192.03404166666667,36.352444444444444,G
SDSS J000746.43+095044.7,1.9434960000000003,9.845759,G
SDSS J142432.79+380221.2,216.13668508511662,38.039207911328894,G
WISE J180414.53+530908.9,271.0605395975971,53.15246865939222,G
SDSS J102019.02+100104.6,155.079273,10.017958000000002,G
SDSSCGB 41145.4,236.9573708333333,30.21432777777778,G
WISE J180805.57+553553.0,272.02324972934167,55.598036193836116,G
WiggleZ S15J150306639+05435887,225.7776626,5.733021,G
2dFGRS TGS389Z141,34.56916666666666,-30.773055555555555,G
COSMOS2015 1031977,149.7625833333333,2.869083333333333,G
SDSS J000259.38+123659.7,0.747428,12.616605,G
[RTG2015] 3841,53.15481,-27.797071,G
WISE J181538.01+550433.7,273.90837741431375,55.07600449175861,G
WISE J181215.18+614717.7,273.06315933533,61.7882612442286,G
COSMOS2015 1054697,149.88133333333332,2.902222222222222,G
LEDA  138285,14.393333333333333,-27.45072222222222,G
WiggleZ R01J005834596+01132090,14.644186,1.222445,G
COSMOS2015 1056436,149.79195833333333,2.904861111111111,G
WiggleZ R01J005903933-01332094,14.766424000000004,-1.5558450000000004,G
SDSS J102354.90+035440.2,155.978776,3.91119,G
WISE J184001.25+574636.8,280.0051878737388,57.77689032391306,G
WISE J044229.01-261503.7,70.62093030046417,-26.25104392409639,G
NGP9 F378-0507936,191.58520833333336,22.175333333333334,G
COSMOS2015 1046310,149.77700000000002,2.890388888888889,G
WISE J003303.54-244600.2,8.2647712276375,-24.766788955652498,G
DEEP2-GRS 14023325,215.70794,53.48797,G
WiggleZ S15J150451414+04555807,226.2142261,4.932798,G
6dFGS gJ222503.2-362829,336.2633230059,-36.47466453098,G
WiggleZ R01J005923400+00405208,14.8475364,0.681104,G
GAMA 936908,174.08854,0.8041700000000002,G
WiggleZ S15J151827041+07055822,229.61266979999996,7.099504,G
COSMOS2015 378449,150.01387499999998,1.8671944444444446,G
COSMOS2015 1040624,149.84137499999997,2.8826666666666667,G
WiggleZ R01J010023556-00152976,15.098187899999996,-0.25829399999999997,G
SDSS J152951.42+435002.0,232.46427611343,43.83389210771722,G
COSMOS2015 1042640,149.761625,2.885194444444444,G
SDSS J142524.26+432633.9,216.351087,43.442777,G
[RTG2015] 1695,53.184199,-27.808906,G
WiggleZ S15J150425275+02320427,226.10531369999998,2.53452,G
COSMOS2015 1044559,149.78570833333333,2.888333333333333,G
SDSSCGB 62437.3,257.39829166666664,29.307566666666666,G
WiggleZ R01J010007160+04180421,15.029872000000003,4.301141,G
WiggleZ S15J150207689+06525600,225.53203899999997,6.882222,G
WiggleZ R01J005935516-02203064,14.8980205,-2.341873,G
WISE J004916.81-203509.3,12.32012205063625,-20.5859233192125,G
SDSS J102839.80+111224.2,157.165856,11.206732,G
SWIRE J033405.85-271844.6,53.52441666666666,-27.312416666666667,G
SDSS J151603.86+435541.2,229.01612649502,43.92812003025639,G
WISE J044118.60-261752.4,70.32756712468459,-26.297848573241666,G
2MASX J04461428-2514529,71.55947695630249,-25.24797697578361,G
SDSSCGB 31113.5,125.8492125,14.756830555555554,G
[RTG2015] 1994,53.170232,-27.806877,G
SDSS J154859.90+461046.2,237.2496215924292,46.179493102681946,G
WiggleZ R01J005757064+00095421,14.487803400000008,0.165031,G
WiggleZ R01J005906832-01435340,14.778502,-1.731528,G
SDSSCGB 39993.2,223.42948790873996,23.2495871639,G
COSMOS2015 1037438,149.80783333333332,2.877666666666667,G
WiggleZ R01J005857038-00182053,14.7376959,-0.3057309999999999,G
COSMOS2015 249780,150.15241666666668,1.6615555555555555,G
COSMOS2015 1056790,149.8707083333333,2.9049166666666664,G
LEDA 2291245,236.00499999999997,47.03444444444444,G
WiggleZ R01J005756057+02012525,14.4836065,2.023653,G
[RTG2015] 3545,53.160713,-27.798591000000002,G
SDSS J212829.99+040229.4,322.124995,4.041510999999999,G
SDSS J121208.21-023115.9,183.03422399999997,-2.5211069999999993,G
WiggleZ S15J150203662+04394404,225.51526039999996,4.662233999999999,G
2dFGRS TGS498Z137,6.0625,-32.83166666666667,G
LEDA  123407,343.76256922577,-44.59881904507,G
WiggleZ R01J005836741-02092836,14.653123000000003,-2.157906,G
SDSS J143708.80+435424.2,219.28667099999998,43.90674,G
2MASX J18145572+6300200,273.7323160160188,63.005535211693896,G
SDSS J151721.31+043903.1,229.338791,4.650877,G
LCRS B004426.2-443024,11.696166666666667,-44.23391666666667,G
COSMOS2015 1059470,149.83829166666666,2.9086666666666665,G
GMP 5910,193.89875,27.979166666666664,G
COSMOS2015 1020457,149.79445833333332,2.854166666666667,G
LEDA 3362807,214.29661961526,61.98180252727,G
LCRS B015252.8-390129,28.7535,-38.780055555555556,G
LEDA 1726892,350.81643114247,25.14633740698,G
SDSS J073454.06+451613.5,113.72528600000001,45.270431,G
LEDA 2139708,173.3224593612271,38.92371171442888,G
COSMOS2015 1026729,149.83566666666667,2.8632222222222223,G
COSMOS2015 1039242,149.79383333333334,2.8805555555555555,G
WiggleZ R01J010013806-02440043,15.057563500000004,-2.73348,G
SDSS J151845.60+453125.9,229.69006183555746,45.52387750103555,G
WISE J155233.76+455658.4,238.14065373047083,45.949560750765826,G
2dFGRS TGS281Z032,5.860416666666667,-28.683888888888887,G
SDSS J151650.06+420153.0,229.20862494196126,42.03139325905695,G
LEDA  599483,9.126208333333333,-39.31613888888889,G
WiggleZ R01J005939148-03212838,14.913153999999999,-3.35791,G
COSMOS2015 1056582,149.86979166666663,2.9051388888888887,G
GAMA 3453854,139.58874,3.1982999999999997,G
Gaia DR3 4893684366970092416,69.87488011023542,-25.190958354242774,G
COSMOS2015 1053281,149.7625,2.8983333333333334,G
2MASX J00451521-3203575,11.31348252037,-32.06594641349001,G
GNS 4089,189.44229416666667,62.237054722222226,G
IRAS 23546+6421,359.29090446731,64.62765459777,G
WiggleZ R01J005927602+04332694,14.865046099999999,4.557455,G
COSMOS2015 1034277,149.87283333333335,2.8738055555555557,G
COSMOS2015 1045024,149.882,2.8885555555555555,G
COSMOS J095901.02+025327.7,149.75424999999996,2.8910277777777775,G
SDSS J150814.41+414135.7,227.0600673385154,41.693267269685556,G
NGP9 F322-1240566,191.42933333333332,28.435555555555556,G
WiggleZ S15J150252255+05563815,225.7177276,5.943931999999999,G
WISE J193141.62+552542.5,292.92347454974697,55.428475971554164,G
SDSS J133051.05+514853.9,202.71275,51.814977999999996,G
LCRS B234554.2-390824,357.12916666666666,-38.862,G
2dFGRS TGS204Z108,5.901666666666666,-27.90861111111111,G
LCRS B234054.8-391948,355.8867916666667,-39.052416666666666,G
WiggleZ R01J005952235+04450760,14.967683600000003,4.752084000000001,G
WISE J003516.19-235126.5,8.817411877139586,-23.857476671909446,G
WiggleZ S15J150317133+03565686,225.82138879999997,3.949127,G
SDSS J160450.65+471216.9,241.21106890372417,47.20470908708612,G
COSMOS2015 1043214,149.84879166666667,2.886138888888889,G
WiggleZ R01J005829493-01474631,14.622925000000004,-1.7962259999999997,G
LEDA  896851,14.378749999999998,-16.539444444444445,G
LEDA  702201,197.79,-31.69527777777778,G
WiggleZ R01J005839220-03160183,14.6634535,-3.2672030000000003,G
COSMOS2015 1052561,149.8273333333333,2.8994722222222222,G
SDSS J154703.08+454539.1,236.76286899223788,45.760881333720285,G
LEDA 2304190,170.64333333333335,47.77611111111111,G
WISE J182102.54+493546.2,275.2605732852387,49.59617151414389,G
SWIRE J033441.53-283846.9,53.67308333333333,-28.64638888888889,G
WISE J042608.04-263749.7,66.53355516993625,-26.630519168913338,G
WISE J043805.54-252514.7,69.52310487140582,-25.4208178944225,G
COSMOS2015 1050781,149.824875,2.8969166666666664,G
COSMOS2015 1054747,149.82325,2.89975,G
COSMOS2015 1038443,149.79216666666665,2.878888888888889,G
COSMOS2015 1036767,149.887875,2.876722222222222,G
GAMA 3033050,174.78081,0.22531,G
LEDA 1388989,172.09791666666666,11.114166666666666,G
SDSS J133151.24+424404.3,202.96352199999998,42.734548,G
2MASX J04430384-2639199,70.76586326852959,-26.655498963822776,G
LEDA  169194,185.94919696131998,14.797927598830002,G
SDSS J160618.84+462335.8,241.57851634400419,46.39326872945806,G
[RTG2015] 3726,53.170345,-27.797757,G
WiggleZ R01J005819041-00240909,14.579373899999998,-0.4025539999999999,G
WiggleZ R01J005904704-01474085,14.769637000000003,-1.794708,G
SDSS J003619.63+011047.0,9.081792,1.17975,G
2dFGRS TGS628Z096,28.017083333333332,-35.753055555555555,G
WISE J193329.92+460016.3,293.3747017962562,46.00453466077611,G
UVISTADR1 J095805.76+014006.9,149.524,1.6684999999999999,G
2MASX J18270645+5405203,276.7768293044591,54.089030338808605,G
SDSS J082159.82+320829.4,125.499291,32.141504,G
GAMA 3355843,141.29323,0.93463,G
COSMOS2015 1050296,149.839125,2.8968333333333334,G
2dFGRS TGS552Z026,3.4479166666666665,-34.98027777777778,G
WiggleZ S15J150445482+05163982,226.18950699999996,5.277726,G
LEDA 1005452,13.796666666666667,-8.302777777777779,G
SDSSCGB 39957.3,246.07800439981997,7.64484538307,G
[RTG2015] 4832,53.157853,-27.788225,G
LEDA 2546132,175.52249999999998,56.736111111111114,G
WiggleZ R00J232141797-04055360,350.4241541667,-4.098225,G
SDSS J151634.13+422833.9,229.14224184327458,42.47609548181639,G
[CBS2006]  3361,53.192596,-27.798766,G
[RTG2015] 4772,53.137162000000004,-27.787991,G
LCRS B005743.7-391236,15.015541666666666,-38.940777777777775,G
NGP9 F378-0253779,191.78991666666667,23.662694444444444,G
COSMOS2015 388074,150.45173,1.8820999999999999,G
GMP 6605,193.51583333333332,27.95583333333333,G
2dFGRS TGN123Z330,184.81166666666667,-4.8983333333333325,G
WiggleZ S15J150239316+06260242,225.66381499999997,6.434007,G
LCRS B010254.3-421643,16.297749999999997,-42.01116666666667,G
WiggleZ R01J005804853-01380037,14.520259,-1.6334629999999994,G
WISE J190931.07+525012.1,287.3794733890287,52.83670110279473,G
SDSS J002508.37+155226.1,6.284900000000001,15.873928,G
WISE J192708.97+441133.3,291.7874099205079,44.19257627370249,G
2dFGRS TGS498Z154,5.923749999999999,-32.59861111111111,G
WiggleZ R01J010022981-00484951,15.095789400000003,-0.81378,G
WISE J043431.84-242755.6,68.63264851251624,-24.465470104976117,G
WiggleZ S15J150431604-01233182,226.13168509999997,-1.3921720000000002,G
SDSS J152138.63+461336.0,230.41097298569125,46.22667229027445,G
LEDA 3090126,250.83449830142996,19.68544806926,G
SDSS J101638.70+091946.1,154.161288,9.329494,G
COSMOS2015 1026547,149.88870833333334,2.862777777777778,G
COSMOS2015 1053261,149.8915,2.8997777777777776,G
2MASX J19533435-0026320,298.39305161828,-0.4421742777399999,G
VIPERS 113162436,33.102462,-4.881608,G
LCRS B003442.7-411516,9.281207344915416,-40.979353505232226,G
COSMOS2015 247473,149.48208333333332,1.658611111111111,G
WiggleZ S15J150236860+02333663,225.65358419999998,2.5601740000000004,G
LCRS B231706.0-385218,349.956125,-38.597861111111115,G
COSMOS2015 296819,149.90854166666665,1.7381388888888891,G
WiggleZ R01J005849937+01184747,14.708108500000003,1.313158,G
SDSS J002159.67+105105.3,5.498664,10.851488,G
COSMOS2015 1040693,149.87737499999997,2.8832222222222224,G
COSMOS2015 998013,150.10416666666666,2.8226666666666667,G
SDSS J152010.70+440741.9,230.04461437029835,44.12830962972333,G
WiggleZ R01J010034745-00081499,15.1448094,-0.137525,G
[RTG2015] 4760,53.202985,-27.787912,G
SDSS J031640.74+405149.8,49.16975099999999,40.863855,G
2dFGRS TGS284Z171,7.876291666666665,-29.082388888888886,G
2MASX J18452564+5012536,281.3567779705237,50.214821195851115,G
2MASX J18340514+4502447,278.52167611421123,45.04563352083555,G
WISE J045000.72-241742.7,72.50301954102291,-24.295128650988058,G
SDSS J031620.35+411956.2,49.084806,41.332288,G
LEDA 2340206,248.25875,49.339444444444446,G
WiggleZ R01J005929762+01494928,14.874046,1.830328,G
[KBB2019b] J015555.826-554310.49,28.98260833333334,-55.71958055555556,G
LCRS B001300.1-421633,3.875583333333333,-41.998111111111115,G
COSMOS2015 1041141,149.76983333333334,2.8816111111111113,G
LCRS B011847.6-390015,20.262458333333335,-38.74252777777778,G
COSMOS2015 1020251,149.81025,2.8527222222222224,G
SDSS J214026.80+091115.7,325.111679,9.187713,G
2dFGRS TGN135Z097,199.20708333333334,-3.435,G
WISE J044545.23-250241.4,71.43850231728666,-25.04481336701444,G
GAMA 952555,179.93916,-0.6320800000000001,G
WiggleZ S15J150227775+04272568,225.6157292,4.457132999999999,G
COSMOS2015 254716,150.4669166666667,1.670111111111111,G
SDSS J151258.86+404735.6,228.24527521574456,40.793210325642775,G
WISE J011049.53-225605.0,17.70642193697042,-22.934758501623335,G
WISE J191720.96+464332.3,289.33745910552,46.72565151543,G
WiggleZ R01J010040004-01534717,15.166718500000002,-1.8964630000000002,G
SDSS J083343.37+185211.8,128.430724,18.869958,G
[RTG2015] 4797,53.161928,-27.788096,G
COSMOS2015 1053933,149.87495833333332,2.900777777777778,G
WiggleZ R01J005817884-01213812,14.574553000000002,-1.3606160000000003,G
LCRS B232058.5-382638,350.92058333333335,-38.16933333333333,G
WiggleZ R01J005958970-03330285,14.995744000000002,-3.5508200000000003,G
LEDA  553524,197.54375000000002,-43.07777777777778,G
WISE J043055.21-245426.7,67.73008415340624,-24.907453988793886,G
2dFGRS TGS361Z004,3.4879166666666666,-30.554722222222225,G
2MASX J00451668-2856597,11.319444742710001,-28.949896014159997,G
WiggleZ R01J010023730+01204443,15.098911000000003,1.3456470000000003,G
LEDA 2143042,149.01884836882,39.08529131283,G
WISE J190712.19+471419.8,286.80079263244124,47.23883126541334,G
SDSS J094131.51+104647.3,145.381315,10.779832,G
LEDA 1413521,348.04541666666665,12.649444444444445,G
SDSS J101525.74+104101.7,153.857273,10.683831000000001,G
LCRS B000631.6-413208,2.2641666666666667,-41.257333333333335,G
WISE J062847.75-725914.1,97.1989643722525,-72.98724540130584,G
LCRS B005921.6-413128,15.41695833333333,-41.25575,G
[FBC2017] J051724.3-544413.3,79.35125000000001,-54.73702777777778,G
WiggleZ S15J150304752+01003687,225.7698019,1.010241,G
VIPERS 411024266,334.468157,1.848409,G
GAMA 3371069,141.12178,1.2921199999999997,G
COSMOS2015 1023923,149.77208333333328,2.8584444444444443,G
COSMOS J095903.80+025129.4,149.76583333333332,2.8581666666666665,G
WISE J181305.31+491735.4,273.27214282786167,49.29310649700361,G
GAMA 3370580,140.66917,1.2803299999999997,G
SDSSCGB 7117.1,175.76352491061,44.56079052675,G
COSMOS2015 1042150,149.7557083333333,2.8848333333333334,G
COSMOS2015 1051017,149.885,2.897111111111111,G
WiggleZ S15J150204124+03223019,225.5171852,3.375051,G
GAMA J092109.41-002239.6,140.28924,-0.37767000000000006,G
SDSS J142739.08+371053.2,216.91286401936833,37.181463907359436,G
SDSSCGB 28712.4,111.73879166666669,41.69633333333333,G
SDSSCGB 8556.3,174.341,19.920036111111113,G
[RTG2015] 3712,53.141597,-27.797864,G
COSMOS2015 1019482,149.882125,2.8536111111111113,G
GAMA J092242.00-000027.7,140.67502,-0.0077,G
WISE J011730.45-493116.3,19.37699760066916,-49.52124459520999,G
SDSS J150404.69+011556.8,226.01957,1.265793,G
WiggleZ R01J010017451+01050044,15.072748000000002,1.083428,G
SDSS J093518.19+050323.6,143.825819,5.056562999999999,G
[RTG2015] 3515,53.14162,-27.798619,G
TKRS 11345,189.4173479166667,62.23349638888889,G
LCRS B234856.3-394055,357.885125,-39.40372222222222,G
NGP9 F322-1876326,187.74845833333333,26.37061111111111,G
SDSS J142235.85+363935.3,215.64939276564044,36.6598162071475,G
WiggleZ S15J150358744+00562997,225.99476589999998,0.941659,G
WiggleZ R01J005823728-01195624,14.5989025,-1.332318,G
WiggleZ S15J150420146+04271276,226.08394259999997,4.453544,G
WiggleZ R01J005752357-00534697,14.4681894,-0.8964080000000003,G
COSMOS2015 1030893,149.81795833333334,2.8686666666666665,G
SDSS J095735.54+052152.7,149.398089,5.364662,G
COSMOS2015 1025148,149.7989583333333,2.860333333333333,G
WISE J192743.56+455728.2,291.9314779756712,45.95788410440001,G
LCRS B000300.4-420716,1.3877083333333333,-41.84269444444445,G
2dFGRS TGS282Z225,5.741249999999999,-29.304444444444446,G
2dFGRS TGS074Z209,351.77815155702,-24.91106542124,G
LEDA  846770,198.95416666666665,-20.06416666666667,G
[RTG2015] 3786,53.192503,-27.797444,G
WiggleZ S15J150330193+06094052,225.8758034,6.161256,G
SDSS J154504.29+440530.8,236.26790038001292,44.091891828025,G
WiggleZ R01J005949881+00414887,14.957873400000004,0.69688,G
WiggleZ S15J150723641+02562222,226.84850599999996,2.939504,G
WiggleZ S15J150338178+05134701,225.9090763,5.229725000000001,G
COSMOS2015 1056314,149.77291666666665,2.9043333333333337,G
LCRS B000340.9-381927,1.5566250000000001,-38.04575,G
SDSSCGB 15710.3,131.0798458333333,54.91571666666667,G
LEDA 3795898,191.67752768736997,22.44020421227,G
SDSS J093210.65+002745.4,143.044402,0.46262299999999995,G
[RTG2015] 3522,53.193866,-27.798607,G
WiggleZ S15J150324094+06110690,225.85039269999996,6.185251,G
WISE J042255.31-263141.5,65.73054157559832,-26.528263501608887,G
SDSSCGB 67951.2,127.85504999999998,42.06289722222222,G
WiggleZ S15J150158274+01400973,225.4928069,1.669368,G
COSMOS2015 1037435,149.80762499999997,2.876861111111111,G
SDSS J005427.25+005420.9,13.613561,0.905825,G
SDSS J151638.68+441033.7,229.16118452958167,44.1760174827975,G
WISE J043958.01-265546.3,69.9917643884675,-26.92957475250778,G
SWIRE J032755.15-280749.4,51.97983333333334,-28.130388888888888,G
SDSS J005139.42+001719.5,12.914298,0.288857,G
WiggleZ R01J005937393+01133227,14.905842999999999,1.2256029999999998,G
GAMA 3355544,140.15291,0.8969499999999998,G
SDSS J152927.40+460042.6,232.36417061259246,46.01182416166471,G
2MFGC 14215,271.9474166666667,24.039652777777782,G
SDSS J041251.72-060606.4,63.215532,-6.101786,G
WISE J044458.31-260735.7,71.24299364588333,-26.12661382972722,G
NGP9 F322-1014662,192.48633333333333,28.872638888888886,G
SDSS J092937.30+121932.6,142.405442,12.325733,G
WISE J191522.42+583646.3,288.84337126493494,58.61288433047501,G
WiggleZ S15J150344441+06024670,225.93516939999998,6.046306,G
WiggleZ R01J005945569-03043879,14.9399095,-3.077471,G
WiggleZ S15J151703285+06542316,229.2636885,6.906434,G
WISE J044511.45-234735.5,71.29769882860124,-23.793211192900557,G
2dFGRS TGS438Z248,5.959583333333333,-31.939722222222223,G
WISE J182733.95+553240.4,276.8913655305537,55.54454037077167,G
COSMOS2015 1042173,149.86179166666665,2.8844722222222225,G
WISE J044120.46-265154.5,70.33521146494084,-26.86520958099361,G
LEDA  928929,355.9955,-14.105555555555556,G
COSMOS2015 1053081,149.84854166666665,2.900166666666667,G
SDSS J140459.42+345842.2,211.2476185922012,34.9784122205686,G
WiggleZ S15J150158489+03421112,225.4937046,3.703088,G
COSMOS2015 1054388,149.819875,2.9016944444444444,G
WISE J080736.10-680438.7,121.90042855338625,-68.0774479380225,G
WiggleZ S15J150247372+05010315,225.69738389999998,5.017542000000001,G
GNS 160,189.11128208333332,62.141706944444444,G
LEDA 1392446,160.54958333333332,11.36111111111111,G
SDSS J150349.94-002853.4,225.958117,-0.48151,G
WiggleZ R01J005844941-01474302,14.687293000000004,-1.795312,G
LEDA 2613680,199.60625000000002,61.197222222222216,G
LEDA  987765,19.767916666666668,-9.68888888888889,G
LCRS B001622.7-415658,4.716375,-41.67191666666667,G
2MASX J00452695-2654487,11.362397101930002,-26.913620947620004,G
WiggleZ R01J005818848-01190914,14.578568500000001,-1.319234,G
COSMOS2015 1040535,149.880125,2.882444444444445,G
WiggleZ R01J010000511+01063368,15.002165499999998,1.1093279999999999,G
SDSS J021233.01-005125.4,33.137575,-0.8570800000000001,G
WiggleZ R01J005820549-01462322,14.585657500000003,-1.773146,G
WISE J182657.46+562247.8,276.73942631909244,56.379904480270554,G
VIPERS 118102246,37.96751,-5.109947,G
2dFGRS TGN346Z227,218.32808333333335,0.48158333333333336,G
COSMOS2015 1035741,149.81466666666665,2.87575,G
2MFGC 17672,353.22110000000004,-23.15884722222222,G
SDSS J163505.42+285639.2,248.77258999999998,28.944242,G
2MASX J18125454+6027113,273.22719948497917,60.453291701068615,G
WiggleZ R01J005814227-00330355,14.559317399999998,-0.551013,G
WiggleZ S15J150418099+06563917,226.0754137,6.944214999999999,G
WISE J183505.54+595125.0,278.77300205242665,59.85699214663751,G
SDSS J132150.89+385641.0,200.462046,38.94474000000001,G
GAMA J092248.36+002712.9,140.70151,0.4536,G
LEDA 2382613,33.21041666666667,50.8125,G
2dFGRS TGS322Z060,52.86595833333333,-28.372944444444443,G
WISE J044308.18-244729.8,70.78408073496584,-24.79148479522528,G
SDSS J095558.57+090538.5,148.994064,9.094042,G
WiggleZ S15J150414897+00231135,226.0620704,0.386487,G
2MASX J21443440-4224579,326.14340276869,-42.41624858043,G
SDSS J213835.91+031835.4,324.649626,3.3098500000000004,G
GAMA J092436.04-000343.3,141.15017,-0.062040000000000005,G
SDSS J083703.28+230824.7,129.263667,23.140204,G
COSMOS2015 1024172,149.80225,2.859194444444445,G
WiggleZ R01J005932576+00163238,14.8857699,0.2756330000000001,G
LCRS B003739.4-442915,10.009041666666665,-44.21308333333334,G
WiggleZ R01J010036005-02330752,15.150059500000003,-2.5521169999999995,G
SDSS J111814.37+135939.3,169.559907,13.994263,G
GAMA 3065509,173.66695,0.7282700000000001,G
GNS 2331,189.30474416666667,62.25519972222222,G
LEDA  870600,340.41558333333336,-18.24897222222222,G
WiggleZ R01J005843365-02242961,14.680722999999999,-2.408252,G
COSMOS2015 1018719,149.74929166666666,2.851388888888889,G
SWIRE J032947.55-290459.1,52.448166666666665,-29.083083333333335,G
SDSSCGB 26905.1,167.69436881672,6.476896510949999,G
COSMOS2015 1047651,149.7637083333333,2.892,G
LEDA 3755947,156.93092668168,20.378515855810004,G
WiggleZ R01J005951196+04522882,14.963354600000002,4.874645,G
LEDA  108224,11.850583333333335,-39.47213888888889,G
2MASX J18430484+5649012,280.76999852682957,56.816926197410005,G
WiggleZ R01J005945915+01081246,14.941351000000001,1.1367669999999999,G
COSMOS2015 1056682,149.835625,2.904472222222222,G
2MASX J00474995-2122032,11.958076457865834,-21.367624647528608,G
2MASX J19180997+4753342,289.5414560260759,47.89277508169528,G
WiggleZ R01J005826154+03442669,14.609011000000002,3.7407200000000005,G
SDSS J154838.11+442105.6,237.1587867292946,44.35156922304555,G
GOODS J123626.99+621317.2,189.1123793,62.2214767,G
WISE J181341.38+622036.2,273.42249444977153,62.34338358769944,G
SDSS J080352.29+252719.0,120.96791300000002,25.455283,G
WISE J044520.26-254444.8,71.334414507925,-25.74580322841139,G
SDSS J092156.59+311531.9,140.485827,31.258870999999996,G
SDSS J154542.03+461139.7,236.42514641230167,46.19437826404249,G
SDSS J094406.01+020132.6,146.025071,2.025736,G
WiggleZ S15J150452617+06421279,226.21923779999997,6.703552000000001,G
WiggleZ S15J150359699+03574958,225.998747,3.9637719999999996,G
WiggleZ S15J150327740+06081185,225.8655842,6.136623999999999,G
WiggleZ S15J150328006+06403831,225.86669329999998,6.677309,G
WISE J061510.81-721837.1,93.79496533638542,-72.31029361492443,G
2dFGRS TGS302Z098,27.586666666666666,-29.092222222222222,G
COSMOS2015 1016212,149.75120833333332,2.8484722222222225,G
WISE J180849.58+602740.6,272.2066160647062,60.46128985891695,G
COSMOS2015 1041645,149.79404166666666,2.882833333333333,G
COSMOS2015 1028114,149.85141666666664,2.8652222222222226,G
2MASX J18081467+5932570,272.0610037098129,59.54929416832333,G
COSMOS2015 1027895,149.80979166666668,2.8653333333333335,G
2MASX J04282654-2559209,67.11060101133835,-25.989233993442497,G
[RTG2015] 4779,53.19217,-27.788006,G
COSMOS2015 1032252,149.74225,2.87125,G
LEDA 1588138,159.91166666666666,19.31861111111111,G
WiggleZ R01J005914799-01080293,14.8117,-1.1341759999999999,G
WiggleZ R01J005751742+04155079,14.465629,4.264079,G
SDSS J132621.70+471711.8,201.59042399999998,47.286612000000005,G
SDSS J002434.81-052443.3,6.145071,-5.412038,G
WISE J011711.44-491120.7,19.29775206322375,-49.189107923577495,G
WISE J043254.71-251045.4,68.22796405863167,-25.179269039095,G
WiggleZ S15J150254991+05522201,225.7291286,5.872780999999999,G
2MASX J04281721-2552549,67.07177598259207,-25.882057017529725,G
SDSSCGB 24672.4,243.89641666666668,50.44861944444445,G
SDSS J150429.34-022527.9,226.12228535756,-2.42444180656,G
WiggleZ R01J005902194+00380069,14.759177400000002,0.633497,G
2dFGRS TGS569Z317,27.63541666666667,-34.5825,G
WiggleZ S15J150231893+06251539,225.6328873,6.420941,G
COSMOS2015 1021752,149.7785,2.856361111111111,G
LEDA  163306,324.7708333333333,-51.12888888888889,G
WiggleZ S15J151921795+06111775,229.84081170000002,6.188263,G
WISE J044355.63-242035.0,70.981820052045,-24.34303626451805,G
SDSS J090544.36+223342.2,136.434861,22.561748000000005,G
COSMOS2015 1046805,149.88145833333334,2.8913333333333333,G
WiggleZ S15J151906969+05382652,229.77903820000003,5.640699000000001,G
AM 0030-260,8.3125,-25.833333333333332,G
WiggleZ R01J005832700-00544543,14.636288400000002,-0.9126470000000003,G
SDSS J154937.54+473744.1,237.40643277914455,47.628915754154164,G
COSMOS2015 1018681,149.85066666666665,2.8505833333333337,G
WISE J005207.72-234028.2,13.03219649320125,-23.67451827470917,G
WISE J181556.66+525555.1,273.98611464175167,52.932044643628885,G
SDSS J142544.02+371434.1,216.43345746964079,37.24281741215973,G
WiggleZ S15J150259179+01153335,225.7465811,1.2592640000000002,G
WISE J194059.38+520736.8,295.24743274347463,52.12690952555556,G
2MASX J18235901+4627192,275.9959339407288,46.455196980378894,G
WiggleZ S15J150152292+04344949,225.4678833333,4.5804138889,G
GAMA 3914763,174.091,-1.10365,G
SDSSCGB 36610.2,131.0095375,19.905822222222223,G
WiggleZ R01J005925138+00545569,14.854779899999999,0.9154419999999996,G
Anon J170617+4404,256.570469,44.076151,G
COSMOS2015 263201,150.79666666666665,1.6819166666666665,G
WiggleZ S15J150132323+02113614,225.38467789999999,2.1933719999999997,G
2dFGRS TGS282Z092,5.857083333333333,-28.360000000000003,G
UDF  3589,53.194648,-27.797711,G
WiggleZ S15J150206075+03080348,225.5253144,3.1343,G
COSMOS2015 1030991,149.7793333333333,2.8665833333333333,G
LEDA 2701831,201.08625,67.54833333333333,G
2dFGRS TGS204Z111,5.885,-27.318055555555556,G
MCL 67 024650.6-305955,42.239999999999995,-30.791666666666668,G
COSMOS2015 1045785,149.87724999999998,2.890111111111111,G
SDSS J151733.66+434820.7,229.3902872050196,43.80574291462499,G
2MASX J23583054+5202419,359.62722511506,52.04499245969,G
SDSS J023708.22+001838.0,39.28425699999999,0.3105649999999999,G
2MASX J18061870+5920590,271.5780421753013,59.34964690371055,G
LCRS B235018.0-413223,358.2248333333334,-41.26155555555555,G
COSMOS2015 1056886,149.87666666666667,2.902861111111111,G
SDSSCGB 15146.4,247.287125,12.598422222222226,G
COSMOS2015 1040228,149.806875,2.8820555555555556,G
2MFGC 13921,263.6086416666666,-14.481399999999997,G
WISE J180753.25+471331.3,271.9718277079454,47.22534306489833,G
COSMOS2015 1020848,149.81145833333332,2.8538055555555557,G
COSMOS2015 1053402,149.82079166666668,2.900611111111111,G
[RTG2015] 1689,53.161748,-27.808938,G
2MFGC 13452,252.09307788111997,-4.13871159874,G
COSMOS2015 1047140,149.83308333333332,2.891611111111111,G
COSMOS2015 1051625,149.76637499999998,2.8974166666666665,G
LCRS B012610.6-391346,22.101,-38.97094444444445,G
COSMOS2015 1054990,149.758875,2.902527777777778,G
LEDA  786311,86.80708436635791,-24.766909562473057,G
COSMOS2015 1037221,149.79004166666667,2.877972222222222,G
